workload,scene,target_workers,seed,target_acceptance,qe_radius,qe_clean_acceptance,prtd_relative_weight,prtd_clean_acceptance
Climate_n27,Climate,27,20260808,0.96,0.0332531986749475,0.960144927536232,0.0903372820801808,0.9583333333333334
Climate_n27,Climate,27,20260814,0.96,0.0325943260623424,0.960144927536232,0.0316257953086999,0.9583333333333334
Climate_n27,Climate,27,20260820,0.96,0.0353486571958078,0.960144927536232,0.0408203436518208,0.9583333333333334
Climate_n27,Climate,27,20260826,0.96,0.0350922990872995,0.960144927536232,0.0814288385061378,0.9583333333333334
Climate_n27,Climate,27,20260832,0.96,0.0337381789870509,0.960144927536232,0.1691879539054173,0.9583333333333334
Climate_n39,Climate,39,20260808,0.96,0.0340901830402931,0.9604449938195304,0.1016535345811363,0.9592088998763906
Climate_n39,Climate,39,20260814,0.96,0.0341553225751137,0.9604449938195304,0.1662411367809794,0.9592088998763906
Climate_n39,Climate,39,20260820,0.96,0.0339214474829893,0.9604449938195304,0.1172097163655292,0.9592088998763906
Climate_n39,Climate,39,20260826,0.96,0.0333265523208616,0.9604449938195304,0.1652558265780139,0.9592088998763906
Climate_n39,Climate,39,20260832,0.96,0.0339240352147951,0.9604449938195304,0.1599781220997754,0.9592088998763906
Traffic_n27,Traffic,27,20260808,0.96,0.0119987802402452,0.9606164383561644,0.0461681675324759,0.958904109589041
Traffic_n27,Traffic,27,20260814,0.96,0.012910625299163,0.9606164383561644,0.0891859562397269,0.958904109589041
Traffic_n27,Traffic,27,20260820,0.96,0.0115437969003799,0.9606164383561644,0.0624335610312183,0.958904109589041
Traffic_n27,Traffic,27,20260826,0.96,0.0116548251093284,0.9606164383561644,0.0524743724700927,0.958904109589041
Traffic_n27,Traffic,27,20260832,0.96,0.0110543307981893,0.9606164383561644,0.1255980475024266,0.958904109589041
Traffic_n39,Traffic,39,20260808,0.96,0.0114425427950535,0.9610027855153204,0.0965857193426434,0.9596100278551531
Traffic_n39,Traffic,39,20260814,0.96,0.0108576888208566,0.9610027855153204,0.0849039103112007,0.9596100278551531
Traffic_n39,Traffic,39,20260820,0.96,0.0106558474722141,0.9610027855153204,0.1423625970176666,0.9596100278551531
Traffic_n39,Traffic,39,20260826,0.96,0.0104014605443345,0.9610027855153204,0.1879835513915851,0.9596100278551531
Traffic_n39,Traffic,39,20260832,0.96,0.011892068100477,0.9610027855153204,0.2022318801292299,0.9596100278551531
Water_n27,Water,27,20260808,0.96,0.0253767758839339,0.9600840336134454,0.0533155712317421,0.957983193277311
Water_n27,Water,27,20260814,0.96,0.0254347347920228,0.9600840336134454,0.0006287770481773,0.957983193277311
Water_n27,Water,27,20260820,0.96,0.0255516089350043,0.9600840336134454,0.0119056536735818,0.957983193277311
Water_n27,Water,27,20260826,0.96,0.024343446915324,0.9600840336134454,0.020277599803514,0.957983193277311
Water_n27,Water,27,20260832,0.96,0.0244525273507141,0.9600840336134454,0.0018737867094151,0.957983193277311
Water_n39,Water,39,20260808,0.96,0.0241301423315819,0.9611111111111112,0.1030852470253601,0.9597222222222224
Water_n39,Water,39,20260814,0.96,0.0241398222149617,0.9611111111111112,0.0909726534234666,0.9597222222222224
Water_n39,Water,39,20260820,0.96,0.0247187037088862,0.9611111111111112,0.1227384439081841,0.9597222222222224
Water_n39,Water,39,20260826,0.96,0.0240746502177165,0.9611111111111112,0.0603619808444618,0.9597222222222224
Water_n39,Water,39,20260832,0.96,0.0245443153624145,0.9611111111111112,0.1060384404479849,0.9597222222222224
Climate_n27,Climate,27,20260809,0.96,0.0346673509608729,0.960144927536232,0.1067000207571112,0.9583333333333334
Climate_n27,Climate,27,20260815,0.96,0.0342630134237994,0.960144927536232,0.0784521020986298,0.9583333333333334
Climate_n27,Climate,27,20260821,0.96,0.0345072537053134,0.960144927536232,0.0352621848161049,0.9583333333333334
Climate_n27,Climate,27,20260827,0.96,0.0351950362274571,0.960144927536232,0.0475564331503599,0.9583333333333334
Climate_n27,Climate,27,20260833,0.96,0.0343510397829121,0.960144927536232,0.0562531738653996,0.9583333333333334
Climate_n39,Climate,39,20260809,0.96,0.0352268011266194,0.9604449938195304,0.1312312046109635,0.9592088998763906
Climate_n39,Climate,39,20260815,0.96,0.0336073951908919,0.9604449938195304,0.1880237072001983,0.9592088998763906
Climate_n39,Climate,39,20260821,0.96,0.0335507137522029,0.9604449938195304,0.0935661911508239,0.9592088998763906
Climate_n39,Climate,39,20260827,0.96,0.0339426966286562,0.9604449938195304,0.154454504539286,0.9592088998763906
Climate_n39,Climate,39,20260833,0.96,0.0338799780814502,0.9604449938195304,0.1470854256998941,0.9592088998763906
Traffic_n27,Traffic,27,20260809,0.96,0.0112114405478474,0.9606164383561644,0.1261881144109816,0.958904109589041
Traffic_n27,Traffic,27,20260815,0.96,0.0143284028067391,0.9606164383561644,0.068578299932765,0.958904109589041
Traffic_n27,Traffic,27,20260821,0.96,0.0123620821653021,0.9606164383561644,0.0920839570292046,0.958904109589041
Traffic_n27,Traffic,27,20260827,0.96,0.0116478074699711,0.9606164383561644,0.1353285040724242,0.958904109589041
Traffic_n27,Traffic,27,20260833,0.96,0.0129023081836798,0.9606164383561644,0.0830852506159999,0.958904109589041
Traffic_n39,Traffic,39,20260809,0.96,0.0098417637067774,0.9610027855153204,0.1039247626466456,0.9596100278551531
Traffic_n39,Traffic,39,20260815,0.96,0.0106934797112059,0.9610027855153204,0.1483796133468961,0.9596100278551531
Traffic_n39,Traffic,39,20260821,0.96,0.0116668886510661,0.9610027855153204,0.1215859350661322,0.9596100278551531
Traffic_n39,Traffic,39,20260827,0.96,0.0103582777120721,0.9610027855153204,0.1852909919150275,0.9596100278551531
Traffic_n39,Traffic,39,20260833,0.96,0.0105790711655412,0.9610027855153204,0.0889190301020552,0.9596100278551531
Water_n27,Water,27,20260809,0.96,0.0245216314657878,0.9600840336134454,0.027672332317434,0.957983193277311
Water_n27,Water,27,20260815,0.96,0.0250139998866166,0.9600840336134454,0.0066844387413265,0.957983193277311
Water_n27,Water,27,20260821,0.96,0.0243155793887164,0.9600840336134454,0.015307771342776,0.957983193277311
Water_n27,Water,27,20260827,0.96,0.0254058921335584,0.9600840336134454,0.0173795818341075,0.957983193277311
Water_n27,Water,27,20260833,0.96,0.0252028675413261,0.9600840336134454,0.0136487734308084,0.957983193277311
Water_n39,Water,39,20260809,0.96,0.0243538704172225,0.9611111111111112,0.120313603077278,0.9597222222222224
Water_n39,Water,39,20260815,0.96,0.0238006401899512,0.9611111111111112,0.0700029897667473,0.9597222222222224
Water_n39,Water,39,20260821,0.96,0.0237048928689903,0.9611111111111112,0.0794308043359596,0.9597222222222224
Water_n39,Water,39,20260827,0.96,0.0240476747612445,0.9611111111111112,0.090130259413404,0.9597222222222224
Water_n39,Water,39,20260833,0.96,0.0241051718284068,0.9611111111111112,0.1054336756739552,0.9597222222222224
Climate_n27,Climate,27,20260810,0.96,0.0333898034311819,0.960144927536232,0.0338930031471922,0.9583333333333334
Climate_n27,Climate,27,20260816,0.96,0.0343691799180393,0.960144927536232,0.1416468505434979,0.9583333333333334
Climate_n27,Climate,27,20260822,0.96,0.0337354302317363,0.960144927536232,0.0340435238025242,0.9583333333333334
Climate_n27,Climate,27,20260828,0.96,0.0344452293202612,0.960144927536232,0.092149623486338,0.9583333333333334
Climate_n27,Climate,27,20260834,0.96,0.0332284557500981,0.960144927536232,0.1287701006062556,0.9583333333333334
Climate_n39,Climate,39,20260810,0.96,0.0331246570098003,0.9604449938195304,0.1614844318268259,0.9592088998763906
Climate_n39,Climate,39,20260816,0.96,0.0336777038552,0.9604449938195304,0.1252530936900058,0.9592088998763906
Climate_n39,Climate,39,20260822,0.96,0.0351635433563418,0.9604449938195304,0.180477830721954,0.9592088998763906
Climate_n39,Climate,39,20260828,0.96,0.0346388486217111,0.9604449938195304,0.1208280249248795,0.9592088998763906
Climate_n39,Climate,39,20260834,0.96,0.0340849810038222,0.9604449938195304,0.1716097641521848,0.9592088998763906
Traffic_n27,Traffic,27,20260810,0.96,0.0116921372657482,0.9623287671232876,0.0482899653619791,0.958904109589041
Traffic_n27,Traffic,27,20260816,0.96,0.0118019737767098,0.9606164383561644,0.1033718719904189,0.958904109589041
Traffic_n27,Traffic,27,20260822,0.96,0.012034230198103,0.9606164383561644,0.1072650990385181,0.958904109589041
Traffic_n27,Traffic,27,20260828,0.96,0.0120142357591031,0.9606164383561644,0.0998605755238984,0.958904109589041
Traffic_n27,Traffic,27,20260834,0.96,0.0118119475038928,0.9606164383561644,0.0830670155215259,0.958904109589041
Traffic_n39,Traffic,39,20260810,0.96,0.0100838837274231,0.9610027855153204,0.1283357865285659,0.9596100278551531
Traffic_n39,Traffic,39,20260816,0.96,0.010715426632963,0.9610027855153204,0.1907061366536737,0.9596100278551531
Traffic_n39,Traffic,39,20260822,0.96,0.0115188567152117,0.9610027855153204,0.117912536411594,0.9596100278551531
Traffic_n39,Traffic,39,20260828,0.96,0.0109558244019243,0.9610027855153204,0.1665542287424446,0.9596100278551531
Traffic_n39,Traffic,39,20260834,0.96,0.0106866504510486,0.9610027855153204,0.0890660254384874,0.9596100278551531
Water_n27,Water,27,20260810,0.96,0.0244610767783995,0.9600840336134454,0.0217798861297562,0.957983193277311
Water_n27,Water,27,20260816,0.96,0.0251738046023823,0.9600840336134454,0.0134186191465796,0.957983193277311
Water_n27,Water,27,20260822,0.96,0.0255165106712786,0.9600840336134454,0.0352678764104466,0.957983193277311
Water_n27,Water,27,20260828,0.96,0.0253432687344933,0.9600840336134454,0.003802214984631,0.957983193277311
Water_n27,Water,27,20260834,0.96,0.0251570147655294,0.9600840336134454,0.0124642472884058,0.957983193277311
Water_n39,Water,39,20260810,0.96,0.0240674918375863,0.9611111111111112,0.1147117852551138,0.9597222222222224
Water_n39,Water,39,20260816,0.96,0.0241907680081315,0.9611111111111112,0.0925190853558082,0.9597222222222224
Water_n39,Water,39,20260822,0.96,0.0248193520560177,0.9611111111111112,0.0703072970192672,0.9597222222222224
Water_n39,Water,39,20260828,0.96,0.0244159734262123,0.9611111111111112,0.0525953164157199,0.9597222222222224
Water_n39,Water,39,20260834,0.96,0.0243395545293023,0.9611111111111112,0.1309995547950764,0.9597222222222224
Climate_n27,Climate,27,20260811,0.96,0.0346376888038835,0.960144927536232,0.0586394138462039,0.9583333333333334
Climate_n27,Climate,27,20260817,0.96,0.0340563652582016,0.960144927536232,0.1194746788090451,0.9583333333333334
Climate_n27,Climate,27,20260823,0.96,0.0337539598936371,0.960144927536232,0.0443674578361352,0.9583333333333334
Climate_n27,Climate,27,20260829,0.96,0.0339142478778844,0.960144927536232,0.0896981138270269,0.9583333333333334
Climate_n27,Climate,27,20260835,0.96,0.0341528273368367,0.960144927536232,0.0831628957970404,0.9583333333333334
Climate_n39,Climate,39,20260811,0.96,0.034446449900875,0.9604449938195304,0.1458949714848806,0.9592088998763906
Climate_n39,Climate,39,20260817,0.96,0.0338159736927353,0.9604449938195304,0.157469853606141,0.9592088998763906
Climate_n39,Climate,39,20260823,0.96,0.0335730504291708,0.9604449938195304,0.2150372960519971,0.9592088998763906
Climate_n39,Climate,39,20260829,0.96,0.034335915055091,0.9604449938195304,0.1685024540644454,0.9592088998763906
Climate_n39,Climate,39,20260835,0.96,0.0350584404703814,0.9604449938195304,0.1952279932362938,0.9592088998763906
Traffic_n27,Traffic,27,20260811,0.96,0.0115282625170363,0.9606164383561644,0.0806409548026955,0.958904109589041
Traffic_n27,Traffic,27,20260817,0.96,0.0133330629497446,0.9606164383561644,0.1009600336858575,0.958904109589041
Traffic_n27,Traffic,27,20260823,0.96,0.0115609307330432,0.9606164383561644,0.0587268271907806,0.958904109589041
Traffic_n27,Traffic,27,20260829,0.96,0.0112071830335357,0.9623287671232876,0.1191253534754899,0.958904109589041
Traffic_n27,Traffic,27,20260835,0.96,0.0119828358134601,0.9606164383561644,0.0526553286200537,0.958904109589041
Traffic_n39,Traffic,39,20260811,0.96,0.010464972304947,0.9610027855153204,0.0986689682153372,0.9596100278551531
Traffic_n39,Traffic,39,20260817,0.96,0.0108814133218609,0.9610027855153204,0.1357431404950203,0.9596100278551531
Traffic_n39,Traffic,39,20260823,0.96,0.0111307203729503,0.9610027855153204,0.0990480188784146,0.9596100278551531
Traffic_n39,Traffic,39,20260829,0.96,0.0108498517609408,0.9610027855153204,0.0972913243717982,0.9596100278551531
Traffic_n39,Traffic,39,20260835,0.96,0.0104038484942328,0.9610027855153204,0.0870564749232856,0.9596100278551531
Water_n27,Water,27,20260811,0.96,0.0256844937031223,0.9600840336134454,0.0127103796299026,0.957983193277311
Water_n27,Water,27,20260817,0.96,0.02529291243005,0.9600840336134454,0.0020543774518878,0.957983193277311
Water_n27,Water,27,20260823,0.96,0.0249333017878802,0.9600840336134454,0.0219501973505847,0.957983193277311
Water_n27,Water,27,20260829,0.96,0.0246167114313962,0.9600840336134454,0.0040981569359484,0.957983193277311
Water_n27,Water,27,20260835,0.96,0.0248369682877181,0.9600840336134454,0.007305856107973,0.957983193277311
Water_n39,Water,39,20260811,0.96,0.0241781857380493,0.9611111111111112,0.1095763804505824,0.9597222222222224
Water_n39,Water,39,20260817,0.96,0.0245558042079533,0.9611111111111112,0.0742073470319805,0.9597222222222224
Water_n39,Water,39,20260823,0.96,0.0243283751204759,0.9611111111111112,0.1031888666814481,0.9597222222222224
Water_n39,Water,39,20260829,0.96,0.0248225576679741,0.9611111111111112,0.1014672836392144,0.9597222222222224
Water_n39,Water,39,20260835,0.96,0.0243504447279157,0.9611111111111112,0.0874952212303871,0.9597222222222224
Climate_n27,Climate,27,20260812,0.96,0.0348860821210916,0.960144927536232,0.0619812338773006,0.9583333333333334
Climate_n27,Climate,27,20260818,0.96,0.0343929980645185,0.960144927536232,0.0355496431652382,0.9583333333333334
Climate_n27,Climate,27,20260824,0.96,0.0323037913354953,0.960144927536232,0.0779116966030293,0.9583333333333334
Climate_n27,Climate,27,20260830,0.96,0.0335749291120563,0.960144927536232,0.0462155241269962,0.9583333333333334
Climate_n27,Climate,27,20260836,0.96,0.0342739465394731,0.960144927536232,0.071466023606965,0.9583333333333334
Climate_n39,Climate,39,20260812,0.96,0.0351990456474065,0.9604449938195304,0.1420091335378852,0.9592088998763906
Climate_n39,Climate,39,20260818,0.96,0.0347545207306656,0.9604449938195304,0.2206999078498816,0.9592088998763906
Climate_n39,Climate,39,20260824,0.96,0.0344222615378458,0.9604449938195304,0.2059179926914985,0.9592088998763906
Climate_n39,Climate,39,20260830,0.96,0.0354580551173413,0.9604449938195304,0.1715630233926251,0.9592088998763906
Climate_n39,Climate,39,20260836,0.96,0.0332094774294703,0.9604449938195304,0.1875815949508491,0.9592088998763906
Traffic_n27,Traffic,27,20260812,0.96,0.0122669166867877,0.9606164383561644,0.0470351594041984,0.958904109589041
Traffic_n27,Traffic,27,20260818,0.96,0.0119267802533001,0.9606164383561644,0.0988620387999912,0.958904109589041
Traffic_n27,Traffic,27,20260824,0.96,0.0113889711853366,0.9606164383561644,0.0714691374688056,0.958904109589041
Traffic_n27,Traffic,27,20260830,0.96,0.0114504014036891,0.9606164383561644,0.0294126050976666,0.958904109589041
Traffic_n27,Traffic,27,20260836,0.96,0.0125261787982574,0.9606164383561644,0.0668752558435969,0.958904109589041
Traffic_n39,Traffic,39,20260812,0.96,0.0109445501934957,0.9610027855153204,0.1299177807243987,0.9596100278551531
Traffic_n39,Traffic,39,20260818,0.96,0.010206791018193,0.9610027855153204,0.1370308659463633,0.9596100278551531
Traffic_n39,Traffic,39,20260824,0.96,0.0108132510905163,0.9610027855153204,0.0876402200944352,0.9596100278551531
Traffic_n39,Traffic,39,20260830,0.96,0.0103224232959964,0.9610027855153204,0.1381519757071258,0.9596100278551531
Traffic_n39,Traffic,39,20260836,0.96,0.01047175827528,0.9610027855153204,0.1629657372909684,0.9596100278551531
Water_n27,Water,27,20260812,0.96,0.0252887651713023,0.9600840336134454,0.020170280082899,0.957983193277311
Water_n27,Water,27,20260818,0.96,0.0249099417780991,0.9600840336134454,0.0253707559841136,0.957983193277311
Water_n27,Water,27,20260824,0.96,0.0245937120129757,0.9600840336134454,0.0376946919637679,0.957983193277311
Water_n27,Water,27,20260830,0.96,0.024706389661085,0.9600840336134454,0.032041454792714,0.957983193277311
Water_n27,Water,27,20260836,0.96,0.0255581961521786,0.9600840336134454,0.0129841564212562,0.957983193277311
Water_n39,Water,39,20260812,0.96,0.0251419827086072,0.9611111111111112,0.0761623335625023,0.9597222222222224
Water_n39,Water,39,20260818,0.96,0.0240144961591048,0.9611111111111112,0.0454832980399161,0.9597222222222224
Water_n39,Water,39,20260824,0.96,0.0244100269557847,0.9611111111111112,0.1403107334399453,0.9597222222222224
Water_n39,Water,39,20260830,0.96,0.0244964057794054,0.9611111111111112,0.1118556920798075,0.9597222222222224
Water_n39,Water,39,20260836,0.96,0.0243913679611461,0.9611111111111112,0.1410353801725968,0.9597222222222224
Climate_n27,Climate,27,20260813,0.96,0.0340878770680858,0.960144927536232,0.0316707450373837,0.9583333333333334
Climate_n27,Climate,27,20260819,0.96,0.0346465585847189,0.960144927536232,0.0261514489360654,0.9583333333333334
Climate_n27,Climate,27,20260825,0.96,0.0356034482976467,0.960144927536232,0.0675643078151938,0.9583333333333334
Climate_n27,Climate,27,20260831,0.96,0.0352218798977181,0.960144927536232,0.0788154086936668,0.9583333333333334
Climate_n27,Climate,27,20260837,0.96,0.0339447631556124,0.960144927536232,0.0586214748666908,0.9583333333333334
Climate_n39,Climate,39,20260813,0.96,0.0345296719003489,0.9604449938195304,0.144616007853785,0.9592088998763906
Climate_n39,Climate,39,20260819,0.96,0.0345364311609224,0.9604449938195304,0.1257797045596859,0.9592088998763906
Climate_n39,Climate,39,20260825,0.96,0.0338412029108935,0.9604449938195304,0.1799789134375529,0.9592088998763906
Climate_n39,Climate,39,20260831,0.96,0.0341545435546688,0.9604449938195304,0.1392790026101182,0.9592088998763906
Climate_n39,Climate,39,20260837,0.96,0.0336712606590776,0.9604449938195304,0.1819587556721438,0.9592088998763906
Traffic_n27,Traffic,27,20260813,0.96,0.0108793844428768,0.9606164383561644,0.0512051127794023,0.958904109589041
Traffic_n27,Traffic,27,20260819,0.96,0.0114760627993277,0.9606164383561644,0.1032416877102622,0.958904109589041
Traffic_n27,Traffic,27,20260825,0.96,0.011615037054838,0.9606164383561644,0.0600821346079769,0.958904109589041
Traffic_n27,Traffic,27,20260831,0.96,0.0117889794625405,0.9606164383561644,0.0531920072594102,0.958904109589041
Traffic_n27,Traffic,27,20260837,0.96,0.0125091026158921,0.9606164383561644,0.0891481345428502,0.958904109589041
Traffic_n39,Traffic,39,20260813,0.96,0.0102079525121002,0.9610027855153204,0.1436843655791675,0.9596100278551531
Traffic_n39,Traffic,39,20260819,0.96,0.0106692916153049,0.9610027855153204,0.1652295120028207,0.9596100278551531
Traffic_n39,Traffic,39,20260825,0.96,0.009483725314003,0.9610027855153204,0.1059480008961732,0.9596100278551531
Traffic_n39,Traffic,39,20260831,0.96,0.0100054012005867,0.9610027855153204,0.1180086096510322,0.9596100278551531
Traffic_n39,Traffic,39,20260837,0.96,0.0113306108392698,0.9610027855153204,0.1173313238242511,0.9596100278551531
Water_n27,Water,27,20260813,0.96,0.0239506239272144,0.9600840336134454,0.0030461680704038,0.957983193277311
Water_n27,Water,27,20260819,0.96,0.0251545509921038,0.9600840336134454,0.0090373864154314,0.957983193277311
Water_n27,Water,27,20260825,0.96,0.0252585171250402,0.9600840336134454,0.0001573459174781,0.957983193277311
Water_n27,Water,27,20260831,0.96,0.0247926275170725,0.9600840336134454,0.0064628505638684,0.957983193277311
Water_n27,Water,27,20260837,0.96,0.0256000264659843,0.9600840336134454,0.0412936216895035,0.957983193277311
Water_n39,Water,39,20260813,0.96,0.0240631291507578,0.9611111111111112,0.0542743470296703,0.9597222222222224
Water_n39,Water,39,20260819,0.96,0.0245356457115751,0.9611111111111112,0.1496713527186629,0.9597222222222224
Water_n39,Water,39,20260825,0.96,0.0245737623152282,0.9611111111111112,0.1064500491816337,0.9597222222222224
Water_n39,Water,39,20260831,0.96,0.0246276933331398,0.9611111111111112,0.0674002195592545,0.9597222222222224
Water_n39,Water,39,20260837,0.96,0.0245614301384101,0.9611111111111112,0.1963097117541557,0.9597222222222224
