mode,scene,seed,tasks,no_truth_count,norm_sq_sum,sq_sum,norm_abs_sum,abs_sum,dimension,nrmse,rmse,nmae,mae,no_truth_rate,clean_nrmse,error_ratio,malicious_report_leakage,honest_false_low_rate
independent,Climate,20260808,80,0,0.0022934744715558952,136.22065050472764,0.6913716841874937,143.95261411533878,400,0.002394511678587043,0.5835680133984548,0.0017284292104687343,0.35988153528834693,0.0,0.0019481527909810594,1.2291190350533052,0.0,0.002025658338960162
independent,Climate,20260809,80,0,0.002445967311925046,150.2570758341717,0.6976295108775012,147.25863488250138,400,0.002472836080255344,0.6128969649014663,0.0017440737771937532,0.3681465872062535,0.0,0.0019968286890764096,1.2383816868131545,0.0,0.0026455026455026454
independent,Climate,20260810,80,0,0.0022736087277720456,138.20282131027324,0.6809366647483364,144.6941141228369,400,0.0023841186672290695,0.5877984801576839,0.001702341661870841,0.36173528530709226,0.0,0.0020584007460054073,1.1582383420020421,0.0,0.0013468013468013469
independent,Climate,20260811,80,0,0.0021966430837053533,145.12326371017753,0.6726194991049071,145.21446317470065,400,0.002343417954455283,0.6023355869243023,0.0016815487477622678,0.36303615793675165,0.0,0.0019880328051531397,1.1787622157848485,0.0,0.0020107238605898124
independent,Climate,20260812,80,0,0.002399842449286826,155.79533405747108,0.676813606259242,146.7081802013516,400,0.0024494093417020083,0.6240900056431585,0.001692034015648105,0.36677045050337903,0.0,0.0019840546558993403,1.234547311697787,0.0,0.0020242914979757085
independent,Climate,20260813,80,0,0.002534592919419585,174.23414926781018,0.6977657066124066,153.50687726868452,400,0.0025172370366234806,0.6599889189748003,0.0017444142665310163,0.3837671931717113,0.0,0.002061262997167671,1.2212109954345234,0.0,0.0019973368841544607
independent,Climate,20260814,80,0,0.0022449196439657104,139.10574276796524,0.6765408117905718,144.39908323513777,400,0.002369029149232714,0.5897154881126263,0.0016913520294764295,0.3609977080878444,0.0,0.0019801103333197015,1.1964126995191124,0.0,0.0053085600530856005
independent,Climate,20260815,80,0,0.001891950161936175,117.53229781482791,0.6122090238748926,131.27768946857404,400,0.0021748276724468164,0.5420615689541823,0.0015305225596872315,0.3281942236714351,0.0,0.0017473001781184133,1.244678905022941,0.0,0.002012072434607646
independent,Climate,20260816,80,0,0.0022265861377372066,142.69273415147782,0.6624511255179251,143.03274736754793,400,0.0023593357845679824,0.59727032018902,0.0016561278137948126,0.3575818684188698,0.0,0.001878054803517177,1.2562656745423368,0.0,0.0019880715705765406
independent,Climate,20260817,80,0,0.0016918180046388168,108.24562814420104,0.5826878944309855,127.52308972483978,400,0.0020565857656798664,0.5202057961619638,0.0014567197360774637,0.31880772431209947,0.0,0.0018598836712683923,1.1057604287032254,0.0,0.0006697923643670462
independent,Climate,20260818,80,0,0.002451874649721669,167.09829694200826,0.7345669984148937,161.82461091854486,400,0.0024758203941934423,0.6463325323353457,0.0018364174960372342,0.40456152729636213,0.0,0.001953024804082111,1.2676850744642931,0.0,0.0013468013468013469
independent,Climate,20260819,80,0,0.0019929650017151174,128.2071639305981,0.6276509058223761,138.40193046835313,400,0.002232131829504654,0.5661430118145903,0.0015691272645559403,0.3460048261708828,0.0,0.0019062805142307747,1.1709356586511441,0.0,0.004024144869215292
independent,Climate,20260820,80,0,0.0022255749691018796,139.62558669140174,0.6456915063945518,141.00674011612006,400,0.002358799996344476,0.5908163561788928,0.0016142287659863795,0.35251685029030017,0.0,0.0019472088027117978,1.211374965570961,0.0,0.0020134228187919465
independent,Climate,20260821,80,0,0.0025489732985060787,169.86693972740238,0.7069214967737351,154.22991389536654,400,0.0025243678904361775,0.6516650591511762,0.0017673037419343376,0.38557478473841633,0.0,0.0020580667393795054,1.2265724148465948,0.0,0.002
independent,Climate,20260822,80,0,0.002188819410625324,139.6852427991099,0.6706843764093234,144.94407709377546,400,0.002339241015065209,0.5909425581203089,0.0016767109410233086,0.36236019273443865,0.0,0.001998695327269346,1.1703839915717034,0.0,0.00133422281521014
independent,Climate,20260823,80,0,0.002078427959642222,138.2491122392394,0.637743822012892,136.45320089973734,400,0.0022794889556884356,0.5878969132408322,0.00159435955503223,0.34113300224934334,0.0,0.001863840069999376,1.2230067334528325,0.0,0.00199203187250996
independent,Climate,20260824,80,0,0.0022259278818627356,144.85385055613133,0.6606373092728194,142.13190254179617,400,0.002358987008157705,0.6017762261757508,0.0016515932731820484,0.35532975635449043,0.0,0.0019144523294890746,1.2321993981366288,0.0,0.0026702269692923898
independent,Climate,20260825,80,0,0.0022627977570774042,138.3984734639154,0.6888006585601597,144.95605287767037,400,0.0023784436913018374,0.5882144027986635,0.0017220016464003993,0.36239013219417593,0.0,0.0019477818960980087,1.2211037057416816,0.0,0.004029550033579583
independent,Climate,20260826,80,0,0.002345553112618398,136.23263865559434,0.6634856625021595,138.10173640789628,400,0.0024215455357159805,0.5835936913975217,0.0016587141562553987,0.34525434101974073,0.0,0.0020009129085880656,1.2102203575790473,0.0,0.0020134228187919465
independent,Climate,20260827,80,0,0.002480574582946271,147.20664968686756,0.7104698784451917,148.54141690883554,400,0.002490268350472631,0.6066437374746144,0.0017761746961129793,0.37135354227208883,0.0,0.00206380003317094,1.2066422669091832,0.0,0.0013360053440213762
independent,Climate,20260828,80,0,0.002467072721415049,157.37069382802886,0.7133091854745917,155.3876022833435,400,0.0024834817904582315,0.6272373829500855,0.0017832729636864792,0.3884690057083588,0.0,0.002031616303505488,1.222416745806314,0.0,0.003367003367003367
independent,Climate,20260829,80,0,0.0020641097406746164,131.58714566834323,0.6572316241875479,142.0608102469491,400,0.002271623725815202,0.5735572021785256,0.0016430790604688697,0.35515202561737275,0.0,0.0019822937583461936,1.1459571601084966,0.0,0.005423728813559322
independent,Climate,20260830,80,0,0.0020814905867631668,129.5573384998441,0.6381145198751392,135.01560746900617,400,0.002281167785786025,0.5691162853491457,0.0015952862996878481,0.3375390186725154,0.0,0.0020096127982258327,1.1351280146105418,0.0,0.0020174848688634837
independent,Climate,20260831,80,0,0.002125459117092279,137.28179214486892,0.6535860535174545,141.1006541994783,400,0.0023051350920782706,0.5858365645486566,0.0016339651337936361,0.35275163549869576,0.0,0.001933587400817699,1.1921545884625888,0.0,0.000671591672263264
independent,Climate,20260832,80,0,0.0023515475639657455,139.70566908936866,0.6741686964585561,141.44444933121792,400,0.0024246378925345457,0.59098576355393,0.0016854217411463905,0.3536111233280448,0.0,0.0019970603315001357,1.2141034771409362,0.0,0.0013404825737265416
independent,Climate,20260833,80,0,0.0022914490871298095,137.41943798453562,0.6664195297968697,140.7698445975835,400,0.0023934541394863874,0.5861301860178667,0.0016660488244921742,0.35192461149395876,0.0,0.0019413806726848854,1.2328618354772714,0.0,0.002686366689053056
independent,Climate,20260834,80,0,0.0020278429947922665,125.36486331226611,0.6591882521464032,140.64268707820372,400,0.002251578887576597,0.5598322590568225,0.001647970630366008,0.35160671769550933,0.0,0.0018470680112819765,1.2190016143552103,0.0,0.0006618133686300463
independent,Climate,20260835,80,0,0.0024208677230760436,161.1693754589077,0.6867037228472831,149.28822173432437,400,0.002460115710223832,0.6347625057037233,0.0017167593071182078,0.3732205543358109,0.0,0.0019284724017519352,1.2756810561504128,0.0,0.002
independent,Climate,20260836,80,0,0.002040945701740964,120.11032923499302,0.6416784178618649,136.88775882254873,400,0.002258841352187535,0.5479742905351331,0.0016041960446546621,0.34221939705637183,0.0,0.0018592387752952688,1.2149280566875036,0.0,0.0054017555705604325
independent,Climate,20260837,80,0,0.0022090004232335645,145.76601078557778,0.692055938654703,149.1897871879895,400,0.0023500002251242258,0.6036679774213176,0.0017301398466367576,0.3729744679699738,0.0,0.0017982994474278488,1.3067902726019784,0.0,0.0006653359946773121
independent,Traffic,20260808,80,0,7.596023928547007e-05,2993.3370472410475,0.11119567944849361,523.0767630878972,480,0.0003978071121930778,2.497222226478623,0.000231657665517695,1.0897432564331193,0.0,0.0003247642898073973,1.2249102646999732,0.0,0.0012682308180088776
independent,Traffic,20260809,80,0,8.50039959396855e-05,5723.93395525203,0.11067393309713419,554.4729109800533,480,0.00042082259707349146,3.4532394076830326,0.0002305706939523629,1.155151897875111,0.0,0.000360302070788481,1.1679716304504386,0.0,0.0
independent,Traffic,20260810,80,0,0.00010080329524369867,4105.640328247273,0.12358462053398564,590.5807736944897,480,0.00045826505986278174,2.9246225996725035,0.0002574679594458034,1.2303766118635202,0.0,0.00033390733631958914,1.3724318396651443,0.0,0.0006377551020408163
independent,Traffic,20260811,80,0,9.337431072692591e-05,4269.386365436848,0.12189160234513588,591.1159264221409,480,0.0004410553412151688,2.9823740422679097,0.0002539408382190331,1.2314915133794602,0.0,0.00037516530706326214,1.175629337018617,0.0,0.0019230769230769232
independent,Traffic,20260812,80,0,6.302419266006891e-05,3374.7586124608,0.10762223988270209,512.9871040899402,480,0.0003623539724842872,2.6515556017729165,0.00022421299975562936,1.0687231335207088,0.0,0.0003217664981541475,1.1261395283939586,0.0,0.0006365372374283895
independent,Traffic,20260813,80,0,8.388346452799708e-05,2960.2345078408753,0.11202814457936101,528.618481552832,480,0.0004180397322823042,2.483375771941993,0.00023339196787366877,1.1012885032350668,0.0,0.0003731725958674616,1.1202315950091306,0.0,0.0006329113924050633
independent,Traffic,20260814,80,0,8.08922479291499e-05,4228.632063283025,0.11376233693492122,541.8494383305389,480,0.00041051859460816426,2.9681054785569256,0.0002370048686144192,1.128852996521956,0.0,0.00034190021839731495,1.2006970821267782,0.0,0.0019144862795149968
independent,Traffic,20260815,80,0,7.88910847479135e-05,4210.236786247104,0.11369882755989581,566.723177053583,480,0.000405408962108823,2.961642557435789,0.00023687255741644962,1.1806732855282978,0.0,0.00033050841626459476,1.2266222043322044,0.0,0.0012755102040816326
independent,Traffic,20260816,80,0,5.822136828569944e-05,3732.975624792733,0.10145921766671011,516.2016251044149,480,0.00034827362412602226,2.7887331445750645,0.0002113733701389794,1.0754200523008643,0.0,0.0003098147593929935,1.1241350309080806,0.0,0.0019083969465648854
independent,Traffic,20260817,80,0,6.75768167534411e-05,5078.744306330586,0.10538684280275915,572.3196956979731,480,0.00037521331919722985,3.2528014548778392,0.00021955592250574822,1.1923326993707772,0.0,0.000311474136952937,1.2046371582174853,0.0,0.0012706480304955528
independent,Traffic,20260818,80,0,7.868896666519006e-05,4719.288385846537,0.1099732861094279,552.8412598257669,480,0.0004048893024261643,3.1355782248011215,0.00022911101272797478,1.1517526246370144,0.0,0.0003299922948246097,1.2269659285267926,0.0,0.0025412960609911056
independent,Traffic,20260819,80,0,9.585722278336354e-05,5385.219927860143,0.12207911002155784,610.3762711247052,480,0.00044688090971235355,3.3495086480022653,0.00025433147921157884,1.2716172315098027,0.0,0.0003645004290411706,1.2260092831382594,0.0,0.0012690355329949238
independent,Traffic,20260820,80,0,9.931445240413097e-05,6278.261507288245,0.12001024325547859,607.2834164571746,480,0.0004548682327611732,3.6165883749076526,0.0002500213401155804,1.2651737842857804,0.0,0.0003498946901133007,1.300014677598796,0.0,0.0018915510718789407
independent,Traffic,20260821,80,0,6.728617983191193e-05,3684.1751417712176,0.11056247375068301,549.6256085349762,480,0.00037440558398144005,2.7704448882246395,0.0002303384869805896,1.1450533511145338,0.0,0.0003439129994690723,1.0886636578420754,0.0,0.0006345177664974619
independent,Traffic,20260822,80,0,6.732685617049344e-05,3941.5644340880817,0.11401958495493648,582.1835457835841,480,0.00037451873609811297,2.8655876484618013,0.000237540801989451,1.2128823870491336,0.0,0.00035915094553196065,1.0427892248575044,0.0,0.0012642225031605564
independent,Traffic,20260823,80,0,0.00011026015016048084,6066.694726559612,0.1296719692397493,653.2101311097141,480,0.00047927929870553393,3.5551297229495287,0.00027014993591614435,1.3608544398119045,0.0,0.0003845130880465531,1.2464576983332945,0.0,0.0025284450063211127
independent,Traffic,20260824,80,0,8.468318242515448e-05,3280.7611047852583,0.11728119174081615,538.7485513730327,480,0.000420027733273735,2.61436779514716,0.00024433581612670033,1.1223928153604847,0.0,0.00032051544351336514,1.3104758031923671,0.0,0.0006341154090044388
independent,Traffic,20260825,80,0,6.854247523906884e-05,3877.1467674917767,0.10912198924985811,543.6591036247762,480,0.0003778846694624257,2.842074787710767,0.00022733747760387107,1.1326231325516172,0.0,0.0003254928179052263,1.1609616208872982,0.0,0.002544529262086514
independent,Traffic,20260826,80,0,7.566278800167549e-05,3076.4963745325213,0.11242895463524,522.5411251321638,480,0.00039702746546910824,2.5316728554342784,0.00023422698882341665,1.0886273440253411,0.0,0.0003123859588115812,1.270951700196549,0.0,0.0
independent,Traffic,20260827,80,0,8.802114357882212e-05,4945.870214071212,0.114527174303498,549.8280826702215,480,0.0004282258544925556,3.209968267649234,0.00023859827979895416,1.1454751722296281,0.0,0.0003253435643189629,1.3162266030648393,0.0,0.0006353240152477764
independent,Traffic,20260828,80,0,7.86272191333129e-05,6056.753812065715,0.10949900197538903,601.6513442154276,480,0.0004047304121606569,3.552215802632244,0.00022812292078206047,1.2534403004488075,0.0,0.0003421430664942359,1.1829274119382904,0.0,0.0
independent,Traffic,20260829,80,0,6.270562922506226e-05,3669.2842255567257,0.10606993591843498,511.91894828251424,480,0.0003614370312408692,2.7648403455853487,0.0002209790331634062,1.0664978089219046,0.0,0.0003208653972969832,1.1264444040574875,0.0,0.0018951358180669614
independent,Traffic,20260830,80,0,7.386417277277048e-05,3514.152083735079,0.11154531807281923,561.5752117770231,480,0.00039228012092968104,2.705762401699026,0.00023238607931837338,1.1699483578687981,0.0,0.0003208093729649301,1.222782605458862,0.0,0.00253324889170361
independent,Traffic,20260831,80,0,9.368763840984975e-05,6021.9569416383065,0.12056774150311896,627.535867353245,480,0.0004417947261121621,3.541997124280755,0.0002511827947981645,1.3073663903192603,0.0,0.0003149396099200193,1.4027918756372322,0.0,0.0006361323155216285
independent,Traffic,20260832,80,0,8.16457787092823e-05,3868.1134282055377,0.11422427109526591,551.0523383788435,480,0.00041242620226048296,2.838761991096624,0.00023796723144847064,1.148025704955924,0.0,0.00035334888308897116,1.167192601983226,0.0,0.001277139208173691
independent,Traffic,20260833,80,0,7.845020006613863e-05,6034.229658758527,0.11452505582117067,595.755428455034,480,0.0004042745562170039,3.545604573141267,0.00023859386629410557,1.2411571426146542,0.0,0.0003525649515004852,1.1466668893106,0.0,0.0012763241863433313
independent,Traffic,20260834,80,0,6.989992111170293e-05,3905.2362621201355,0.11207576500657979,562.3232527673684,480,0.0003816082227224423,2.8523514649174895,0.00023349117709704122,1.1715067765986842,0.0,0.0003261610898377655,1.1699992261868408,0.0,0.0
independent,Traffic,20260835,80,0,9.823603943790227e-05,3636.2284362571604,0.11980936761965605,568.7163691285878,480,0.0004523918826588622,2.7523582450090114,0.00024960284920761674,1.1848257690178912,0.0,0.0003807691439841459,1.1881001646438516,0.0,0.0
independent,Traffic,20260836,80,0,8.206336705796115e-05,3031.727687361094,0.1086092460007489,502.55875164047575,480,0.00041347956181342154,2.513185100359491,0.0002262692625015602,1.0469973992509911,0.0,0.00035776583652138207,1.155726789996925,0.0,0.001265022137887413
independent,Traffic,20260837,80,0,8.927044830015952e-05,4880.106153751765,0.11603452803707905,575.9730956381022,480,0.000431254102154788,3.188555757755567,0.000241738600077248,1.1999439492460462,0.0,0.00034480432028923533,1.2507212838662671,0.0,0.0018987341772151898
independent,Water,20260808,80,0,0.001458749741612373,35550.75762097806,0.7524530296694535,1307.5270357871132,720,0.0014233907783159768,7.026809535725187,0.0010450736523186855,1.816009771926546,0.0,0.0011723019857050657,1.2141843958917267,0.0,0.0
independent,Water,20260809,80,0,0.001208319798250165,24873.23645890064,0.7040051586774619,1109.941688000478,720,0.0012954620573425214,5.8775982976444645,0.000977784942607586,1.5415856777784418,0.0,0.0010578643013361463,1.2246013554916966,0.0,0.0
independent,Water,20260810,80,0,0.0013840455246145352,27049.428365925854,0.7385257260338625,1158.5944475864633,720,0.00138646509182652,6.129327084454733,0.0010257301750470312,1.609158954981199,0.0,0.0011585005557152616,1.1967755086405742,0.0,0.0012626262626262627
independent,Water,20260811,80,0,0.0014170773500328869,52170.80742688804,0.7476702853039532,1514.292570223174,720,0.0014029123230468777,8.512311951495123,0.0010384309518110461,2.103184125309964,0.0,0.0011738829877201151,1.1951040586861024,0.0,0.0012795905310300703
independent,Water,20260812,80,0,0.0012937906831721273,27716.66338192276,0.7294403169337362,1100.0986085170905,720,0.0013404967379317758,6.20446337794221,0.001013111551296856,1.5279147340515147,0.0,0.0011634173860400443,1.1522062107860203,0.0,0.0006345177664974619
independent,Water,20260813,80,0,0.0012346223779330355,37436.951402345614,0.711361735687868,1393.3380976706142,720,0.0013094858925107866,7.210808958542109,0.0009880024106775943,1.9351918023202974,0.0,0.0010428669752039895,1.255659565070267,0.0,0.0012746972594008922
independent,Water,20260814,80,0,0.0012130577716705933,30529.48009581387,0.697780602360659,1271.5796773908667,720,0.0012979994070312982,6.511686086462582,0.0009691397255009152,1.7660828852650925,0.0,0.0010667552647538798,1.216773378035093,0.0,0.0
independent,Water,20260815,80,0,0.0011956662710754687,28595.119245554666,0.6987625758191592,1209.7064197178872,720,0.0012886611652082672,6.302018993672084,0.00097050357752661,1.6801478051637322,0.0,0.0010813028493605777,1.1917671038879716,0.0,0.0006313131313131314
independent,Water,20260816,80,0,0.0013196486623764613,32258.21808308248,0.7286740185891017,1217.5463658828044,720,0.001353826194314378,6.693510339944796,0.001012047248040419,1.6910366192816728,0.0,0.0011501028897094815,1.1771348515230298,0.0,0.0
independent,Water,20260817,80,0,0.0011802432842587896,35202.11118804997,0.6909301655424768,1253.297412690177,720,0.0012803229216462398,6.99226866578465,0.0009596252299201066,1.7406908509585792,0.0,0.0010894459691680243,1.1752055245327881,0.0,0.0
independent,Water,20260818,80,0,0.0011918133206619138,26394.567205863033,0.6946803588917944,1094.3215842683292,720,0.0012865831798593913,6.054677623065841,0.0009648338317941588,1.5198910892615682,0.0,0.0010875497549759276,1.1830108682134448,0.0,0.001265022137887413
independent,Water,20260819,80,0,0.0014342308955378213,31953.449060286264,0.743464792027197,1273.0070161152241,720,0.0014113778214615818,6.661815845661654,0.0010325899889266623,1.7680653001600335,0.0,0.0011571862986402412,1.2196634397763177,0.0,0.0
independent,Water,20260820,80,0,0.0012720549378170889,32372.258950525833,0.7079124817697902,1182.8592816836074,720,0.0013291888387999657,6.705331517875847,0.0009832117802358196,1.6428601134494547,0.0,0.0010902476148538281,1.219162345040464,0.0,0.0
independent,Water,20260821,80,0,0.001531983166281468,25954.84139097694,0.7904543282617472,1157.6268227763492,720,0.0014586824183533405,6.004031214176131,0.001097853233696871,1.6078150316338182,0.0,0.0011913026530295592,1.224443188004171,0.0,0.0006418485237483953
independent,Water,20260822,80,0,0.0013003316102470244,43995.18671700228,0.7173033878294982,1338.4833486828745,720,0.001343880993742783,7.816932006601855,0.0009962547053187474,1.8590046509484368,0.0,0.0011081320458723623,1.212744454732225,0.0,0.001273074474856779
independent,Water,20260823,80,0,0.001159100574914828,45719.777545393365,0.7032152118533521,1501.372219746614,720,0.0012688033376390241,7.9686693390596,0.0009766877942407669,2.0852391940925195,0.0,0.0010837874366651434,1.1707123507015194,0.0,0.001273074474856779
independent,Water,20260824,80,0,0.0014910310254483592,19836.012961448127,0.7498352281658083,1006.0553153574508,720,0.0014390540032374853,5.248811103670172,0.001041437816896956,1.3972990491075705,0.0,0.0011396368541172167,1.2627303145195339,0.0,0.0006345177664974619
independent,Water,20260825,80,0,0.0012587532791524592,33380.34821717429,0.6980151120182608,1235.1026389827573,720,0.0013222210266318202,6.808934920093994,0.0009694654333586956,1.7154203319204961,0.0,0.0010877395303603426,1.2155676885198787,0.0,0.0
independent,Water,20260826,80,0,0.0014492769353863857,32867.021941174375,0.7528431543445325,1218.3788443698777,720,0.0014187616545710176,6.756377845041262,0.0010456154921451842,1.692192839402608,0.0,0.0011778878572237304,1.2044963753298419,0.0,0.0
independent,Water,20260827,80,0,0.0011772093757820002,41299.35590195097,0.6926500155145635,1348.6047993314496,720,0.0012786762772177501,7.573652786501865,0.0009620139104368938,1.87306222129368,0.0,0.00108132558396422,1.1825081142813876,0.0,0.0006293266205160479
independent,Water,20260828,80,0,0.0013879485903448216,27370.36969506374,0.7335339590272978,1147.2962966911232,720,0.0013884186600153856,6.165582077489131,0.0010187971653156914,1.593467078737671,0.0,0.0011175417764143114,1.2423863602398795,0.0,0.0006385696040868455
independent,Water,20260829,80,0,0.0013063351397613564,35476.7526221905,0.7227463263031053,1316.2517506084153,720,0.0013469797180283233,7.019491970991927,0.0010038143420876462,1.8281274314005767,0.0,0.0011290173678771486,1.193054913372149,0.0,0.0006381620931716656
independent,Water,20260830,80,0,0.0013025479720093019,37951.17262604842,0.7225876965355985,1338.6762246053925,720,0.0013450258010791,7.260162669019394,0.001003594022966109,1.8592725341741563,0.0,0.0011317210028625349,1.1884782536305676,0.0,0.0
independent,Water,20260831,80,0,0.0013208756970541854,21661.934709852583,0.7112490290011224,1109.119679461435,720,0.0013544554548754729,5.48507250912427,0.00098784587361267,1.5404439992519932,0.0,0.0010857643590249774,1.2474672276881345,0.0,0.0
independent,Water,20260832,80,0,0.001322941653642031,37380.4208515606,0.7125789923209802,1246.6809203179973,720,0.0013555142800397602,7.205362668368821,0.0009896930448902502,1.7315012782194408,0.0,0.0011550327715052521,1.1735721388002163,0.0,0.0012706480304955528
independent,Water,20260833,80,0,0.0012244706984735271,29751.766331588882,0.7082258739873553,1114.0154477294318,720,0.0013040911578106411,6.428211079512117,0.0009836470472046601,1.5472436774019886,0.0,0.0011105666009738147,1.174257497629707,0.0,0.0
independent,Water,20260834,80,0,0.001293916147919152,27254.098862024475,0.6992610388351101,1167.2494465071195,720,0.00134056173337852,6.1524722743093365,0.0009711958872709863,1.6211797868154438,0.0,0.001024567114300529,1.3084176865209265,0.0,0.001265022137887413
independent,Water,20260835,80,0,0.0013224555439895968,40465.20830594094,0.7293975253857129,1335.96575482186,720,0.0013552652179911733,7.496777854698361,0.0010130521185912678,1.8555079928081388,0.0,0.001071940510019053,1.2643101042678986,0.0,0.0006345177664974619
independent,Water,20260836,80,0,0.0013310828249206035,35771.33942826111,0.7228590913621126,1427.7109147486435,720,0.0013596786920898115,7.048575449875306,0.0010039709602251564,1.9829318260397826,0.0,0.0010921641955429957,1.2449398154952465,0.0,0.0006373486297004461
independent,Water,20260837,80,0,0.0012652281734555164,22577.39828510771,0.7052914481181716,1067.0981099881126,720,0.001325617347510793,5.599776568596746,0.0009795714557196827,1.482080708316823,0.0,0.0011587838775184835,1.143972895402705,0.0,0.0006357279084551812
compact,Climate,20260808,80,0,0.0022934744715558952,136.22065050472764,0.6913716841874937,143.95261411533878,400,0.002394511678587043,0.5835680133984548,0.0017284292104687343,0.35988153528834693,0.0,0.0019481527909810594,1.2291190350533052,0.0,0.002025658338960162
compact,Climate,20260809,80,0,0.002445967311925046,150.2570758341717,0.6976295108775012,147.25863488250138,400,0.002472836080255344,0.6128969649014663,0.0017440737771937532,0.3681465872062535,0.0,0.0019968286890764096,1.2383816868131545,0.0,0.0026455026455026454
compact,Climate,20260810,80,0,0.0022736087277720456,138.20282131027324,0.6809366647483364,144.6941141228369,400,0.0023841186672290695,0.5877984801576839,0.001702341661870841,0.36173528530709226,0.0,0.0020584007460054073,1.1582383420020421,0.0,0.0013468013468013469
compact,Climate,20260811,80,0,0.0021966430837053533,145.12326371017753,0.6726194991049071,145.21446317470065,400,0.002343417954455283,0.6023355869243023,0.0016815487477622678,0.36303615793675165,0.0,0.0019880328051531397,1.1787622157848485,0.0,0.0020107238605898124
compact,Climate,20260812,80,0,0.002399842449286826,155.79533405747108,0.676813606259242,146.7081802013516,400,0.0024494093417020083,0.6240900056431585,0.001692034015648105,0.36677045050337903,0.0,0.0019840546558993403,1.234547311697787,0.0,0.0020242914979757085
compact,Climate,20260813,80,0,0.002534592919419585,174.23414926781018,0.6977657066124066,153.50687726868452,400,0.0025172370366234806,0.6599889189748003,0.0017444142665310163,0.3837671931717113,0.0,0.002061262997167671,1.2212109954345234,0.0,0.0019973368841544607
compact,Climate,20260814,80,0,0.0022449196439657104,139.10574276796524,0.6765408117905718,144.39908323513777,400,0.002369029149232714,0.5897154881126263,0.0016913520294764295,0.3609977080878444,0.0,0.0019801103333197015,1.1964126995191124,0.0,0.0053085600530856005
compact,Climate,20260815,80,0,0.001891950161936175,117.53229781482791,0.6122090238748926,131.27768946857404,400,0.0021748276724468164,0.5420615689541823,0.0015305225596872315,0.3281942236714351,0.0,0.0017473001781184133,1.244678905022941,0.0,0.002012072434607646
compact,Climate,20260816,80,0,0.0022265861377372066,142.69273415147782,0.6624511255179251,143.03274736754793,400,0.0023593357845679824,0.59727032018902,0.0016561278137948126,0.3575818684188698,0.0,0.001878054803517177,1.2562656745423368,0.0,0.0019880715705765406
compact,Climate,20260817,80,0,0.0016918180046388168,108.24562814420104,0.5826878944309855,127.52308972483978,400,0.0020565857656798664,0.5202057961619638,0.0014567197360774637,0.31880772431209947,0.0,0.0018598836712683923,1.1057604287032254,0.0,0.0006697923643670462
compact,Climate,20260818,80,0,0.002451874649721669,167.09829694200826,0.7345669984148937,161.82461091854486,400,0.0024758203941934423,0.6463325323353457,0.0018364174960372342,0.40456152729636213,0.0,0.001953024804082111,1.2676850744642931,0.0,0.0013468013468013469
compact,Climate,20260819,80,0,0.0019929650017151174,128.2071639305981,0.6276509058223761,138.40193046835313,400,0.002232131829504654,0.5661430118145903,0.0015691272645559403,0.3460048261708828,0.0,0.0019062805142307747,1.1709356586511441,0.0,0.004024144869215292
compact,Climate,20260820,80,0,0.0022255749691018796,139.62558669140174,0.6456915063945518,141.00674011612006,400,0.002358799996344476,0.5908163561788928,0.0016142287659863795,0.35251685029030017,0.0,0.0019472088027117978,1.211374965570961,0.0,0.0020134228187919465
compact,Climate,20260821,80,0,0.0025489732985060787,169.86693972740238,0.7069214967737351,154.22991389536654,400,0.0025243678904361775,0.6516650591511762,0.0017673037419343376,0.38557478473841633,0.0,0.0020580667393795054,1.2265724148465948,0.0,0.002
compact,Climate,20260822,80,0,0.002188819410625324,139.6852427991099,0.6706843764093234,144.94407709377546,400,0.002339241015065209,0.5909425581203089,0.0016767109410233086,0.36236019273443865,0.0,0.001998695327269346,1.1703839915717034,0.0,0.00133422281521014
compact,Climate,20260823,80,0,0.002078427959642222,138.2491122392394,0.637743822012892,136.45320089973734,400,0.0022794889556884356,0.5878969132408322,0.00159435955503223,0.34113300224934334,0.0,0.001863840069999376,1.2230067334528325,0.0,0.00199203187250996
compact,Climate,20260824,80,0,0.0022259278818627356,144.85385055613133,0.6606373092728194,142.13190254179617,400,0.002358987008157705,0.6017762261757508,0.0016515932731820484,0.35532975635449043,0.0,0.0019144523294890746,1.2321993981366288,0.0,0.0026702269692923898
compact,Climate,20260825,80,0,0.0022627977570774042,138.3984734639154,0.6888006585601597,144.95605287767037,400,0.0023784436913018374,0.5882144027986635,0.0017220016464003993,0.36239013219417593,0.0,0.0019477818960980087,1.2211037057416816,0.0,0.004029550033579583
compact,Climate,20260826,80,0,0.002345553112618398,136.23263865559434,0.6634856625021595,138.10173640789628,400,0.0024215455357159805,0.5835936913975217,0.0016587141562553987,0.34525434101974073,0.0,0.0020009129085880656,1.2102203575790473,0.0,0.0020134228187919465
compact,Climate,20260827,80,0,0.002480574582946271,147.20664968686756,0.7104698784451917,148.54141690883554,400,0.002490268350472631,0.6066437374746144,0.0017761746961129793,0.37135354227208883,0.0,0.00206380003317094,1.2066422669091832,0.0,0.0013360053440213762
compact,Climate,20260828,80,0,0.002467072721415049,157.37069382802886,0.7133091854745917,155.3876022833435,400,0.0024834817904582315,0.6272373829500855,0.0017832729636864792,0.3884690057083588,0.0,0.002031616303505488,1.222416745806314,0.0,0.003367003367003367
compact,Climate,20260829,80,0,0.0020641097406746164,131.58714566834323,0.6572316241875479,142.0608102469491,400,0.002271623725815202,0.5735572021785256,0.0016430790604688697,0.35515202561737275,0.0,0.0019822937583461936,1.1459571601084966,0.0,0.005423728813559322
compact,Climate,20260830,80,0,0.0020814905867631668,129.5573384998441,0.6381145198751392,135.01560746900617,400,0.002281167785786025,0.5691162853491457,0.0015952862996878481,0.3375390186725154,0.0,0.0020096127982258327,1.1351280146105418,0.0,0.0020174848688634837
compact,Climate,20260831,80,0,0.002125459117092279,137.28179214486892,0.6535860535174545,141.1006541994783,400,0.0023051350920782706,0.5858365645486566,0.0016339651337936361,0.35275163549869576,0.0,0.001933587400817699,1.1921545884625888,0.0,0.000671591672263264
compact,Climate,20260832,80,0,0.0023515475639657455,139.70566908936866,0.6741686964585561,141.44444933121792,400,0.0024246378925345457,0.59098576355393,0.0016854217411463905,0.3536111233280448,0.0,0.0019970603315001357,1.2141034771409362,0.0,0.0013404825737265416
compact,Climate,20260833,80,0,0.0022914490871298095,137.41943798453562,0.6664195297968697,140.7698445975835,400,0.0023934541394863874,0.5861301860178667,0.0016660488244921742,0.35192461149395876,0.0,0.0019413806726848854,1.2328618354772714,0.0,0.002686366689053056
compact,Climate,20260834,80,0,0.0020278429947922665,125.36486331226611,0.6591882521464032,140.64268707820372,400,0.002251578887576597,0.5598322590568225,0.001647970630366008,0.35160671769550933,0.0,0.0018470680112819765,1.2190016143552103,0.0,0.0006618133686300463
compact,Climate,20260835,80,0,0.0024208677230760436,161.1693754589077,0.6867037228472831,149.28822173432437,400,0.002460115710223832,0.6347625057037233,0.0017167593071182078,0.3732205543358109,0.0,0.0019284724017519352,1.2756810561504128,0.0,0.002
compact,Climate,20260836,80,0,0.002040945701740964,120.11032923499302,0.6416784178618649,136.88775882254873,400,0.002258841352187535,0.5479742905351331,0.0016041960446546621,0.34221939705637183,0.0,0.0018592387752952688,1.2149280566875036,0.0,0.0054017555705604325
compact,Climate,20260837,80,0,0.0022090004232335645,145.76601078557778,0.692055938654703,149.1897871879895,400,0.0023500002251242258,0.6036679774213176,0.0017301398466367576,0.3729744679699738,0.0,0.0017982994474278488,1.3067902726019784,0.0,0.0006653359946773121
compact,Traffic,20260808,80,0,7.596023928547007e-05,2993.3370472410475,0.11119567944849361,523.0767630878972,480,0.0003978071121930778,2.497222226478623,0.000231657665517695,1.0897432564331193,0.0,0.0003247642898073973,1.2249102646999732,0.0,0.0012682308180088776
compact,Traffic,20260809,80,0,8.50039959396855e-05,5723.93395525203,0.11067393309713419,554.4729109800533,480,0.00042082259707349146,3.4532394076830326,0.0002305706939523629,1.155151897875111,0.0,0.000360302070788481,1.1679716304504386,0.0,0.0
compact,Traffic,20260810,80,0,0.00010080329524369867,4105.640328247273,0.12358462053398564,590.5807736944897,480,0.00045826505986278174,2.9246225996725035,0.0002574679594458034,1.2303766118635202,0.0,0.00033390733631958914,1.3724318396651443,0.0,0.0006377551020408163
compact,Traffic,20260811,80,0,9.337431072692591e-05,4269.386365436848,0.12189160234513588,591.1159264221409,480,0.0004410553412151688,2.9823740422679097,0.0002539408382190331,1.2314915133794602,0.0,0.00037516530706326214,1.175629337018617,0.0,0.0019230769230769232
compact,Traffic,20260812,80,0,6.302419266006891e-05,3374.7586124608,0.10762223988270209,512.9871040899402,480,0.0003623539724842872,2.6515556017729165,0.00022421299975562936,1.0687231335207088,0.0,0.0003217664981541475,1.1261395283939586,0.0,0.0006365372374283895
compact,Traffic,20260813,80,0,8.388346452799708e-05,2960.2345078408753,0.11202814457936101,528.618481552832,480,0.0004180397322823042,2.483375771941993,0.00023339196787366877,1.1012885032350668,0.0,0.0003731725958674616,1.1202315950091306,0.0,0.0006329113924050633
compact,Traffic,20260814,80,0,8.08922479291499e-05,4228.632063283025,0.11376233693492122,541.8494383305389,480,0.00041051859460816426,2.9681054785569256,0.0002370048686144192,1.128852996521956,0.0,0.00034190021839731495,1.2006970821267782,0.0,0.0019144862795149968
compact,Traffic,20260815,80,0,7.88910847479135e-05,4210.236786247104,0.11369882755989581,566.723177053583,480,0.000405408962108823,2.961642557435789,0.00023687255741644962,1.1806732855282978,0.0,0.00033050841626459476,1.2266222043322044,0.0,0.0012755102040816326
compact,Traffic,20260816,80,0,5.822136828569944e-05,3732.975624792733,0.10145921766671011,516.2016251044149,480,0.00034827362412602226,2.7887331445750645,0.0002113733701389794,1.0754200523008643,0.0,0.0003098147593929935,1.1241350309080806,0.0,0.0019083969465648854
compact,Traffic,20260817,80,0,6.75768167534411e-05,5078.744306330586,0.10538684280275915,572.3196956979731,480,0.00037521331919722985,3.2528014548778392,0.00021955592250574822,1.1923326993707772,0.0,0.000311474136952937,1.2046371582174853,0.0,0.0012706480304955528
compact,Traffic,20260818,80,0,7.868896666519006e-05,4719.288385846537,0.1099732861094279,552.8412598257669,480,0.0004048893024261643,3.1355782248011215,0.00022911101272797478,1.1517526246370144,0.0,0.0003299922948246097,1.2269659285267926,0.0,0.0025412960609911056
compact,Traffic,20260819,80,0,9.585722278336354e-05,5385.219927860143,0.12207911002155784,610.3762711247052,480,0.00044688090971235355,3.3495086480022653,0.00025433147921157884,1.2716172315098027,0.0,0.0003645004290411706,1.2260092831382594,0.0,0.0012690355329949238
compact,Traffic,20260820,80,0,9.931445240413097e-05,6278.261507288245,0.12001024325547859,607.2834164571746,480,0.0004548682327611732,3.6165883749076526,0.0002500213401155804,1.2651737842857804,0.0,0.0003498946901133007,1.300014677598796,0.0,0.0018915510718789407
compact,Traffic,20260821,80,0,6.728617983191193e-05,3684.1751417712176,0.11056247375068301,549.6256085349762,480,0.00037440558398144005,2.7704448882246395,0.0002303384869805896,1.1450533511145338,0.0,0.0003439129994690723,1.0886636578420754,0.0,0.0006345177664974619
compact,Traffic,20260822,80,0,6.732685617049344e-05,3941.5644340880817,0.11401958495493648,582.1835457835841,480,0.00037451873609811297,2.8655876484618013,0.000237540801989451,1.2128823870491336,0.0,0.00035915094553196065,1.0427892248575044,0.0,0.0012642225031605564
compact,Traffic,20260823,80,0,0.00011026015016048084,6066.694726559612,0.1296719692397493,653.2101311097141,480,0.00047927929870553393,3.5551297229495287,0.00027014993591614435,1.3608544398119045,0.0,0.0003845130880465531,1.2464576983332945,0.0,0.0025284450063211127
compact,Traffic,20260824,80,0,8.468318242515448e-05,3280.7611047852583,0.11728119174081615,538.7485513730327,480,0.000420027733273735,2.61436779514716,0.00024433581612670033,1.1223928153604847,0.0,0.00032051544351336514,1.3104758031923671,0.0,0.0006341154090044388
compact,Traffic,20260825,80,0,6.854247523906884e-05,3877.1467674917767,0.10912198924985811,543.6591036247762,480,0.0003778846694624257,2.842074787710767,0.00022733747760387107,1.1326231325516172,0.0,0.0003254928179052263,1.1609616208872982,0.0,0.002544529262086514
compact,Traffic,20260826,80,0,7.566278800167549e-05,3076.4963745325213,0.11242895463524,522.5411251321638,480,0.00039702746546910824,2.5316728554342784,0.00023422698882341665,1.0886273440253411,0.0,0.0003123859588115812,1.270951700196549,0.0,0.0
compact,Traffic,20260827,80,0,8.802114357882212e-05,4945.870214071212,0.114527174303498,549.8280826702215,480,0.0004282258544925556,3.209968267649234,0.00023859827979895416,1.1454751722296281,0.0,0.0003253435643189629,1.3162266030648393,0.0,0.0006353240152477764
compact,Traffic,20260828,80,0,7.86272191333129e-05,6056.753812065715,0.10949900197538903,601.6513442154276,480,0.0004047304121606569,3.552215802632244,0.00022812292078206047,1.2534403004488075,0.0,0.0003421430664942359,1.1829274119382904,0.0,0.0
compact,Traffic,20260829,80,0,6.270562922506226e-05,3669.2842255567257,0.10606993591843498,511.91894828251424,480,0.0003614370312408692,2.7648403455853487,0.0002209790331634062,1.0664978089219046,0.0,0.0003208653972969832,1.1264444040574875,0.0,0.0018951358180669614
compact,Traffic,20260830,80,0,7.386417277277048e-05,3514.152083735079,0.11154531807281923,561.5752117770231,480,0.00039228012092968104,2.705762401699026,0.00023238607931837338,1.1699483578687981,0.0,0.0003208093729649301,1.222782605458862,0.0,0.00253324889170361
compact,Traffic,20260831,80,0,9.368763840984975e-05,6021.9569416383065,0.12056774150311896,627.535867353245,480,0.0004417947261121621,3.541997124280755,0.0002511827947981645,1.3073663903192603,0.0,0.0003149396099200193,1.4027918756372322,0.0,0.0006361323155216285
compact,Traffic,20260832,80,0,8.16457787092823e-05,3868.1134282055377,0.11422427109526591,551.0523383788435,480,0.00041242620226048296,2.838761991096624,0.00023796723144847064,1.148025704955924,0.0,0.00035334888308897116,1.167192601983226,0.0,0.001277139208173691
compact,Traffic,20260833,80,0,7.845020006613863e-05,6034.229658758527,0.11452505582117067,595.755428455034,480,0.0004042745562170039,3.545604573141267,0.00023859386629410557,1.2411571426146542,0.0,0.0003525649515004852,1.1466668893106,0.0,0.0012763241863433313
compact,Traffic,20260834,80,0,6.989992111170293e-05,3905.2362621201355,0.11207576500657979,562.3232527673684,480,0.0003816082227224423,2.8523514649174895,0.00023349117709704122,1.1715067765986842,0.0,0.0003261610898377655,1.1699992261868408,0.0,0.0
compact,Traffic,20260835,80,0,9.823603943790227e-05,3636.2284362571604,0.11980936761965605,568.7163691285878,480,0.0004523918826588622,2.7523582450090114,0.00024960284920761674,1.1848257690178912,0.0,0.0003807691439841459,1.1881001646438516,0.0,0.0
compact,Traffic,20260836,80,0,8.206336705796115e-05,3031.727687361094,0.1086092460007489,502.55875164047575,480,0.00041347956181342154,2.513185100359491,0.0002262692625015602,1.0469973992509911,0.0,0.00035776583652138207,1.155726789996925,0.0,0.001265022137887413
compact,Traffic,20260837,80,0,8.927044830015952e-05,4880.106153751765,0.11603452803707905,575.9730956381022,480,0.000431254102154788,3.188555757755567,0.000241738600077248,1.1999439492460462,0.0,0.00034480432028923533,1.2507212838662671,0.0,0.0018987341772151898
compact,Water,20260808,80,0,0.001458749741612373,35550.75762097806,0.7524530296694535,1307.5270357871132,720,0.0014233907783159768,7.026809535725187,0.0010450736523186855,1.816009771926546,0.0,0.0011723019857050657,1.2141843958917267,0.0,0.0
compact,Water,20260809,80,0,0.001208319798250165,24873.23645890064,0.7040051586774619,1109.941688000478,720,0.0012954620573425214,5.8775982976444645,0.000977784942607586,1.5415856777784418,0.0,0.0010578643013361463,1.2246013554916966,0.0,0.0
compact,Water,20260810,80,0,0.0013840455246145352,27049.428365925854,0.7385257260338625,1158.5944475864633,720,0.00138646509182652,6.129327084454733,0.0010257301750470312,1.609158954981199,0.0,0.0011585005557152616,1.1967755086405742,0.0,0.0012626262626262627
compact,Water,20260811,80,0,0.0014170773500328869,52170.80742688804,0.7476702853039532,1514.292570223174,720,0.0014029123230468777,8.512311951495123,0.0010384309518110461,2.103184125309964,0.0,0.0011738829877201151,1.1951040586861024,0.0,0.0012795905310300703
compact,Water,20260812,80,0,0.0012937906831721273,27716.66338192276,0.7294403169337362,1100.0986085170905,720,0.0013404967379317758,6.20446337794221,0.001013111551296856,1.5279147340515147,0.0,0.0011634173860400443,1.1522062107860203,0.0,0.0006345177664974619
compact,Water,20260813,80,0,0.0012346223779330355,37436.951402345614,0.711361735687868,1393.3380976706142,720,0.0013094858925107866,7.210808958542109,0.0009880024106775943,1.9351918023202974,0.0,0.0010428669752039895,1.255659565070267,0.0,0.0012746972594008922
compact,Water,20260814,80,0,0.0012130577716705933,30529.48009581387,0.697780602360659,1271.5796773908667,720,0.0012979994070312982,6.511686086462582,0.0009691397255009152,1.7660828852650925,0.0,0.0010667552647538798,1.216773378035093,0.0,0.0
compact,Water,20260815,80,0,0.0011956662710754687,28595.119245554666,0.6987625758191592,1209.7064197178872,720,0.0012886611652082672,6.302018993672084,0.00097050357752661,1.6801478051637322,0.0,0.0010813028493605777,1.1917671038879716,0.0,0.0006313131313131314
compact,Water,20260816,80,0,0.0013196486623764613,32258.21808308248,0.7286740185891017,1217.5463658828044,720,0.001353826194314378,6.693510339944796,0.001012047248040419,1.6910366192816728,0.0,0.0011501028897094815,1.1771348515230298,0.0,0.0
compact,Water,20260817,80,0,0.0011802432842587896,35202.11118804997,0.6909301655424768,1253.297412690177,720,0.0012803229216462398,6.99226866578465,0.0009596252299201066,1.7406908509585792,0.0,0.0010894459691680243,1.1752055245327881,0.0,0.0
compact,Water,20260818,80,0,0.0011918133206619138,26394.567205863033,0.6946803588917944,1094.3215842683292,720,0.0012865831798593913,6.054677623065841,0.0009648338317941588,1.5198910892615682,0.0,0.0010875497549759276,1.1830108682134448,0.0,0.001265022137887413
compact,Water,20260819,80,0,0.0014342308955378213,31953.449060286264,0.743464792027197,1273.0070161152241,720,0.0014113778214615818,6.661815845661654,0.0010325899889266623,1.7680653001600335,0.0,0.0011571862986402412,1.2196634397763177,0.0,0.0
compact,Water,20260820,80,0,0.0012720549378170889,32372.258950525833,0.7079124817697902,1182.8592816836074,720,0.0013291888387999657,6.705331517875847,0.0009832117802358196,1.6428601134494547,0.0,0.0010902476148538281,1.219162345040464,0.0,0.0
compact,Water,20260821,80,0,0.001531983166281468,25954.84139097694,0.7904543282617472,1157.6268227763492,720,0.0014586824183533405,6.004031214176131,0.001097853233696871,1.6078150316338182,0.0,0.0011913026530295592,1.224443188004171,0.0,0.0006418485237483953
compact,Water,20260822,80,0,0.0013003316102470244,43995.18671700228,0.7173033878294982,1338.4833486828745,720,0.001343880993742783,7.816932006601855,0.0009962547053187474,1.8590046509484368,0.0,0.0011081320458723623,1.212744454732225,0.0,0.001273074474856779
compact,Water,20260823,80,0,0.001159100574914828,45719.777545393365,0.7032152118533521,1501.372219746614,720,0.0012688033376390241,7.9686693390596,0.0009766877942407669,2.0852391940925195,0.0,0.0010837874366651434,1.1707123507015194,0.0,0.001273074474856779
compact,Water,20260824,80,0,0.0014910310254483592,19836.012961448127,0.7498352281658083,1006.0553153574508,720,0.0014390540032374853,5.248811103670172,0.001041437816896956,1.3972990491075705,0.0,0.0011396368541172167,1.2627303145195339,0.0,0.0006345177664974619
compact,Water,20260825,80,0,0.0012587532791524592,33380.34821717429,0.6980151120182608,1235.1026389827573,720,0.0013222210266318202,6.808934920093994,0.0009694654333586956,1.7154203319204961,0.0,0.0010877395303603426,1.2155676885198787,0.0,0.0
compact,Water,20260826,80,0,0.0014492769353863857,32867.021941174375,0.7528431543445325,1218.3788443698777,720,0.0014187616545710176,6.756377845041262,0.0010456154921451842,1.692192839402608,0.0,0.0011778878572237304,1.2044963753298419,0.0,0.0
compact,Water,20260827,80,0,0.0011772093757820002,41299.35590195097,0.6926500155145635,1348.6047993314496,720,0.0012786762772177501,7.573652786501865,0.0009620139104368938,1.87306222129368,0.0,0.00108132558396422,1.1825081142813876,0.0,0.0006293266205160479
compact,Water,20260828,80,0,0.0013879485903448216,27370.36969506374,0.7335339590272978,1147.2962966911232,720,0.0013884186600153856,6.165582077489131,0.0010187971653156914,1.593467078737671,0.0,0.0011175417764143114,1.2423863602398795,0.0,0.0006385696040868455
compact,Water,20260829,80,0,0.0013063351397613564,35476.7526221905,0.7227463263031053,1316.2517506084153,720,0.0013469797180283233,7.019491970991927,0.0010038143420876462,1.8281274314005767,0.0,0.0011290173678771486,1.193054913372149,0.0,0.0006381620931716656
compact,Water,20260830,80,0,0.0013025479720093019,37951.17262604842,0.7225876965355985,1338.6762246053925,720,0.0013450258010791,7.260162669019394,0.001003594022966109,1.8592725341741563,0.0,0.0011317210028625349,1.1884782536305676,0.0,0.0
compact,Water,20260831,80,0,0.0013208756970541854,21661.934709852583,0.7112490290011224,1109.119679461435,720,0.0013544554548754729,5.48507250912427,0.00098784587361267,1.5404439992519932,0.0,0.0010857643590249774,1.2474672276881345,0.0,0.0
compact,Water,20260832,80,0,0.001322941653642031,37380.4208515606,0.7125789923209802,1246.6809203179973,720,0.0013555142800397602,7.205362668368821,0.0009896930448902502,1.7315012782194408,0.0,0.0011550327715052521,1.1735721388002163,0.0,0.0012706480304955528
compact,Water,20260833,80,0,0.0012244706984735271,29751.766331588882,0.7082258739873553,1114.0154477294318,720,0.0013040911578106411,6.428211079512117,0.0009836470472046601,1.5472436774019886,0.0,0.0011105666009738147,1.174257497629707,0.0,0.0
compact,Water,20260834,80,0,0.001293916147919152,27254.098862024475,0.6992610388351101,1167.2494465071195,720,0.00134056173337852,6.1524722743093365,0.0009711958872709863,1.6211797868154438,0.0,0.001024567114300529,1.3084176865209265,0.0,0.001265022137887413
compact,Water,20260835,80,0,0.0013224555439895968,40465.20830594094,0.7293975253857129,1335.96575482186,720,0.0013552652179911733,7.496777854698361,0.0010130521185912678,1.8555079928081388,0.0,0.001071940510019053,1.2643101042678986,0.0,0.0006345177664974619
compact,Water,20260836,80,0,0.0013310828249206035,35771.33942826111,0.7228590913621126,1427.7109147486435,720,0.0013596786920898115,7.048575449875306,0.0010039709602251564,1.9829318260397826,0.0,0.0010921641955429957,1.2449398154952465,0.0,0.0006373486297004461
compact,Water,20260837,80,0,0.0012652281734555164,22577.39828510771,0.7052914481181716,1067.0981099881126,720,0.001325617347510793,5.599776568596746,0.0009795714557196827,1.482080708316823,0.0,0.0011587838775184835,1.143972895402705,0.0,0.0006357279084551812
onoff,Climate,20260808,40,0,0.22564600728073006,8825.395267478803,3.1583041421420797,550.696672710866,200,0.033589135690036,6.642813887005568,0.015791520710710397,2.75348336355433,0.0,0.001933151349271041,17.375326408199697,0.3063063063063063,0.03758389261744966
onoff,Climate,20260809,40,0,0.46518917938210597,18267.729640090336,4.19190812307207,730.8327091394926,200,0.04822806130159629,9.5571255197602,0.020959540615360348,3.6541635456974633,0.0,0.0021559696537824797,22.369545516090145,0.37267080745341613,0.05555555555555555
onoff,Climate,20260810,40,0,0.1360762269918634,5337.966604269054,3.0671056673771786,535.9412006004173,200,0.026084116526332975,5.1662203806405,0.015335528336885893,2.679706003002087,0.0,0.0019323027488938583,13.498980188929897,0.3323170731707317,0.04133333333333333
onoff,Climate,20260811,40,0,0.4296676184365366,16737.523516950394,4.459252930597681,773.3108800627979,200,0.04635016820015525,9.148093658503502,0.022296264652988406,3.8665544003139893,0.0,0.001920520308400043,24.1341723893401,0.382262996941896,0.05858854860186418
onoff,Climate,20260812,40,0,0.02736786320878,1088.5126908812547,1.1496084322933255,212.6199705958636,200,0.011697833818442626,2.3329302292195266,0.0057480421614666275,1.063099852979318,0.0,0.0019527529039392098,5.990432171343879,0.14925373134328357,0.012113055181695828
onoff,Climate,20260813,40,0,0.1435263588784548,5668.940778628341,3.3807340184238384,592.2679603099759,200,0.026788650477250136,5.323974445199911,0.016903670092119193,2.9613398015498795,0.0,0.002020206428147985,13.26035305303355,0.4195583596214511,0.01576872536136662
onoff,Climate,20260814,40,0,1.3074755866744738,50394.9810852466,6.230854637368513,1077.147238751984,200,0.0808540532896921,15.87371744193001,0.031154273186842565,5.385736193759921,0.0,0.0019059818621098028,42.421208143183335,0.4692556634304207,0.0494148244473342
onoff,Climate,20260815,40,0,0.12892307951413098,5105.213144285728,2.6417280308986024,464.13420250299987,200,0.025389277216389106,5.05233270098364,0.013208640154493013,2.320671012514999,0.0,0.0017441414462770492,14.556891168765983,0.3258064516129032,0.028645833333333332
onoff,Climate,20260816,40,0,0.14898274062704306,5750.694080353132,3.023751170878042,527.9817271603358,200,0.027293107245881975,5.362226254249784,0.015118755854390209,2.639908635801679,0.0,0.0018623377704188647,14.65529383520122,0.32,0.033200531208499334
onoff,Climate,20260817,40,0,0.42151982233491664,16318.445013027896,3.7033532272686434,641.642126950812,200,0.04590859518297835,9.032841472379523,0.01851676613634322,3.2082106347540598,0.0,0.0018567247908089833,24.72557883119327,0.34726688102893893,0.03389830508474576
onoff,Climate,20260818,40,0,0.46445914958934,17887.028469346587,5.443348785350786,940.1506564307597,200,0.04819020385873772,9.457015509489922,0.02721674392675393,4.700753282153799,0.0,0.0020213222957108125,23.840930246995217,0.4040114613180516,0.06584362139917696
onoff,Climate,20260819,40,0,0.23840243112841358,9240.23511336166,2.822010126863999,492.15930871502513,200,0.03452552904217498,6.797144662783652,0.014110050634319995,2.4607965435751256,0.0,0.0018639491661085934,18.52278467135167,0.28615384615384615,0.02656042496679947
onoff,Climate,20260820,40,0,0.236786601824315,9215.424604415824,3.5469481877073896,620.2886922894787,200,0.03440832761297147,6.788013186645936,0.01773474093853695,3.101443461447394,0.0,0.0018263211156293526,18.840239713876556,0.32732732732732733,0.036241610738255034
onoff,Climate,20260821,40,0,1.10108130427575,42470.263710614854,5.732758765757995,994.7960452837872,200,0.07419842667724666,14.572279113202377,0.028663793828789978,4.973980226418936,0.0,0.0020575299584356995,36.06189371534512,0.39039039039039036,0.04161073825503356
onoff,Climate,20260822,40,0,0.4348477115959972,16962.608338946076,4.308277267510952,750.1694204869817,200,0.04662873103548912,9.209399638126818,0.02154138633755476,3.750847102434909,0.0,0.002033455470943082,22.930785405329537,0.3619047619047619,0.045871559633027525
onoff,Climate,20260823,40,0,0.1309344383730039,5087.686588849167,2.6979643904993003,470.72923926283033,200,0.025586562720791933,5.043652738268747,0.013489821952496501,2.3536461963141515,0.0,0.001898687137813594,13.4759235532905,0.33223684210526316,0.031007751937984496
onoff,Climate,20260824,40,0,0.2804281188171857,10869.502156749799,3.4054509197379583,591.9816132148354,200,0.037445167833592745,7.372076422809858,0.01702725459868979,2.9599080660741772,0.0,0.0018748367751972956,19.972494848066045,0.26785714285714285,0.04582210242587601
onoff,Climate,20260825,40,0,0.19352381880758052,7553.11074165953,2.9725945922233934,523.9645408880119,200,0.0311065763792466,6.145368476202028,0.014862972961116968,2.6198227044400597,0.0,0.0019715056478355145,15.778081292030803,0.3128834355828221,0.018617021276595744
onoff,Climate,20260826,40,0,0.2564815937882565,10017.66074472493,3.995810797897681,695.5917349490244,200,0.03581072421693371,7.077309073625699,0.019979053989488404,3.477958674745122,0.0,0.0020947156986059973,17.09574442047922,0.36645962732919257,0.05291005291005291
onoff,Climate,20260827,40,0,0.07186731031336556,2809.6918155877192,2.0051622903871276,350.6787281538893,200,0.01895617449716128,3.7481274095124615,0.010025811451935637,1.7533936407694466,0.0,0.002015018574857436,9.407444047260181,0.26688102893890675,0.02346805736636245
onoff,Climate,20260828,40,0,0.17889705134040096,6937.303169054618,3.5963535324918965,627.0367267428779,200,0.029907946380552525,5.889525944019017,0.017981767662459482,3.1351836337143895,0.0,0.00192346301394409,15.54901038581752,0.36904761904761907,0.03773584905660377
onoff,Climate,20260829,40,0,0.06663529431541351,2602.321395149342,2.1245895593825948,376.6417880100734,200,0.018253122241881456,3.607160514275281,0.010622947796912974,1.883208940050367,0.0,0.0019748021711818256,9.243013051255573,0.2676923076923077,0.021248339973439574
onoff,Climate,20260830,40,0,0.28930501004390397,11239.646783413695,4.602328371795713,798.4170200303831,200,0.03803320983324337,7.496548133445717,0.023011641858978568,3.9920851001519155,0.0,0.0020277445989666464,18.75641037467212,0.44011976047904194,0.053763440860215055
onoff,Climate,20260831,40,0,0.18091315410940298,7017.1826440015975,3.0129921232995875,528.0900651519589,200,0.03007599990934657,5.923336325079641,0.015064960616497938,2.6404503257597947,0.0,0.0019835696570660636,15.162563009676486,0.33015873015873015,0.028833551769331587
onoff,Climate,20260832,40,0,0.10056411072287094,4003.606160351939,2.785964007432897,491.9891843603239,200,0.022423660575703396,4.474151405770673,0.013929820037164484,2.4599459218016198,0.0,0.002003276957654969,11.193489991494975,0.3476923076923077,0.0451527224435591
onoff,Climate,20260833,40,0,0.39161769374607835,15263.209495781113,3.1771726552526705,554.214380093808,200,0.044250293431008926,8.735905647321609,0.015885863276263353,2.7710719004690403,0.0,0.0019996489565867527,22.129030840763562,0.24709302325581395,0.04087193460490463
onoff,Climate,20260834,40,0,0.0599600934790725,2285.059873377781,2.0706592924295593,363.7657695975752,200,0.017314747107461965,3.380133039820904,0.010353296462147797,1.8188288479878758,0.0,0.0017510046627052225,9.888464306377957,0.28792569659442724,0.04105960264900662
onoff,Climate,20260835,40,0,0.671192788255169,25874.87446586535,5.2950487201105805,909.567437181442,200,0.057930682209653334,11.374285574458149,0.0264752436005529,4.54783718590721,0.0,0.0018614352180895005,31.12151400525825,0.42038216560509556,0.04842931937172775
onoff,Climate,20260836,40,0,0.2997778801017039,11613.166255114462,4.065639172675558,701.5537978369747,200,0.03871549302938708,7.620093915141224,0.020328195863377793,3.5077689891848736,0.0,0.00180015562990479,21.506747742379773,0.36151603498542273,0.036734693877551024
onoff,Climate,20260837,40,0,0.10840330176109642,4241.094486328957,2.735756335773593,478.6792730582275,200,0.023281248007902888,4.604940003045076,0.013678781678867965,2.3933963652911374,0.0,0.001895438522910807,12.282776637962435,0.3192771084337349,0.028150134048257374
onoff,Traffic,20260808,40,0,0.07673645991031913,4071260.8183446643,2.5013887788106737,12504.831184254317,240,0.017881142290869723,130.24433478314046,0.010422453245044474,52.10346326772632,0.0,0.00033255845589221184,53.76841867664108,0.2598187311178248,0.033810143042912875
onoff,Traffic,20260809,40,0,1.5472184725594114,83654298.32334763,4.520670693956387,22751.83858222,240,0.0802916162227677,590.3893430163538,0.018836127891484946,94.79932742591667,0.0,0.00041699453308651407,192.5483665899993,0.19230769230769232,0.028871391076115485
onoff,Traffic,20260810,40,0,3.4601945886979943,177602906.43504095,10.591878495203131,52811.91214946673,240,0.12007280063739793,860.239565554854,0.04413282706334638,220.04963395611136,0.0,0.0003582416269575217,335.17266448668596,0.3241590214067278,0.08667529107373868
onoff,Traffic,20260811,40,0,0.46432936132982006,24302876.812964898,4.3903216178509945,21987.08775141767,240,0.043985289270477505,318.21688629091807,0.018293006741045812,91.61286563090695,0.0,0.000427185558738816,102.96530013873992,0.27469135802469136,0.08505154639175258
onoff,Traffic,20260812,40,0,1.6994711492188337,87571836.9315546,6.553873092924614,32699.30317825067,240,0.08414944912720349,604.0551745341459,0.02730780455385256,136.24709657604447,0.0,0.00035819031008187374,234.9294404641179,0.2930513595166163,0.07672301690507152
onoff,Traffic,20260813,40,0,2.088649819524358,109097144.87283626,8.786760555685293,43929.63204802247,240,0.09328830356133341,674.2191312697609,0.036611502315355385,183.04013353342694,0.0,0.00043444193933950753,214.73134868876116,0.4050632911392405,0.0663265306122449
onoff,Traffic,20260814,40,0,0.23797715078708365,12413167.901083037,3.6989988813707795,18538.456337966745,240,0.03148922770746924,227.42368592822368,0.015412495339044914,77.24356807486144,0.0,0.00039458508325975074,79.80339106417829,0.30930930930930933,0.041720990873533245
onoff,Traffic,20260815,40,0,0.573492500343724,30370865.410191085,5.722487241699867,28737.096646979244,240,0.048883044962088,355.7320234986764,0.023843696840416113,119.73790269574685,0.0,0.0003657967531008058,133.63444193452662,0.40584415584415584,0.06691919191919192
onoff,Traffic,20260816,40,0,0.11143884557232454,5965154.67523331,2.4023867618522683,12043.735818882555,240,0.021548283532987468,157.6540869968345,0.010009944841051117,50.18223257867731,0.0,0.0003419704162521652,63.01212768386959,0.23322683706070288,0.054637865311308764
onoff,Traffic,20260817,40,0,1.801850014641571,92175959.6884063,7.1476086662278195,35612.59097622432,240,0.08664703338453013,619.7309889796483,0.02978170277594925,148.385795734268,0.0,0.00034155226759524323,253.68601413360037,0.311178247734139,0.0754226267880364
onoff,Traffic,20260818,40,0,1.4308759792246324,75407544.92052162,7.801455532827908,39140.25326664847,240,0.0772138798841847,560.5337669003596,0.03250606472011628,163.08438861103528,0.0,0.0003792839313051786,203.57804143845217,0.3895705521472393,0.06201550387596899
onoff,Traffic,20260819,40,0,1.480732238810358,77003429.83278964,7.275595253082192,36343.24777493079,240,0.07854755032278107,566.4341305953325,0.030314980221175798,151.4301990622116,0.0,0.00040824736361351954,192.40185564833342,0.3760932944606414,0.06869220607661823
onoff,Traffic,20260820,40,0,0.15014431193758812,7870698.766809704,4.244486203811125,21207.20101375348,240,0.025012023103698558,181.09273368923567,0.017685359182546354,88.36333755730617,0.0,0.0003953558093057063,63.264589807400995,0.37037037037037035,0.06701030927835051
onoff,Traffic,20260821,40,0,0.26271050117706546,13743148.563611548,4.398555158878322,22045.333146673882,240,0.03308514905872078,239.29713540919815,0.018327313161993007,91.85555477780784,0.0,0.00040026004006935364,82.65913592820324,0.3508771929824561,0.059366754617414245
onoff,Traffic,20260822,40,0,1.0524024021019585,54947844.85077964,6.2983710282842225,31576.799472834457,240,0.06621940809731057,478.48652389060567,0.02624321261785093,131.5699978034769,0.0,0.00038620555885577284,171.4615612822911,0.32098765432098764,0.07603092783505154
onoff,Traffic,20260823,40,0,1.1383142728880682,59185459.050255194,4.7660094384763445,23872.55249346397,240,0.06886926845141901,496.59448182200265,0.0198583726603181,99.46896872276653,0.0,0.0004020565475439195,171.2924932378969,0.24846625766871167,0.06459948320413436
onoff,Traffic,20260824,40,0,0.1095382612275403,5747234.707820583,2.9956993137587973,14976.025316312769,240,0.02136374081900026,154.74757278414987,0.012482080473994989,62.40010548463654,0.0,0.0003341994974540858,63.92511353771658,0.2620481927710843,0.041666666666666664
onoff,Traffic,20260825,40,0,1.4698320848581097,75841376.60083914,6.599127464079543,32954.31167861892,240,0.07825790920779482,562.1438746769636,0.027496364433664763,137.3096319942455,0.0,0.00033565322360413065,233.15107290639995,0.258160237388724,0.0655307994757536
onoff,Traffic,20260826,40,0,1.6929361166741201,85852321.87063864,6.4054080632720085,31841.80944871319,240,0.08398750196393609,598.0953166463751,0.02668920026363337,132.67420603630495,0.0,0.0003310868524701708,253.6721145443337,0.2822822822822823,0.06779661016949153
onoff,Traffic,20260827,40,0,0.6528540893312406,33963608.76209077,5.807706206697311,29034.84409428157,240,0.052155779854331605,376.1848435393318,0.024198775861238798,120.97851705950653,0.0,0.0003729039146984365,139.86385714537064,0.3009118541033435,0.0648508430609598
onoff,Traffic,20260828,40,0,0.14896906814718108,7810199.931637748,2.7306549288805906,13668.991573026047,240,0.024913940888852862,180.39539826491495,0.011377728870335795,56.9541315542752,0.0,0.00037243963097510183,66.89390391571513,0.19701492537313434,0.032679738562091505
onoff,Traffic,20260829,40,0,0.05958263049358665,3116247.678689809,2.064873726966905,10345.453210577347,240,0.01575629907021139,113.94895931018503,0.00860364052902877,43.10605504407228,0.0,0.0003685967922217009,42.74670697821593,0.2459546925566343,0.040455120101137804
onoff,Traffic,20260830,40,0,3.2399846741230904,170680490.21755838,10.8050758628221,54170.14180937115,240,0.11618922558559182,843.3081935092453,0.04502114942842542,225.70892420571312,0.0,0.00033003016393016006,352.05638236806567,0.3394495412844037,0.06727037516170763
onoff,Traffic,20260831,40,0,0.44507592423354975,23205234.262046702,5.246430317366908,26217.695267875926,240,0.0430637088235534,310.9477063621169,0.021860126322362117,109.24039694948303,0.0,0.00033019974598138234,130.4171470379673,0.2890855457227139,0.08278580814717477
onoff,Traffic,20260832,40,0,3.883111130968574,203278256.08388883,12.239424100134915,61216.28085826707,240,0.1271991733949913,920.3220814925991,0.05099760041722881,255.06783690944613,0.0,0.00040860690821279305,311.2996154454366,0.3353115727002967,0.07077326343381389
onoff,Traffic,20260833,40,0,0.5140274903849538,26922765.647057224,4.902167086122702,24588.69614870895,240,0.04627938212570807,334.93012733415276,0.020425696192177926,102.45290061962062,0.0,0.00040300423190571256,114.83597059729055,0.2920353982300885,0.06307490144546649
onoff,Traffic,20260834,40,0,0.21854246552540735,11582772.066402772,4.599302831536351,23106.6706128378,240,0.030176043583542624,219.68511619287779,0.019163761798068127,96.2777942201575,0.0,0.00036081427769383526,83.63317487438275,0.3723076923076923,0.06451612903225806
onoff,Traffic,20260835,40,0,1.320466052806801,69388854.33533947,5.7312182973154275,28636.4476488015,240,0.07417507591297096,537.6990109691925,0.02388007623881428,119.31853187000624,0.0,0.0004542533912839944,163.29008728654154,0.34967320261437906,0.05793450881612091
onoff,Traffic,20260836,40,0,0.14921153683815963,7813684.517113949,3.918500363539047,19632.641112085796,240,0.024934208165202785,180.4356362288451,0.016327084848079362,81.80267130035749,0.0,0.0003923487077244303,63.55114130442237,0.3507692307692308,0.04903225806451613
onoff,Traffic,20260837,40,0,1.3850708918149892,72532964.69125949,7.089384040118035,35479.14039261994,240,0.07596794531837614,549.746019734187,0.02953910016715848,147.82975163591644,0.0,0.00037284506566150744,203.7520469356156,0.3293051359516616,0.06762028608582575
onoff,Water,20260808,40,0,0.016578928874380193,82571.4038959281,1.0389390353540937,1150.023131380576,360,0.0067862051403278145,15.144801445447296,0.0028859417648724826,3.194508698279378,0.0,0.0012471947667047623,5.441175124762414,0.06301369863013699,0.0037359900373599006
onoff,Water,20260809,40,0,0.01842843800739784,77743.28928664477,1.0220822799687572,1016.3679563954298,360,0.0071547261007047025,14.69535917736586,0.002839117444357659,2.8232443233206386,0.0,0.001025993955634831,6.97345833414558,0.08333333333333333,0.003658536585365854
onoff,Water,20260810,40,0,0.08295133556200657,258009.12354948441,2.707872257714932,2088.6792758138176,360,0.015179603965885583,26.771104008981006,0.007521867382541478,5.801886877260604,0.0,0.0011583794332243268,13.104172545288938,0.1936416184971098,0.02068126520681265
onoff,Water,20260811,40,0,0.02805792445004999,86249.26825234763,1.5997046561346306,1385.940171523734,360,0.00882828856732247,15.478414024084174,0.004443624044818418,3.84983380978815,0.0,0.0011986134187057429,7.365417764849667,0.11174785100286533,0.01221001221001221
onoff,Water,20260812,40,0,0.015393796355709574,56316.128852303846,1.1054025500494793,1015.3839749997077,360,0.006539154794965982,12.507345492005872,0.003070562639026331,2.8205110416658545,0.0,0.0011607667509016507,5.633478724202388,0.09510086455331412,0.00243605359317905
onoff,Water,20260813,40,0,0.01586924722632276,69868.08086199901,1.0793058040536518,1115.307465834457,360,0.00663937062494187,13.931188118550468,0.0029980716779268108,3.0980762939846027,0.0,0.001054919741854871,6.293721087509302,0.08959537572254335,0.009732360097323601
onoff,Water,20260814,40,0,0.028296503995283093,121437.75965441726,1.178504368196379,1177.639418321452,360,0.008865743058926165,18.366467002424802,0.0032736232449899413,3.2712206064484777,0.0,0.0011254257171310572,7.877679462956273,0.06571428571428571,0.004889975550122249
onoff,Water,20260815,40,0,0.06189995553792896,180834.1662437468,1.8311514607172015,1469.2054827869702,360,0.013112754132473146,22.41243245287874,0.00508653183532556,4.081126341074917,0.0,0.0011177495239653604,11.731388697848837,0.1359773371104816,0.014723926380368098
onoff,Water,20260816,40,0,0.01239831477119707,53273.460890133974,0.9073851380108577,911.2381751111418,360,0.005868540129651087,12.164778493911335,0.0025205142722523827,2.531217153086505,0.0,0.0011161330159437544,5.25792181202426,0.06111111111111111,0.0037128712871287127
onoff,Water,20260817,40,0,0.04506151716558326,179888.83474014714,1.4958925344275675,1468.2986136300228,360,0.011187979308861321,22.353773900876778,0.0041552570400765765,4.0786072600833965,0.0,0.0010325784630706807,10.834991924575418,0.13149847094801223,0.0178359096313912
onoff,Water,20260818,40,0,0.011259445371049438,50582.445364688014,0.9576616635288429,948.1335064948028,360,0.005592516172690428,11.853556119565509,0.0026601712875801192,2.6337041847077853,0.0,0.0011280432668052055,4.957714244888236,0.07777777777777778,0.0012376237623762376
onoff,Water,20260819,40,0,1.7530404904765915,5524686.825149303,7.537496448649016,5403.690318144176,360,0.06978221061266641,123.88039510786764,0.020937490135136155,15.010250883733821,0.0,0.0011220849614773164,62.1897744006768,0.2334293948126801,0.03288672350791717
onoff,Water,20260820,40,0,0.021902147930624755,90781.77388669053,1.2306782825924893,1270.011831580338,360,0.007799955115722845,15.879911653711929,0.003418550784979137,3.5278106432787166,0.0,0.0011057184768809502,7.054196234221603,0.10826210826210826,0.0036719706242350062
onoff,Water,20260821,40,0,0.018477483717740682,65183.17265288702,1.014831596911253,951.7316632255605,360,0.007164240619939477,13.456016070153963,0.0028189766580868137,2.6436990645154457,0.0,0.0012523518075141977,5.720629440508279,0.07242339832869081,0.003708281829419036
onoff,Water,20260822,40,0,0.010181048148236858,55256.6918579673,0.7360545031876524,897.0751431255176,360,0.005317959129276751,12.389140838515631,0.0020445958421879233,2.4918753975708823,0.0,0.0011024475258086172,4.823775286153564,0.053824362606232294,0.001226993865030675
onoff,Water,20260823,40,0,0.0072848140271996285,47490.532678520176,0.7500903687160422,1030.7187497920129,360,0.004498399106348721,11.48556251688278,0.0020835843575445615,2.863107638311147,0.0,0.0010894401928846467,4.1290922950416835,0.05,0.0012376237623762376
onoff,Water,20260824,40,0,0.0642372900068935,186147.54008704782,1.9666314104923066,1526.2958714420517,360,0.013358028173567208,22.739316177972448,0.005462865029145296,4.239710754005699,0.0,0.0011569681548395283,11.545718106147847,0.1348314606741573,0.0049261083743842365
onoff,Water,20260825,40,0,0.2005168935848928,638027.6726190896,2.5627470711172715,2086.610338267928,360,0.023600664631936677,42.098682765718245,0.007118741864214643,5.796139828522022,0.0,0.0011301889468149934,20.882052243075062,0.14520547945205478,0.008717310087173101
onoff,Water,20260826,40,0,0.022034533692503452,63767.39300630775,1.2103160831679842,1002.0645166871817,360,0.007823492700497127,13.309081382264658,0.0033619891199110673,2.7835125463532826,0.0,0.001155773678978435,6.769052490806119,0.09803921568627451,0.008631319358816275
onoff,Water,20260827,40,0,0.04031204486951001,144314.87271763876,1.244032813634167,1194.7179696369635,360,0.010581961180013163,20.021854220772997,0.003455646704539353,3.3186610267693433,0.0,0.0011453400739820107,9.239143395395915,0.09523809523809523,0.006009615384615385
onoff,Water,20260828,40,0,0.003705019682589881,21091.68309536276,0.7055326945291202,727.4065650512708,360,0.0032080712804623663,7.65428041021688,0.0019598130403586673,2.0205737918090856,0.0,0.0011365601275886298,2.822614662075763,0.0547945205479452,0.0024906600249066002
onoff,Water,20260829,40,0,2.026290292438828,5827032.526838399,6.938868245255124,5042.915825020379,360,0.075023890499383,127.22500329510704,0.019274634014597565,14.008099513945497,0.0,0.0011596462965130661,64.69549441495387,0.21264367816091953,0.03170731707317073
onoff,Water,20260830,40,0,0.005814787625685606,32772.15066925982,0.7329488156112421,837.6628469904293,360,0.004018978458405404,9.541160928265231,0.00203596893225345,2.3268412416400817,0.0,0.0011476324175877146,3.5019736257129823,0.04481792717086835,0.0012330456226880395
onoff,Water,20260831,40,0,0.03591692638472178,141539.05900326063,1.1439786442989743,1115.8647292446149,360,0.009988455333912271,19.828364854088072,0.00317771845638604,3.099624247901708,0.0,0.0011321800770454449,8.822320350291186,0.06628242074927954,0.0
onoff,Water,20260832,40,0,0.005780892498583276,35165.53626492511,0.7132124699055665,813.9778716904514,360,0.004007247773508256,9.883422746212343,0.001981145749737685,2.2610496435845873,0.0,0.0011915261424376511,3.3631219918600674,0.0471976401179941,0.0048250904704463205
onoff,Water,20260833,40,0,0.006258773057825352,28992.573279016695,0.6743402460620945,712.5477245699966,360,0.004169589993774152,8.974125348748277,0.0018731673501724848,1.9792992349166572,0.0,0.001094540423923271,3.8094435825665283,0.0423728813559322,0.0036855036855036856
onoff,Water,20260834,40,0,0.033472192163205176,104133.23280345868,1.5505411157736648,1282.8639198752974,360,0.009642526202425318,17.00761535341176,0.004307058654926847,3.563510888542493,0.0,0.000995272828695647,9.688324572330899,0.13725490196078433,0.0012330456226880395
onoff,Water,20260835,40,0,0.009634742316891824,44635.53953129904,0.893235875603917,948.0764769545044,360,0.0051733135515332224,11.134972375770134,0.0024812107655664364,2.6335457693180677,0.0,0.0010325358869315681,5.010299028837617,0.06784660766961652,0.006031363088057901
onoff,Water,20260836,40,0,0.13562978616342783,470428.69223984046,2.179688374776792,2006.295958420684,360,0.019410033642668467,36.148946974052926,0.006054689929935533,5.573044328946344,0.0,0.0011156797183660293,17.39749618384698,0.13753581661891118,0.006105006105006105
onoff,Water,20260837,40,0,0.09658232880508572,339598.446624508,2.1306733459529723,1687.8701721582174,360,0.0163793848077635,30.713661755014027,0.005918537072091589,4.688528255995048,0.0,0.0011161240226629373,14.67523722738649,0.1339031339031339,0.008567931456548347
mature_anchor,Climate,20260808,60,0,0.3476838426914941,13521.408575006659,4.718812570405213,825.7429040503276,300,0.03404329805270019,6.7135208286478765,0.015729375234684043,2.7524763468344253,0.0,0.0019112351110496621,17.81219791112115,0.2550607287449393,0.055855855855855854
mature_anchor,Climate,20260809,60,0,0.16095078144391925,6288.858226850356,3.7173775914160583,657.2390938706227,300,0.023162525872906525,4.578521678027511,0.012391258638053527,2.1907969795687423,0.0,0.0020096781502706436,11.525490223291339,0.28846153846153844,0.027288732394366196
mature_anchor,Climate,20260810,60,0,0.2881926508204364,11326.969276409902,4.645494718504506,817.6022356458332,300,0.030994228001378816,6.144637031973465,0.01548498239501502,2.7253407854861105,0.0,0.0021192120578191745,14.625354686436696,0.29896907216494845,0.043789097408400354
mature_anchor,Climate,20260811,60,0,0.7984192613649527,30890.96633825092,5.877485948415705,1023.9194656758941,300,0.05158873460246118,10.147407934747166,0.01959161982805235,3.413064885586314,0.0,0.00204771476015492,25.19332067448605,0.28830645161290325,0.04422382671480144
mature_anchor,Climate,20260812,60,0,0.20080224072604963,7971.805571979044,3.713936915912553,662.781365708724,300,0.025871621565339994,5.154870050731652,0.01237978971970851,2.20927121902908,0.0,0.001965768494444359,13.161072444928378,0.24536082474226803,0.03306523681858802
mature_anchor,Climate,20260813,60,0,0.23687646537626383,9330.347086704867,4.097171686963849,722.443791602984,300,0.028099612415848005,5.576841126989623,0.013657238956546162,2.4081459720099465,0.0,0.0020706926571289726,13.57015118545322,0.28125,0.030249110320284697
mature_anchor,Climate,20260814,60,0,0.9533623537622666,36854.81620335824,5.252908851833955,916.4065091864903,300,0.05637263975139792,11.083744283613163,0.01750969617277985,3.0546883639549676,0.0,0.0020076886952855116,28.07837683390513,0.28693790149892934,0.03518029903254178
mature_anchor,Climate,20260815,60,0,0.19932147920499568,7722.654245586465,3.651877159271375,636.8504676845711,300,0.02577605343498727,5.073675277214885,0.012172923864237916,2.1228348922819036,0.0,0.0017075389275458645,15.095441175114834,0.2459016393442623,0.023297491039426525
mature_anchor,Climate,20260816,60,0,0.7463369014299208,28805.74163019294,6.406488496966062,1107.6017467662728,300,0.049877747256998985,9.798935593589224,0.02135496165655354,3.6920058225542425,0.0,0.0018821492578466935,26.500420755186287,0.3333333333333333,0.04092526690391459
mature_anchor,Climate,20260817,60,0,0.22573369570509447,8850.004674316167,4.499210757515022,785.9301704647373,300,0.027430742832637887,5.431391679952192,0.01499736919171674,2.619767234882458,0.0,0.0019305412780958812,14.208835182065206,0.3227176220806794,0.04060017652250662
mature_anchor,Climate,20260818,60,0,0.6128963411088616,23646.23565589538,5.940492257926181,1036.7015196354844,300,0.04519942260357101,8.878107091021784,0.019801640859753937,3.4556717321182813,0.0,0.002008796281276158,22.50074983952902,0.3128834355828221,0.039461883408071746
mature_anchor,Climate,20260819,60,0,0.9014170429179105,35034.190747504574,5.375827639663226,937.4645865090607,300,0.054815358033976525,10.806508956412115,0.017919425465544085,3.1248819550302023,0.0,0.0019169204949070432,28.595530268267424,0.29273504273504275,0.03345070422535211
mature_anchor,Climate,20260820,60,0,0.3411553153889075,13187.273192702994,4.782721896481131,836.7372318572492,300,0.033722164589920556,6.630051078914097,0.015942406321603767,2.7891241061908305,0.0,0.0019648719375540695,17.16252542743264,0.2633663366336634,0.044585987261146494
mature_anchor,Climate,20260821,60,0,1.0653919445976021,41296.57568066981,7.505794735073944,1307.771000793681,300,0.05959283918384831,11.732657510934995,0.025019315783579812,4.35923666931227,0.0,0.0021593348799337398,27.597775471341873,0.3436213991769547,0.04382826475849732
mature_anchor,Climate,20260822,60,0,0.10798506304125445,4237.190493426594,2.8374409040731594,505.1297365598128,300,0.018972353837558346,3.7581868382801273,0.009458136346910532,1.6837657885327093,0.0,0.0019865499826261595,9.550403465045196,0.23617021276595745,0.03262786596119929
mature_anchor,Climate,20260823,60,0,0.09621120808455547,3639.849545935708,2.400348072288736,422.8379968377669,300,0.017908211159926562,3.4832214715383367,0.008001160240962453,1.409459989459223,0.0,0.0019267314811630264,9.294606609695654,0.20434782608695654,0.024475524475524476
mature_anchor,Climate,20260824,60,0,0.5896802666899694,22942.23052534527,4.836442787295735,846.1463798727139,300,0.04433509771012764,8.74494721259945,0.01612147595765245,2.820487932909046,0.0,0.0018990275101834358,23.346211401563693,0.2860215053763441,0.0456540825285338
mature_anchor,Climate,20260825,60,0,0.676602229727869,26512.019928453927,5.395360181653154,944.6148822459793,300,0.04749042814883398,9.400712726251829,0.017984533938843847,3.1487162741532644,0.0,0.0019442458044874459,24.426144080765397,0.3070539419087137,0.034759358288770054
mature_anchor,Climate,20260826,60,0,0.7644078287914365,29660.564745154,5.306286043765133,924.6270142185011,300,0.0504779763458427,9.943266523155925,0.017687620145883775,3.082090047395004,0.0,0.0019527758397547238,25.84934497765137,0.2792607802874743,0.04207699194270367
mature_anchor,Climate,20260827,60,0,0.21621219648156434,8352.227941591116,4.191889390794818,729.9589647613051,300,0.02684599265449528,5.276434383682196,0.013972964635982726,2.43319654920435,0.0,0.00202844086959576,13.23479183292403,0.3012295081967213,0.034050179211469536
mature_anchor,Climate,20260828,60,0,0.281142457378357,11067.45837352736,4.10864122626214,730.0029154210287,300,0.03061276734623192,6.073839635005016,0.013695470754207134,2.433343051403429,0.0,0.0020788312005199845,14.725951457037327,0.25256673511293637,0.043867502238137866
mature_anchor,Climate,20260829,60,0,0.6959963724535096,27069.04934946711,5.958196015603499,1040.0720593720082,300,0.04816625279361438,9.498955968853824,0.019860653385344998,3.4669068645733607,0.0,0.0020237615841009245,23.800359277504864,0.301010101010101,0.04238052299368801
mature_anchor,Climate,20260830,60,0,0.6953362013821421,26860.702520540864,4.892800804075788,855.4429349153255,300,0.0481434038881805,9.46232926231536,0.016309336013585963,2.851476449717752,0.0,0.0020331709408776986,23.678975004136888,0.31101511879049676,0.03768624014022787
mature_anchor,Climate,20260831,60,0,0.183775923916825,7262.601742881578,3.5429562332741846,630.49764750285,300,0.024750483087327475,4.92023093729064,0.011809854110913948,2.1016588250095,0.0,0.001960268236521681,12.626069548137439,0.25,0.024822695035460994
mature_anchor,Climate,20260832,60,0,0.28384651939272626,11170.361922945795,4.232587961774799,744.9370027008616,300,0.030759633688365356,6.102011122830951,0.01410862653924933,2.4831233423362056,0.0,0.0019778292920643106,15.552218693384173,0.2736625514403292,0.03935599284436494
mature_anchor,Climate,20260833,60,0,0.8013046089958737,30989.0130644999,5.4406984849972195,945.5634630615523,300,0.051681866871462555,10.163498915973754,0.0181356616166574,3.151878210205174,0.0,0.0019347915235803524,26.711853055787998,0.23446893787575152,0.04072398190045249
mature_anchor,Climate,20260834,60,0,0.09130392288353634,3562.2818939461094,2.656512731671492,476.76106134949777,300,0.017445526922732595,3.445906699233217,0.008855042438904974,1.5892035378316591,0.0,0.0018158898904734467,9.607150199059769,0.210752688172043,0.024582967515364356
mature_anchor,Climate,20260835,60,0,0.10412710983176951,4100.376416090669,2.8561873182110395,512.4350401626905,300,0.01863036140567054,3.697015199721107,0.009520624394036798,1.7081168005423015,0.0,0.001897984091594739,9.815868050831128,0.23044397463002114,0.027409372236958444
mature_anchor,Climate,20260836,60,0,0.3470821662007832,13574.425058602552,4.649005457370251,812.9531401467314,300,0.034013828864193026,6.7266695718368075,0.015496684857900836,2.7098438004891046,0.0,0.0018694314797157287,18.19474489076501,0.27104722792607805,0.03133393017009848
mature_anchor,Climate,20260837,60,0,0.07115398335059415,2829.1573108116177,2.4909581007739465,448.0186675758776,300,0.015400647535151907,3.0709158844507707,0.008303193669246488,1.4933955585862586,0.0,0.0018066885618901278,8.524240347788554,0.21030042918454936,0.02460456942003515
mature_anchor,Traffic,20260808,60,0,1.217325851728711,62584838.09860883,7.1813588118788605,35847.25923645558,360,0.058150328453469805,416.9493644270676,0.019948218921885724,99.5757201012655,0.0,0.00032956045147954094,176.44813930921492,0.2462962962962963,0.03058823529411765
mature_anchor,Traffic,20260809,60,0,0.12049090270098807,6297051.108743028,3.0258719091330413,15093.05419609097,360,0.018294724702689273,132.25660148135253,0.00840519974759178,41.92515054469714,0.0,0.0003691014049071063,49.565578617327674,0.17902350813743217,0.022979397781299524
mature_anchor,Traffic,20260810,60,0,1.8664935022591032,98153855.02518739,9.540759585991589,47830.65662503284,360,0.0720048899238236,522.158594003955,0.026502109961087747,132.86293506953567,0.0,0.0003327740852923344,216.37769617958372,0.25,0.046215139442231074
mature_anchor,Traffic,20260811,60,0,1.3893268428432164,73532712.58810385,6.306970791048587,31607.45036282057,360,0.0621227915512499,451.9485977043796,0.0175193633084683,87.79847323005714,0.0,0.00037485935810988805,165.72293103334752,0.18453427065026362,0.024077046548956663
mature_anchor,Traffic,20260812,60,0,0.4228807446925437,22705988.426975675,3.554929446263849,17890.318405947408,360,0.0342734406684982,251.1417728593402,0.009874804017399581,49.69532890540947,0.0,0.00033455676078171894,102.44432241756385,0.17153284671532848,0.022888713496448304
mature_anchor,Traffic,20260813,60,0,0.15290545516070211,8180453.748114841,3.6172716757180807,18100.86258784169,360,0.020609157562753378,150.74310144630942,0.010047976876994668,50.280173855115805,0.0,0.00037750158129928413,54.59356618274505,0.21978021978021978,0.0252167060677699
mature_anchor,Traffic,20260814,60,0,0.5163215229922634,27005456.744309295,4.904881079207189,24516.71554487254,360,0.03787118235223568,273.8889512614216,0.013624669664464413,68.10198762464594,0.0,0.0003294825968079903,114.941373896921,0.22992700729927007,0.027624309392265192
mature_anchor,Traffic,20260815,60,0,0.23260646840156207,12228073.047342237,4.630510942690261,23210.761169868012,360,0.025419069198010142,184.30102977452583,0.012862530396361836,64.4743365829667,0.0,0.0003301713228298871,76.9875135736931,0.25321100917431194,0.03700787401574803
mature_anchor,Traffic,20260816,60,0,0.17592896094482668,9221680.962209972,3.562932688613173,17814.436327669508,360,0.022106369176779665,160.04930631084676,0.009897035246147703,49.48454535463752,0.0,0.00029881656245983975,73.97973189572016,0.20994475138121546,0.0220125786163522
mature_anchor,Traffic,20260817,60,0,0.30678285879134504,16114642.598724948,4.92655830804272,24690.308204539346,360,0.02919202986696431,211.57243702233356,0.013684884189007556,68.58418945705374,0.0,0.0002986462920444579,97.74783965045394,0.25824175824175827,0.03230890464933018
mature_anchor,Traffic,20260818,60,0,1.2719331144083583,66942829.44580648,5.872639247841842,29411.37443547242,360,0.05944028549749082,431.22187330436884,0.01631288679956067,81.69826232075671,0.0,0.0003540227409127353,167.89962516035808,0.22324723247232472,0.02670856245090338
mature_anchor,Traffic,20260819,60,0,1.6123413630363772,81100671.33738062,6.746702967746661,33472.89397887278,360,0.06692328450124352,474.63632667952743,0.018740841577074056,92.9802610524244,0.0,0.0003939781861089015,169.86545666958554,0.27611940298507465,0.0328381548084441
mature_anchor,Traffic,20260820,60,0,1.1634839439610807,60381971.89930527,5.383819433970166,26880.002383842166,360,0.05684980074139517,409.54572360151974,0.014955053983250461,74.66667328845045,0.0,0.00037047769337393956,153.44999647256535,0.1843065693430657,0.027624309392265192
mature_anchor,Traffic,20260821,60,0,0.10859929122993502,5682847.988446544,3.0355572041678833,15194.825522655776,360,0.01736849728275105,125.64111133222261,0.008432103344910787,42.207848674043824,0.0,0.0003547120445352232,48.96506208439827,0.19384057971014493,0.025336500395882817
mature_anchor,Traffic,20260822,60,0,0.11952438553002126,6279190.141907999,2.632224075096108,13201.053433167444,360,0.01822120144303983,132.06890186048088,0.007311733541933633,36.669592869909565,0.0,0.0003538298912464496,51.49706651083472,0.13786764705882354,0.022029897718332022
mature_anchor,Traffic,20260823,60,0,0.07499293517598747,3850530.221917247,2.5325815524163837,12584.232603285329,360,0.014433076900723124,103.42106788804428,0.007034948756712177,34.95620167579258,0.0,0.00039966588398129924,36.11285696178776,0.16420664206642066,0.018067556952081697
mature_anchor,Traffic,20260824,60,0,0.19226640128236458,10036760.199895417,3.6164834685022402,18055.463987968924,360,0.023110026761028583,166.9727206586571,0.010045787412506222,50.15406663324701,0.0,0.0003217538664496901,71.82517188069937,0.22201834862385322,0.026771653543307086
mature_anchor,Traffic,20260825,60,0,0.12612773482467346,6648211.383053893,3.5428233145394628,17723.84709049157,360,0.01871776746723354,135.8942744997609,0.00984117587372073,49.232908584698805,0.0,0.0003309764446534943,56.55317098722701,0.21454545454545454,0.022134387351778657
mature_anchor,Traffic,20260826,60,0,0.20433976714911659,10695190.67078944,4.476385146362597,22402.435024496743,360,0.02382457689662298,172.36259157489803,0.012434403184340548,62.228986179157616,0.0,0.00030525121400473845,78.04908155501438,0.25,0.028413575374901343
mature_anchor,Traffic,20260827,60,0,1.3864202823122018,72243270.88891745,7.762745771579732,38815.1683258238,360,0.06205777510406917,447.96847262861604,0.02156318269883259,107.81991201617721,0.0,0.00033092331685010643,187.52917048809405,0.25905797101449274,0.035629453681710214
mature_anchor,Traffic,20260828,60,0,1.5627394150942069,80929630.90587595,5.582452293701623,27896.57797074262,360,0.06588583170687103,474.1355610941873,0.015506811926948952,77.49049436317394,0.0,0.0003397693260414941,193.91341906721962,0.18761384335154827,0.026856240126382307
mature_anchor,Traffic,20260829,60,0,0.13941033157867444,7316733.76367666,3.1790112920408786,15929.363748209242,360,0.019678692056431836,142.56318057148343,0.008830586922335773,44.24823263391456,0.0,0.00033901484300954304,58.04669754792386,0.20335820895522388,0.020328381548084442
mature_anchor,Traffic,20260830,60,0,0.5899441540484631,30444769.48532603,5.748669057545209,28711.93928943836,360,0.04048127667509673,290.8071596881783,0.015968525159847802,79.75538691510656,0.0,0.0003363788326820408,120.34430452216151,0.24444444444444444,0.03686274509803922
mature_anchor,Traffic,20260831,60,0,0.5671216472572927,30204910.020477965,5.79295959115949,29058.277234179644,360,0.03969052669149196,289.6593306535473,0.016091554419887473,80.71743676161012,0.0,0.00033603182887590117,118.1153786064413,0.26229508196721313,0.0339652448657188
mature_anchor,Traffic,20260832,60,0,2.007008381784908,103951007.04753917,8.071736855063007,40283.701584317,360,0.07466607852790888,537.3572343927971,0.022421491264063908,111.89917106754723,0.0,0.0003656389757945041,204.2071099386095,0.22401433691756273,0.03261734287987271
mature_anchor,Traffic,20260833,60,0,0.520374950172407,27532488.069298096,6.748405712716603,33898.86177913441,360,0.0380195472448204,276.5486096978758,0.018745571424212785,94.16350494204002,0.0,0.00037381800722444277,101.70603478176807,0.3,0.03320158102766799
mature_anchor,Traffic,20260834,60,0,1.5321483920173673,79681830.49566494,6.11121365049381,30481.841096439774,360,0.06523777859188491,470.46617098736624,0.016975593473593918,84.67178082344381,0.0,0.0003404556982498276,191.61899456302592,0.19144981412639406,0.028974158183241974
mature_anchor,Traffic,20260835,60,0,1.2466045313894734,66140901.75532141,5.655655092176432,28347.141006644906,360,0.05884547871307327,428.63122506195816,0.015710153033823424,78.7420583517914,0.0,0.0004052170665273939,145.21964540477993,0.20300751879699247,0.025720966484801246
mature_anchor,Traffic,20260836,60,0,0.19800651275431916,10360314.093361566,3.653032131732975,18273.157511806265,360,0.02345246449702504,169.6427135462578,0.010147311477036042,50.758770866128515,0.0,0.00037770868420849377,62.09140927265354,0.21739130434782608,0.029548989113530325
mature_anchor,Traffic,20260837,60,0,0.0893448466926563,4704262.982137887,2.8651677778574363,14371.722145757518,360,0.01575373383366061,114.3127165830873,0.007958799382937323,39.921450404881995,0.0,0.0003670454648045163,42.92038819237516,0.22014925373134328,0.02111024237685692
mature_anchor,Water,20260808,60,0,1.0431059070822706,3352553.652695957,4.829604789489885,3883.5059267766387,540,0.04395085443660804,78.79360818097936,0.008943712573129417,7.191677642178961,0.0,0.001177029519005285,37.340486136448966,0.09959349593495935,0.014678899082568808
mature_anchor,Water,20260809,60,0,1.7534178365128628,6052282.35814076,5.896941389107208,4726.197060607919,540,0.05698306825379283,105.86751292466099,0.010920261831680014,8.752216778903554,0.0,0.0010995676047372161,51.82316031164916,0.1012396694214876,0.01639344262295082
mature_anchor,Water,20260810,60,0,0.4739171384295893,1500599.3036383358,5.371159195770217,4150.9501519017,540,0.02962472498480223,52.71515530974229,0.00994659110327818,7.686944725743889,0.0,0.0012071533058403306,24.5409798751118,0.16317991631799164,0.028985507246376812
mature_anchor,Water,20260811,60,0,0.2787719428976111,740300.2189450737,4.3100996431089795,3526.352229144137,540,0.02272101095240438,37.02602235428167,0.007981666005757369,6.530281905822475,0.0,0.0011960714995495336,18.996365151215127,0.1506276150627615,0.026268115942028984
mature_anchor,Water,20260812,60,0,0.8317709781727362,2818280.7885278338,5.56664748424681,4346.252098191866,540,0.03924686772528233,72.24291312837381,0.010308606452308909,8.048614996651605,0.0,0.0011840133398359767,33.14731887287627,0.13034188034188035,0.026929982046678635
mature_anchor,Water,20260813,60,0,0.061311202407574684,269763.018886177,2.5273224740691536,2508.0568045184973,540,0.010655480454570357,22.350864548950067,0.004680226803831766,4.644549637997217,0.0,0.0010759025284180737,9.903760027627573,0.11823647294589178,0.02585410895660203
mature_anchor,Water,20260814,60,0,0.2665043585995502,729618.5805495312,3.202115311295149,2596.6859525004556,540,0.022215458356720147,36.75793138271207,0.005929843169065091,4.808677689815658,0.0,0.0010993524648603944,20.20776690534938,0.10480349344978165,0.02402135231316726
mature_anchor,Water,20260815,60,0,0.42810335199388244,1301529.949559966,5.069980544790381,3968.9831875638856,540,0.028156419963728634,49.09420176897951,0.009388852860722928,7.349968865859047,0.0,0.0011059224528908735,25.459669337689952,0.14925373134328357,0.036837376460017966
mature_anchor,Water,20260816,60,0,1.274164627180454,4152701.795444379,5.3344057575599715,4249.169225237947,540,0.048575344820271205,87.69371990104071,0.009878529180666614,7.868831898588791,0.0,0.0011946853495692646,40.65953000744899,0.10294117647058823,0.019891500904159132
mature_anchor,Water,20260817,60,0,0.05680603098710794,236764.89286401225,2.3902995940887033,2252.6970365907455,540,0.010256527369428187,20.93928139415788,0.004426480729793895,4.171661178871751,0.0,0.0011258332015078823,9.11016601366093,0.12258064516129032,0.017905102954341987
mature_anchor,Water,20260818,60,0,0.4169001901697709,1368361.6216932,5.220005200479027,4031.485931929482,540,0.027785560804188918,50.33888162380602,0.009666676297183383,7.4657146887582995,0.0,0.001113062372205603,24.963166034559304,0.13250517598343686,0.030937215650591446
mature_anchor,Water,20260819,60,0,0.1615112373984751,481833.3009557765,3.2259145839677372,2466.5767692189906,540,0.01729435989191997,29.87112134920357,0.00597391589623655,4.5677347578129455,0.0,0.0011863468172711564,14.577828034891672,0.12179487179487179,0.026929982046678635
mature_anchor,Water,20260820,60,0,0.09419706522356382,327022.16149431013,3.158901188545367,2583.549582850062,540,0.013207536093960385,24.608872289477908,0.005849817015824754,4.784351079351967,0.0,0.0011325631530486918,11.66163322407908,0.13763440860215054,0.02685765443151298
mature_anchor,Water,20260821,60,0,0.1175624231124998,382041.81339146127,2.2617307836620637,2064.796054580286,540,0.014754937849719114,26.59858717326575,0.004188390340114933,3.8236963973709,0.0,0.0012472311210593686,11.830155294061793,0.07597535934291581,0.021917808219178082
mature_anchor,Water,20260822,60,0,0.2818234337075939,938201.9124375265,3.4469514854740977,3084.805903733892,540,0.022845026758720494,41.68226180233484,0.006383243491618699,5.712603525433134,0.0,0.001143490798501884,19.978321459735692,0.12058212058212059,0.01725703905540418
mature_anchor,Water,20260823,60,0,0.07124506775025088,234595.72742843887,2.3593898144673906,2097.965395770243,540,0.011486309705410732,20.8431411326337,0.004369240397161835,3.885121103278228,0.0,0.0010980762386373366,10.46039364230732,0.10569105691056911,0.01743119266055046
mature_anchor,Water,20260824,60,0,0.23881881243718098,867493.0224378435,4.164528794296218,3356.0057503945177,540,0.021029908703293358,40.08077544247467,0.007712090359807811,6.214825463693551,0.0,0.0011546195722259857,18.213712298978177,0.11618257261410789,0.03363636363636364
mature_anchor,Water,20260825,60,1,0.13684751642780132,522851.5174069751,3.7202503026955163,3263.205838494673,531,0.016053554230829603,31.379204234549192,0.007006121097355021,6.145397059312002,0.016666666666666666,0.0011181509799473082,14.357233073825245,0.1589958158995816,0.03351449275362319
mature_anchor,Water,20260826,60,0,0.7469507343766381,2902413.095313941,6.0533016676655915,4815.478051498048,540,0.03719196285082945,73.31329391997188,0.011209817903084429,8.917551947218609,0.0,0.0012258655136381696,30.33934998338419,0.1431451612903226,0.03038674033149171
mature_anchor,Water,20260827,60,0,0.3492101301380799,1088011.0347830849,4.466353711283815,3699.275858660267,540,0.02543001034568467,44.88691624068539,0.008271025391266324,6.850510849370865,0.0,0.0011313146122564892,22.47828329111976,0.1226215644820296,0.027953110910730387
mature_anchor,Water,20260828,60,0,0.3500468850556003,1197376.6606673293,5.304166879498846,4095.122412629991,540,0.025460458996749955,47.08889663626639,0.009822531258331196,7.583560023388872,0.0,0.001155310651642733,22.037760112873364,0.14791666666666667,0.04627949183303085
mature_anchor,Water,20260829,60,0,0.01847931652422968,70479.98600612803,1.4887607375477547,1440.9282576664239,540,0.0058498680776878425,11.424469029409673,0.0027569643287921382,2.6683856623452296,0.0,0.0011846870488731248,4.937901603003293,0.06832298136645963,0.020018198362147407
mature_anchor,Water,20260830,60,0,0.2743298995373028,972674.6719194062,3.8710847673979867,3324.779550686533,540,0.022539262021558884,42.44112854818242,0.007168675495181457,6.156999167938024,0.0,0.0011631064931538078,19.378502445156858,0.13704496788008566,0.03228699551569507
mature_anchor,Water,20260831,60,0,0.06834521055083834,223966.52173049483,2.3827585318295044,2078.986773744146,540,0.011250120209303308,20.365481040707948,0.004412515799684267,3.8499755069336037,0.0,0.0011244801642571701,10.00472980040081,0.10947368421052632,0.022583559168925023
mature_anchor,Water,20260832,60,0,0.6072553448818627,1696323.755212408,5.520860422327667,4095.681501730292,540,0.03353426508761467,56.04766085601062,0.010223815596903087,7.584595373574615,0.0,0.0012003012912170392,27.93820629286567,0.16666666666666666,0.033393501805054154
mature_anchor,Water,20260833,60,0,0.7019631553434316,2237441.037650033,5.677174510611871,4302.961536778706,540,0.03605456655063964,64.36931978032348,0.010513286130762724,7.968447290330938,0.0,0.0011212301128358817,32.15625957409251,0.13664596273291926,0.02456778889899909
mature_anchor,Water,20260834,60,0,0.13999986175897638,459722.60566690256,3.571285002892039,2972.77147163955,540,0.016101521768372196,29.177699680447947,0.006613490746096368,5.5051323548880555,0.0,0.0010137016772545668,15.883885890354197,0.1337579617834395,0.0333033303330333
mature_anchor,Water,20260835,60,0,0.3053527858755131,894951.8500715534,4.268396447610436,3342.3179167771245,540,0.023779573629308222,40.71017367775833,0.007904437865945252,6.189477623661341,0.0,0.001089748645947522,21.821154554986574,0.12684989429175475,0.025247971145175834
mature_anchor,Water,20260836,60,0,0.09927779347753482,352518.9273306094,2.725368751625262,2625.8952962066764,540,0.013559047374323115,25.550202120335907,0.005046979169676411,4.862769067049401,0.0,0.001108661492135297,12.23010582626822,0.1134453781512605,0.022603978300180832
mature_anchor,Water,20260837,60,0,0.2377708315163791,854007.0134948004,3.675804111602118,3013.4552989929384,540,0.02098371641678283,39.76800811500138,0.006807044651115033,5.580472775912849,0.0,0.0011893172176197808,17.64349839210957,0.12910284463894967,0.022222222222222223
