method,mode,scene,seed,malicious_report_leakage
IRPP-TD,compact,Climate,20260808,0.0
IRPP-TD,compact,Climate,20260809,0.0
IRPP-TD,compact,Climate,20260810,0.0
IRPP-TD,compact,Climate,20260811,0.0
IRPP-TD,compact,Climate,20260812,0.0
IRPP-TD,compact,Climate,20260813,0.0
IRPP-TD,compact,Climate,20260814,0.0
IRPP-TD,compact,Climate,20260815,0.0
IRPP-TD,compact,Climate,20260816,0.0
IRPP-TD,compact,Climate,20260817,0.0
IRPP-TD,compact,Climate,20260818,0.0
IRPP-TD,compact,Climate,20260819,0.0
IRPP-TD,compact,Climate,20260820,0.0
IRPP-TD,compact,Climate,20260821,0.0
IRPP-TD,compact,Climate,20260822,0.0
IRPP-TD,compact,Climate,20260823,0.0
IRPP-TD,compact,Climate,20260824,0.0
IRPP-TD,compact,Climate,20260825,0.0
IRPP-TD,compact,Climate,20260826,0.0
IRPP-TD,compact,Climate,20260827,0.0
IRPP-TD,compact,Climate,20260828,0.0
IRPP-TD,compact,Climate,20260829,0.0
IRPP-TD,compact,Climate,20260830,0.0
IRPP-TD,compact,Climate,20260831,0.0
IRPP-TD,compact,Climate,20260832,0.0
IRPP-TD,compact,Climate,20260833,0.0
IRPP-TD,compact,Climate,20260834,0.0
IRPP-TD,compact,Climate,20260835,0.0
IRPP-TD,compact,Climate,20260836,0.0
IRPP-TD,compact,Climate,20260837,0.0
IRPP-TD,compact,Traffic,20260808,0.0
IRPP-TD,compact,Traffic,20260809,0.0
IRPP-TD,compact,Traffic,20260810,0.0
IRPP-TD,compact,Traffic,20260811,0.0
IRPP-TD,compact,Traffic,20260812,0.0
IRPP-TD,compact,Traffic,20260813,0.0
IRPP-TD,compact,Traffic,20260814,0.0
IRPP-TD,compact,Traffic,20260815,0.0
IRPP-TD,compact,Traffic,20260816,0.0
IRPP-TD,compact,Traffic,20260817,0.0
IRPP-TD,compact,Traffic,20260818,0.0
IRPP-TD,compact,Traffic,20260819,0.0
IRPP-TD,compact,Traffic,20260820,0.0
IRPP-TD,compact,Traffic,20260821,0.0
IRPP-TD,compact,Traffic,20260822,0.0
IRPP-TD,compact,Traffic,20260823,0.0
IRPP-TD,compact,Traffic,20260824,0.0
IRPP-TD,compact,Traffic,20260825,0.0
IRPP-TD,compact,Traffic,20260826,0.0
IRPP-TD,compact,Traffic,20260827,0.0
IRPP-TD,compact,Traffic,20260828,0.0
IRPP-TD,compact,Traffic,20260829,0.0
IRPP-TD,compact,Traffic,20260830,0.0
IRPP-TD,compact,Traffic,20260831,0.0
IRPP-TD,compact,Traffic,20260832,0.0
IRPP-TD,compact,Traffic,20260833,0.0
IRPP-TD,compact,Traffic,20260834,0.0
IRPP-TD,compact,Traffic,20260835,0.0
IRPP-TD,compact,Traffic,20260836,0.0
IRPP-TD,compact,Traffic,20260837,0.0
IRPP-TD,compact,Water,20260808,0.0
IRPP-TD,compact,Water,20260809,0.0
IRPP-TD,compact,Water,20260810,0.0
IRPP-TD,compact,Water,20260811,0.0
IRPP-TD,compact,Water,20260812,0.0
IRPP-TD,compact,Water,20260813,0.0
IRPP-TD,compact,Water,20260814,0.0
IRPP-TD,compact,Water,20260815,0.0
IRPP-TD,compact,Water,20260816,0.0
IRPP-TD,compact,Water,20260817,0.0
IRPP-TD,compact,Water,20260818,0.0
IRPP-TD,compact,Water,20260819,0.0
IRPP-TD,compact,Water,20260820,0.0
IRPP-TD,compact,Water,20260821,0.0
IRPP-TD,compact,Water,20260822,0.0
IRPP-TD,compact,Water,20260823,0.0
IRPP-TD,compact,Water,20260824,0.0
IRPP-TD,compact,Water,20260825,0.0
IRPP-TD,compact,Water,20260826,0.0
IRPP-TD,compact,Water,20260827,0.0
IRPP-TD,compact,Water,20260828,0.0
IRPP-TD,compact,Water,20260829,0.0
IRPP-TD,compact,Water,20260830,0.0
IRPP-TD,compact,Water,20260831,0.0
IRPP-TD,compact,Water,20260832,0.0
IRPP-TD,compact,Water,20260833,0.0
IRPP-TD,compact,Water,20260834,0.0
IRPP-TD,compact,Water,20260835,0.0
IRPP-TD,compact,Water,20260836,0.0
IRPP-TD,compact,Water,20260837,0.0
IRPP-TD,independent,Climate,20260808,0.0
IRPP-TD,independent,Climate,20260809,0.0
IRPP-TD,independent,Climate,20260810,0.0
IRPP-TD,independent,Climate,20260811,0.0
IRPP-TD,independent,Climate,20260812,0.0
IRPP-TD,independent,Climate,20260813,0.0
IRPP-TD,independent,Climate,20260814,0.0
IRPP-TD,independent,Climate,20260815,0.0
IRPP-TD,independent,Climate,20260816,0.0
IRPP-TD,independent,Climate,20260817,0.0
IRPP-TD,independent,Climate,20260818,0.0
IRPP-TD,independent,Climate,20260819,0.0
IRPP-TD,independent,Climate,20260820,0.0
IRPP-TD,independent,Climate,20260821,0.0
IRPP-TD,independent,Climate,20260822,0.0
IRPP-TD,independent,Climate,20260823,0.0
IRPP-TD,independent,Climate,20260824,0.0
IRPP-TD,independent,Climate,20260825,0.0
IRPP-TD,independent,Climate,20260826,0.0
IRPP-TD,independent,Climate,20260827,0.0
IRPP-TD,independent,Climate,20260828,0.0
IRPP-TD,independent,Climate,20260829,0.0
IRPP-TD,independent,Climate,20260830,0.0
IRPP-TD,independent,Climate,20260831,0.0
IRPP-TD,independent,Climate,20260832,0.0
IRPP-TD,independent,Climate,20260833,0.0
IRPP-TD,independent,Climate,20260834,0.0
IRPP-TD,independent,Climate,20260835,0.0
IRPP-TD,independent,Climate,20260836,0.0
IRPP-TD,independent,Climate,20260837,0.0
IRPP-TD,independent,Traffic,20260808,0.0
IRPP-TD,independent,Traffic,20260809,0.0
IRPP-TD,independent,Traffic,20260810,0.0
IRPP-TD,independent,Traffic,20260811,0.0
IRPP-TD,independent,Traffic,20260812,0.0
IRPP-TD,independent,Traffic,20260813,0.0
IRPP-TD,independent,Traffic,20260814,0.0
IRPP-TD,independent,Traffic,20260815,0.0
IRPP-TD,independent,Traffic,20260816,0.0
IRPP-TD,independent,Traffic,20260817,0.0
IRPP-TD,independent,Traffic,20260818,0.0
IRPP-TD,independent,Traffic,20260819,0.0
IRPP-TD,independent,Traffic,20260820,0.0
IRPP-TD,independent,Traffic,20260821,0.0
IRPP-TD,independent,Traffic,20260822,0.0
IRPP-TD,independent,Traffic,20260823,0.0
IRPP-TD,independent,Traffic,20260824,0.0
IRPP-TD,independent,Traffic,20260825,0.0
IRPP-TD,independent,Traffic,20260826,0.0
IRPP-TD,independent,Traffic,20260827,0.0
IRPP-TD,independent,Traffic,20260828,0.0
IRPP-TD,independent,Traffic,20260829,0.0
IRPP-TD,independent,Traffic,20260830,0.0
IRPP-TD,independent,Traffic,20260831,0.0
IRPP-TD,independent,Traffic,20260832,0.0
IRPP-TD,independent,Traffic,20260833,0.0
IRPP-TD,independent,Traffic,20260834,0.0
IRPP-TD,independent,Traffic,20260835,0.0
IRPP-TD,independent,Traffic,20260836,0.0
IRPP-TD,independent,Traffic,20260837,0.0
IRPP-TD,independent,Water,20260808,0.0
IRPP-TD,independent,Water,20260809,0.0
IRPP-TD,independent,Water,20260810,0.0
IRPP-TD,independent,Water,20260811,0.0
IRPP-TD,independent,Water,20260812,0.0
IRPP-TD,independent,Water,20260813,0.0
IRPP-TD,independent,Water,20260814,0.0
IRPP-TD,independent,Water,20260815,0.0
IRPP-TD,independent,Water,20260816,0.0
IRPP-TD,independent,Water,20260817,0.0
IRPP-TD,independent,Water,20260818,0.0
IRPP-TD,independent,Water,20260819,0.0
IRPP-TD,independent,Water,20260820,0.0
IRPP-TD,independent,Water,20260821,0.0
IRPP-TD,independent,Water,20260822,0.0
IRPP-TD,independent,Water,20260823,0.0
IRPP-TD,independent,Water,20260824,0.0
IRPP-TD,independent,Water,20260825,0.0
IRPP-TD,independent,Water,20260826,0.0
IRPP-TD,independent,Water,20260827,0.0
IRPP-TD,independent,Water,20260828,0.0
IRPP-TD,independent,Water,20260829,0.0
IRPP-TD,independent,Water,20260830,0.0
IRPP-TD,independent,Water,20260831,0.0
IRPP-TD,independent,Water,20260832,0.0
IRPP-TD,independent,Water,20260833,0.0
IRPP-TD,independent,Water,20260834,0.0
IRPP-TD,independent,Water,20260835,0.0
IRPP-TD,independent,Water,20260836,0.0
IRPP-TD,independent,Water,20260837,0.0
IRPP-TD,mature_anchor,Climate,20260808,0.2550607287449393
IRPP-TD,mature_anchor,Climate,20260809,0.28846153846153844
IRPP-TD,mature_anchor,Climate,20260810,0.29896907216494845
IRPP-TD,mature_anchor,Climate,20260811,0.28830645161290325
IRPP-TD,mature_anchor,Climate,20260812,0.24536082474226803
IRPP-TD,mature_anchor,Climate,20260813,0.28125
IRPP-TD,mature_anchor,Climate,20260814,0.28693790149892934
IRPP-TD,mature_anchor,Climate,20260815,0.2459016393442623
IRPP-TD,mature_anchor,Climate,20260816,0.3333333333333333
IRPP-TD,mature_anchor,Climate,20260817,0.3227176220806794
IRPP-TD,mature_anchor,Climate,20260818,0.3128834355828221
IRPP-TD,mature_anchor,Climate,20260819,0.29273504273504275
IRPP-TD,mature_anchor,Climate,20260820,0.2633663366336634
IRPP-TD,mature_anchor,Climate,20260821,0.3436213991769547
IRPP-TD,mature_anchor,Climate,20260822,0.23617021276595745
IRPP-TD,mature_anchor,Climate,20260823,0.20434782608695654
IRPP-TD,mature_anchor,Climate,20260824,0.2860215053763441
IRPP-TD,mature_anchor,Climate,20260825,0.3070539419087137
IRPP-TD,mature_anchor,Climate,20260826,0.2792607802874743
IRPP-TD,mature_anchor,Climate,20260827,0.3012295081967213
IRPP-TD,mature_anchor,Climate,20260828,0.25256673511293637
IRPP-TD,mature_anchor,Climate,20260829,0.301010101010101
IRPP-TD,mature_anchor,Climate,20260830,0.31101511879049676
IRPP-TD,mature_anchor,Climate,20260831,0.25
IRPP-TD,mature_anchor,Climate,20260832,0.2736625514403292
IRPP-TD,mature_anchor,Climate,20260833,0.23446893787575152
IRPP-TD,mature_anchor,Climate,20260834,0.210752688172043
IRPP-TD,mature_anchor,Climate,20260835,0.23044397463002114
IRPP-TD,mature_anchor,Climate,20260836,0.27104722792607805
IRPP-TD,mature_anchor,Climate,20260837,0.21030042918454936
IRPP-TD,mature_anchor,Traffic,20260808,0.2462962962962963
IRPP-TD,mature_anchor,Traffic,20260809,0.17902350813743217
IRPP-TD,mature_anchor,Traffic,20260810,0.25
IRPP-TD,mature_anchor,Traffic,20260811,0.18453427065026362
IRPP-TD,mature_anchor,Traffic,20260812,0.17153284671532848
IRPP-TD,mature_anchor,Traffic,20260813,0.21978021978021978
IRPP-TD,mature_anchor,Traffic,20260814,0.22992700729927007
IRPP-TD,mature_anchor,Traffic,20260815,0.25321100917431194
IRPP-TD,mature_anchor,Traffic,20260816,0.20994475138121546
IRPP-TD,mature_anchor,Traffic,20260817,0.25824175824175827
IRPP-TD,mature_anchor,Traffic,20260818,0.22324723247232472
IRPP-TD,mature_anchor,Traffic,20260819,0.27611940298507465
IRPP-TD,mature_anchor,Traffic,20260820,0.1843065693430657
IRPP-TD,mature_anchor,Traffic,20260821,0.19384057971014493
IRPP-TD,mature_anchor,Traffic,20260822,0.13786764705882354
IRPP-TD,mature_anchor,Traffic,20260823,0.16420664206642066
IRPP-TD,mature_anchor,Traffic,20260824,0.22201834862385322
IRPP-TD,mature_anchor,Traffic,20260825,0.21454545454545454
IRPP-TD,mature_anchor,Traffic,20260826,0.25
IRPP-TD,mature_anchor,Traffic,20260827,0.25905797101449274
IRPP-TD,mature_anchor,Traffic,20260828,0.18761384335154827
IRPP-TD,mature_anchor,Traffic,20260829,0.20335820895522388
IRPP-TD,mature_anchor,Traffic,20260830,0.24444444444444444
IRPP-TD,mature_anchor,Traffic,20260831,0.26229508196721313
IRPP-TD,mature_anchor,Traffic,20260832,0.22401433691756273
IRPP-TD,mature_anchor,Traffic,20260833,0.3
IRPP-TD,mature_anchor,Traffic,20260834,0.19144981412639406
IRPP-TD,mature_anchor,Traffic,20260835,0.20300751879699247
IRPP-TD,mature_anchor,Traffic,20260836,0.21739130434782608
IRPP-TD,mature_anchor,Traffic,20260837,0.22014925373134328
IRPP-TD,mature_anchor,Water,20260808,0.09959349593495935
IRPP-TD,mature_anchor,Water,20260809,0.1012396694214876
IRPP-TD,mature_anchor,Water,20260810,0.16317991631799164
IRPP-TD,mature_anchor,Water,20260811,0.1506276150627615
IRPP-TD,mature_anchor,Water,20260812,0.13034188034188035
IRPP-TD,mature_anchor,Water,20260813,0.11823647294589178
IRPP-TD,mature_anchor,Water,20260814,0.10480349344978165
IRPP-TD,mature_anchor,Water,20260815,0.14925373134328357
IRPP-TD,mature_anchor,Water,20260816,0.10294117647058823
IRPP-TD,mature_anchor,Water,20260817,0.12258064516129032
IRPP-TD,mature_anchor,Water,20260818,0.13250517598343686
IRPP-TD,mature_anchor,Water,20260819,0.12179487179487179
IRPP-TD,mature_anchor,Water,20260820,0.13763440860215054
IRPP-TD,mature_anchor,Water,20260821,0.07597535934291581
IRPP-TD,mature_anchor,Water,20260822,0.12058212058212059
IRPP-TD,mature_anchor,Water,20260823,0.10569105691056911
IRPP-TD,mature_anchor,Water,20260824,0.11618257261410789
IRPP-TD,mature_anchor,Water,20260825,0.1589958158995816
IRPP-TD,mature_anchor,Water,20260826,0.1431451612903226
IRPP-TD,mature_anchor,Water,20260827,0.1226215644820296
IRPP-TD,mature_anchor,Water,20260828,0.14791666666666667
IRPP-TD,mature_anchor,Water,20260829,0.06832298136645963
IRPP-TD,mature_anchor,Water,20260830,0.13704496788008566
IRPP-TD,mature_anchor,Water,20260831,0.10947368421052632
IRPP-TD,mature_anchor,Water,20260832,0.16666666666666666
IRPP-TD,mature_anchor,Water,20260833,0.13664596273291926
IRPP-TD,mature_anchor,Water,20260834,0.1337579617834395
IRPP-TD,mature_anchor,Water,20260835,0.12684989429175475
IRPP-TD,mature_anchor,Water,20260836,0.1134453781512605
IRPP-TD,mature_anchor,Water,20260837,0.12910284463894967
IRPP-TD,onoff,Climate,20260808,0.3063063063063063
IRPP-TD,onoff,Climate,20260809,0.37267080745341613
IRPP-TD,onoff,Climate,20260810,0.3323170731707317
IRPP-TD,onoff,Climate,20260811,0.382262996941896
IRPP-TD,onoff,Climate,20260812,0.14925373134328357
IRPP-TD,onoff,Climate,20260813,0.4195583596214511
IRPP-TD,onoff,Climate,20260814,0.4692556634304207
IRPP-TD,onoff,Climate,20260815,0.3258064516129032
IRPP-TD,onoff,Climate,20260816,0.32
IRPP-TD,onoff,Climate,20260817,0.34726688102893893
IRPP-TD,onoff,Climate,20260818,0.4040114613180516
IRPP-TD,onoff,Climate,20260819,0.28615384615384615
IRPP-TD,onoff,Climate,20260820,0.32732732732732733
IRPP-TD,onoff,Climate,20260821,0.39039039039039036
IRPP-TD,onoff,Climate,20260822,0.3619047619047619
IRPP-TD,onoff,Climate,20260823,0.33223684210526316
IRPP-TD,onoff,Climate,20260824,0.26785714285714285
IRPP-TD,onoff,Climate,20260825,0.3128834355828221
IRPP-TD,onoff,Climate,20260826,0.36645962732919257
IRPP-TD,onoff,Climate,20260827,0.26688102893890675
IRPP-TD,onoff,Climate,20260828,0.36904761904761907
IRPP-TD,onoff,Climate,20260829,0.2676923076923077
IRPP-TD,onoff,Climate,20260830,0.44011976047904194
IRPP-TD,onoff,Climate,20260831,0.33015873015873015
IRPP-TD,onoff,Climate,20260832,0.3476923076923077
IRPP-TD,onoff,Climate,20260833,0.24709302325581395
IRPP-TD,onoff,Climate,20260834,0.28792569659442724
IRPP-TD,onoff,Climate,20260835,0.42038216560509556
IRPP-TD,onoff,Climate,20260836,0.36151603498542273
IRPP-TD,onoff,Climate,20260837,0.3192771084337349
IRPP-TD,onoff,Traffic,20260808,0.2598187311178248
IRPP-TD,onoff,Traffic,20260809,0.19230769230769232
IRPP-TD,onoff,Traffic,20260810,0.3241590214067278
IRPP-TD,onoff,Traffic,20260811,0.27469135802469136
IRPP-TD,onoff,Traffic,20260812,0.2930513595166163
IRPP-TD,onoff,Traffic,20260813,0.4050632911392405
IRPP-TD,onoff,Traffic,20260814,0.30930930930930933
IRPP-TD,onoff,Traffic,20260815,0.40584415584415584
IRPP-TD,onoff,Traffic,20260816,0.23322683706070288
IRPP-TD,onoff,Traffic,20260817,0.311178247734139
IRPP-TD,onoff,Traffic,20260818,0.3895705521472393
IRPP-TD,onoff,Traffic,20260819,0.3760932944606414
IRPP-TD,onoff,Traffic,20260820,0.37037037037037035
IRPP-TD,onoff,Traffic,20260821,0.3508771929824561
IRPP-TD,onoff,Traffic,20260822,0.32098765432098764
IRPP-TD,onoff,Traffic,20260823,0.24846625766871167
IRPP-TD,onoff,Traffic,20260824,0.2620481927710843
IRPP-TD,onoff,Traffic,20260825,0.258160237388724
IRPP-TD,onoff,Traffic,20260826,0.2822822822822823
IRPP-TD,onoff,Traffic,20260827,0.3009118541033435
IRPP-TD,onoff,Traffic,20260828,0.19701492537313434
IRPP-TD,onoff,Traffic,20260829,0.2459546925566343
IRPP-TD,onoff,Traffic,20260830,0.3394495412844037
IRPP-TD,onoff,Traffic,20260831,0.2890855457227139
IRPP-TD,onoff,Traffic,20260832,0.3353115727002967
IRPP-TD,onoff,Traffic,20260833,0.2920353982300885
IRPP-TD,onoff,Traffic,20260834,0.3723076923076923
IRPP-TD,onoff,Traffic,20260835,0.34967320261437906
IRPP-TD,onoff,Traffic,20260836,0.3507692307692308
IRPP-TD,onoff,Traffic,20260837,0.3293051359516616
IRPP-TD,onoff,Water,20260808,0.06301369863013699
IRPP-TD,onoff,Water,20260809,0.08333333333333333
IRPP-TD,onoff,Water,20260810,0.1936416184971098
IRPP-TD,onoff,Water,20260811,0.11174785100286533
IRPP-TD,onoff,Water,20260812,0.09510086455331412
IRPP-TD,onoff,Water,20260813,0.08959537572254335
IRPP-TD,onoff,Water,20260814,0.06571428571428571
IRPP-TD,onoff,Water,20260815,0.1359773371104816
IRPP-TD,onoff,Water,20260816,0.06111111111111111
IRPP-TD,onoff,Water,20260817,0.13149847094801223
IRPP-TD,onoff,Water,20260818,0.07777777777777778
IRPP-TD,onoff,Water,20260819,0.2334293948126801
IRPP-TD,onoff,Water,20260820,0.10826210826210826
IRPP-TD,onoff,Water,20260821,0.07242339832869081
IRPP-TD,onoff,Water,20260822,0.053824362606232294
IRPP-TD,onoff,Water,20260823,0.05
IRPP-TD,onoff,Water,20260824,0.1348314606741573
IRPP-TD,onoff,Water,20260825,0.14520547945205478
IRPP-TD,onoff,Water,20260826,0.09803921568627451
IRPP-TD,onoff,Water,20260827,0.09523809523809523
IRPP-TD,onoff,Water,20260828,0.0547945205479452
IRPP-TD,onoff,Water,20260829,0.21264367816091953
IRPP-TD,onoff,Water,20260830,0.04481792717086835
IRPP-TD,onoff,Water,20260831,0.06628242074927954
IRPP-TD,onoff,Water,20260832,0.0471976401179941
IRPP-TD,onoff,Water,20260833,0.0423728813559322
IRPP-TD,onoff,Water,20260834,0.13725490196078433
IRPP-TD,onoff,Water,20260835,0.06784660766961652
IRPP-TD,onoff,Water,20260836,0.13753581661891118
IRPP-TD,onoff,Water,20260837,0.1339031339031339
PRTD,compact,Climate,20260808,0.7282442748091603
PRTD,compact,Climate,20260809,0.7387820512820513
PRTD,compact,Climate,20260810,0.8187403993855606
PRTD,compact,Climate,20260811,0.7608695652173914
PRTD,compact,Climate,20260812,0.8134556574923547
PRTD,compact,Climate,20260813,0.7981072555205048
PRTD,compact,Climate,20260814,0.794912559618442
PRTD,compact,Climate,20260815,0.6976744186046512
PRTD,compact,Climate,20260816,0.5757575757575758
PRTD,compact,Climate,20260817,0.6594090202177294
PRTD,compact,Climate,20260818,0.8064516129032258
PRTD,compact,Climate,20260819,0.8248062015503876
PRTD,compact,Climate,20260820,0.8312693498452013
PRTD,compact,Climate,20260821,0.8270440251572327
PRTD,compact,Climate,20260822,0.7912087912087912
PRTD,compact,Climate,20260823,0.780952380952381
PRTD,compact,Climate,20260824,0.6363636363636364
PRTD,compact,Climate,20260825,0.7851622874806801
PRTD,compact,Climate,20260826,0.7151702786377709
PRTD,compact,Climate,20260827,0.7918622848200313
PRTD,compact,Climate,20260828,0.7634408602150538
PRTD,compact,Climate,20260829,0.7246596066565809
PRTD,compact,Climate,20260830,0.8058551617873652
PRTD,compact,Climate,20260831,0.749613601236476
PRTD,compact,Climate,20260832,0.5139751552795031
PRTD,compact,Climate,20260833,0.8021638330757341
PRTD,compact,Climate,20260834,0.6304
PRTD,compact,Climate,20260835,0.6965408805031447
PRTD,compact,Climate,20260836,0.7480916030534351
PRTD,compact,Climate,20260837,0.7598736176935229
PRTD,compact,Traffic,20260808,0.8050595238095238
PRTD,compact,Traffic,20260809,0.6451612903225806
PRTD,compact,Traffic,20260810,0.7826725403817915
PRTD,compact,Traffic,20260811,0.7576197387518142
PRTD,compact,Traffic,20260812,0.8067846607669616
PRTD,compact,Traffic,20260813,0.7862481315396114
PRTD,compact,Traffic,20260814,0.6275659824046921
PRTD,compact,Traffic,20260815,0.7900146842878121
PRTD,compact,Traffic,20260816,0.621861152141802
PRTD,compact,Traffic,20260817,0.6414814814814814
PRTD,compact,Traffic,20260818,0.6325925925925926
PRTD,compact,Traffic,20260819,0.7265973254086181
PRTD,compact,Traffic,20260820,0.7828054298642534
PRTD,compact,Traffic,20260821,0.5735512630014858
PRTD,compact,Traffic,20260822,0.7286356821589205
PRTD,compact,Traffic,20260823,0.7226386806596702
PRTD,compact,Traffic,20260824,0.7247023809523809
PRTD,compact,Traffic,20260825,0.725258493353028
PRTD,compact,Traffic,20260826,0.8059259259259259
PRTD,compact,Traffic,20260827,0.5985185185185186
PRTD,compact,Traffic,20260828,0.6920821114369502
PRTD,compact,Traffic,20260829,0.6606606606606606
PRTD,compact,Traffic,20260830,0.8149253731343283
PRTD,compact,Traffic,20260831,0.8124076809453471
PRTD,compact,Traffic,20260832,0.6442166910688141
PRTD,compact,Traffic,20260833,0.7536656891495601
PRTD,compact,Traffic,20260834,0.7232142857142857
PRTD,compact,Traffic,20260835,0.7674772036474165
PRTD,compact,Traffic,20260836,0.7455089820359282
PRTD,compact,Traffic,20260837,0.7294469357249627
PRTD,compact,Water,20260808,0.810966810966811
PRTD,compact,Water,20260809,0.8510324483775811
PRTD,compact,Water,20260810,0.8543543543543544
PRTD,compact,Water,20260811,0.8675400291120815
PRTD,compact,Water,20260812,0.8724035608308606
PRTD,compact,Water,20260813,0.882525697503671
PRTD,compact,Water,20260814,0.8828828828828829
PRTD,compact,Water,20260815,0.8768768768768769
PRTD,compact,Water,20260816,0.872093023255814
PRTD,compact,Water,20260817,0.8850746268656716
PRTD,compact,Water,20260818,0.8355754857997011
PRTD,compact,Water,20260819,0.8692421991084696
PRTD,compact,Water,20260820,0.8788321167883212
PRTD,compact,Water,20260821,0.865606936416185
PRTD,compact,Water,20260822,0.8600883652430045
PRTD,compact,Water,20260823,0.865979381443299
PRTD,compact,Water,20260824,0.8249258160237388
PRTD,compact,Water,20260825,0.8837209302325582
PRTD,compact,Water,20260826,0.8667642752562226
PRTD,compact,Water,20260827,0.8577912254160364
PRTD,compact,Water,20260828,0.8786549707602339
PRTD,compact,Water,20260829,0.8784773060029283
PRTD,compact,Water,20260830,0.8340807174887892
PRTD,compact,Water,20260831,0.8759231905465288
PRTD,compact,Water,20260832,0.878698224852071
PRTD,compact,Water,20260833,0.8649045521292217
PRTD,compact,Water,20260834,0.8654708520179372
PRTD,compact,Water,20260835,0.870919881305638
PRTD,compact,Water,20260836,0.8737151248164464
PRTD,compact,Water,20260837,0.8286558345642541
PRTD,independent,Climate,20260808,0.6580152671755726
PRTD,independent,Climate,20260809,0.6891025641025641
PRTD,independent,Climate,20260810,0.794162826420891
PRTD,independent,Climate,20260811,0.7329192546583851
PRTD,independent,Climate,20260812,0.7629969418960245
PRTD,independent,Climate,20260813,0.777602523659306
PRTD,independent,Climate,20260814,0.7774244833068362
PRTD,independent,Climate,20260815,0.641860465116279
PRTD,independent,Climate,20260816,0.39553429027113235
PRTD,independent,Climate,20260817,0.5660964230171073
PRTD,independent,Climate,20260818,0.7880184331797235
PRTD,independent,Climate,20260819,0.8124031007751938
PRTD,independent,Climate,20260820,0.8142414860681114
PRTD,independent,Climate,20260821,0.8128930817610063
PRTD,independent,Climate,20260822,0.7786499215070644
PRTD,independent,Climate,20260823,0.7571428571428571
PRTD,independent,Climate,20260824,0.6050156739811913
PRTD,independent,Climate,20260825,0.7418856259659969
PRTD,independent,Climate,20260826,0.6594427244582043
PRTD,independent,Climate,20260827,0.7777777777777778
PRTD,independent,Climate,20260828,0.7035330261136713
PRTD,independent,Climate,20260829,0.6762481089258698
PRTD,independent,Climate,20260830,0.7688751926040062
PRTD,independent,Climate,20260831,0.6924265842349304
PRTD,independent,Climate,20260832,0.25
PRTD,independent,Climate,20260833,0.7697063369397218
PRTD,independent,Climate,20260834,0.5056
PRTD,independent,Climate,20260835,0.6257861635220126
PRTD,independent,Climate,20260836,0.7053435114503817
PRTD,independent,Climate,20260837,0.7203791469194313
PRTD,independent,Traffic,20260808,0.7663690476190477
PRTD,independent,Traffic,20260809,0.4736070381231672
PRTD,independent,Traffic,20260810,0.7136563876651982
PRTD,independent,Traffic,20260811,0.6545718432510885
PRTD,independent,Traffic,20260812,0.7551622418879056
PRTD,independent,Traffic,20260813,0.7249626307922272
PRTD,independent,Traffic,20260814,0.530791788856305
PRTD,independent,Traffic,20260815,0.7268722466960352
PRTD,independent,Traffic,20260816,0.5022156573116692
PRTD,independent,Traffic,20260817,0.5496296296296296
PRTD,independent,Traffic,20260818,0.5007407407407407
PRTD,independent,Traffic,20260819,0.5943536404160475
PRTD,independent,Traffic,20260820,0.7360482654600302
PRTD,independent,Traffic,20260821,0.46805349182763745
PRTD,independent,Traffic,20260822,0.6341829085457271
PRTD,independent,Traffic,20260823,0.6506746626686657
PRTD,independent,Traffic,20260824,0.6517857142857143
PRTD,independent,Traffic,20260825,0.6528803545051699
PRTD,independent,Traffic,20260826,0.7703703703703704
PRTD,independent,Traffic,20260827,0.362962962962963
PRTD,independent,Traffic,20260828,0.5806451612903226
PRTD,independent,Traffic,20260829,0.4894894894894895
PRTD,independent,Traffic,20260830,0.7910447761194029
PRTD,independent,Traffic,20260831,0.7754800590841949
PRTD,independent,Traffic,20260832,0.43923865300146414
PRTD,independent,Traffic,20260833,0.6832844574780058
PRTD,independent,Traffic,20260834,0.6383928571428571
PRTD,independent,Traffic,20260835,0.7066869300911854
PRTD,independent,Traffic,20260836,0.6916167664670658
PRTD,independent,Traffic,20260837,0.6113602391629297
PRTD,independent,Water,20260808,0.7373737373737373
PRTD,independent,Water,20260809,0.7610619469026548
PRTD,independent,Water,20260810,0.7732732732732732
PRTD,independent,Water,20260811,0.8471615720524017
PRTD,independent,Water,20260812,0.8323442136498517
PRTD,independent,Water,20260813,0.8634361233480177
PRTD,independent,Water,20260814,0.8798798798798799
PRTD,independent,Water,20260815,0.8528528528528528
PRTD,independent,Water,20260816,0.8546511627906976
PRTD,independent,Water,20260817,0.8761194029850746
PRTD,independent,Water,20260818,0.8101644245142003
PRTD,independent,Water,20260819,0.8736998514115899
PRTD,independent,Water,20260820,0.8642335766423358
PRTD,independent,Water,20260821,0.8540462427745664
PRTD,independent,Water,20260822,0.8188512518409425
PRTD,independent,Water,20260823,0.8424153166421208
PRTD,independent,Water,20260824,0.7967359050445104
PRTD,independent,Water,20260825,0.8822674418604651
PRTD,independent,Water,20260826,0.8506588579795022
PRTD,independent,Water,20260827,0.848714069591528
PRTD,independent,Water,20260828,0.8801169590643275
PRTD,independent,Water,20260829,0.862371888726208
PRTD,independent,Water,20260830,0.7533632286995515
PRTD,independent,Water,20260831,0.8759231905465288
PRTD,independent,Water,20260832,0.8801775147928994
PRTD,independent,Water,20260833,0.8325991189427313
PRTD,independent,Water,20260834,0.8535127055306427
PRTD,independent,Water,20260835,0.8738872403560831
PRTD,independent,Water,20260836,0.869309838472834
PRTD,independent,Water,20260837,0.7621861152141802
PRTD,mature_anchor,Climate,20260808,0.7408906882591093
PRTD,mature_anchor,Climate,20260809,0.7542735042735043
PRTD,mature_anchor,Climate,20260810,0.8164948453608247
PRTD,mature_anchor,Climate,20260811,0.7862903225806451
PRTD,mature_anchor,Climate,20260812,0.8164948453608247
PRTD,mature_anchor,Climate,20260813,0.8020833333333334
PRTD,mature_anchor,Climate,20260814,0.7987152034261242
PRTD,mature_anchor,Climate,20260815,0.7008196721311475
PRTD,mature_anchor,Climate,20260816,0.6041666666666666
PRTD,mature_anchor,Climate,20260817,0.6518046709129511
PRTD,mature_anchor,Climate,20260818,0.820040899795501
PRTD,mature_anchor,Climate,20260819,0.8226495726495726
PRTD,mature_anchor,Climate,20260820,0.8396039603960396
PRTD,mature_anchor,Climate,20260821,0.8209876543209876
PRTD,mature_anchor,Climate,20260822,0.8
PRTD,mature_anchor,Climate,20260823,0.7695652173913043
PRTD,mature_anchor,Climate,20260824,0.6387096774193548
PRTD,mature_anchor,Climate,20260825,0.7800829875518672
PRTD,mature_anchor,Climate,20260826,0.7145790554414785
PRTD,mature_anchor,Climate,20260827,0.7991803278688525
PRTD,mature_anchor,Climate,20260828,0.7597535934291582
PRTD,mature_anchor,Climate,20260829,0.7292929292929293
PRTD,mature_anchor,Climate,20260830,0.7904967602591793
PRTD,mature_anchor,Climate,20260831,0.7457983193277311
PRTD,mature_anchor,Climate,20260832,0.5329218106995884
PRTD,mature_anchor,Climate,20260833,0.8176352705410822
PRTD,mature_anchor,Climate,20260834,0.632258064516129
PRTD,mature_anchor,Climate,20260835,0.7019027484143763
PRTD,mature_anchor,Climate,20260836,0.7433264887063655
PRTD,mature_anchor,Climate,20260837,0.7424892703862661
PRTD,mature_anchor,Traffic,20260808,0.8166666666666667
PRTD,mature_anchor,Traffic,20260809,0.6654611211573237
PRTD,mature_anchor,Traffic,20260810,0.8017857142857143
PRTD,mature_anchor,Traffic,20260811,0.789103690685413
PRTD,mature_anchor,Traffic,20260812,0.8302919708029197
PRTD,mature_anchor,Traffic,20260813,0.7912087912087912
PRTD,mature_anchor,Traffic,20260814,0.6368613138686131
PRTD,mature_anchor,Traffic,20260815,0.7871559633027523
PRTD,mature_anchor,Traffic,20260816,0.6243093922651933
PRTD,mature_anchor,Traffic,20260817,0.6391941391941391
PRTD,mature_anchor,Traffic,20260818,0.6273062730627307
PRTD,mature_anchor,Traffic,20260819,0.7555970149253731
PRTD,mature_anchor,Traffic,20260820,0.7956204379562044
PRTD,mature_anchor,Traffic,20260821,0.572463768115942
PRTD,mature_anchor,Traffic,20260822,0.7573529411764706
PRTD,mature_anchor,Traffic,20260823,0.7472324723247232
PRTD,mature_anchor,Traffic,20260824,0.7339449541284404
PRTD,mature_anchor,Traffic,20260825,0.7327272727272728
PRTD,mature_anchor,Traffic,20260826,0.8266423357664233
PRTD,mature_anchor,Traffic,20260827,0.5905797101449275
PRTD,mature_anchor,Traffic,20260828,0.6867030965391621
PRTD,mature_anchor,Traffic,20260829,0.6529850746268657
PRTD,mature_anchor,Traffic,20260830,0.837037037037037
PRTD,mature_anchor,Traffic,20260831,0.8233151183970856
PRTD,mature_anchor,Traffic,20260832,0.6702508960573477
PRTD,mature_anchor,Traffic,20260833,0.7527272727272727
PRTD,mature_anchor,Traffic,20260834,0.7360594795539034
PRTD,mature_anchor,Traffic,20260835,0.7612781954887218
PRTD,mature_anchor,Traffic,20260836,0.7485822306238186
PRTD,mature_anchor,Traffic,20260837,0.7518656716417911
PRTD,mature_anchor,Water,20260808,0.8191056910569106
PRTD,mature_anchor,Water,20260809,0.8388429752066116
PRTD,mature_anchor,Water,20260810,0.8368200836820083
PRTD,mature_anchor,Water,20260811,0.8577405857740585
PRTD,mature_anchor,Water,20260812,0.8525641025641025
PRTD,mature_anchor,Water,20260813,0.8777555110220441
PRTD,mature_anchor,Water,20260814,0.87117903930131
PRTD,mature_anchor,Water,20260815,0.8614072494669509
PRTD,mature_anchor,Water,20260816,0.8571428571428571
PRTD,mature_anchor,Water,20260817,0.8731182795698925
PRTD,mature_anchor,Water,20260818,0.8530020703933747
PRTD,mature_anchor,Water,20260819,0.8632478632478633
PRTD,mature_anchor,Water,20260820,0.8623655913978494
PRTD,mature_anchor,Water,20260821,0.864476386036961
PRTD,mature_anchor,Water,20260822,0.8503118503118503
PRTD,mature_anchor,Water,20260823,0.8516260162601627
PRTD,mature_anchor,Water,20260824,0.8340248962655602
PRTD,mature_anchor,Water,20260825,0.8744769874476988
PRTD,mature_anchor,Water,20260826,0.8669354838709677
PRTD,mature_anchor,Water,20260827,0.8604651162790697
PRTD,mature_anchor,Water,20260828,0.8708333333333333
PRTD,mature_anchor,Water,20260829,0.8737060041407867
PRTD,mature_anchor,Water,20260830,0.8244111349036403
PRTD,mature_anchor,Water,20260831,0.871578947368421
PRTD,mature_anchor,Water,20260832,0.8713080168776371
PRTD,mature_anchor,Water,20260833,0.855072463768116
PRTD,mature_anchor,Water,20260834,0.8598726114649682
PRTD,mature_anchor,Water,20260835,0.8604651162790697
PRTD,mature_anchor,Water,20260836,0.8634453781512605
PRTD,mature_anchor,Water,20260837,0.8140043763676149
PRTD,onoff,Climate,20260808,0.7327327327327328
PRTD,onoff,Climate,20260809,0.7453416149068323
PRTD,onoff,Climate,20260810,0.8109756097560976
PRTD,onoff,Climate,20260811,0.8042813455657493
PRTD,onoff,Climate,20260812,0.8208955223880597
PRTD,onoff,Climate,20260813,0.7949526813880127
PRTD,onoff,Climate,20260814,0.7993527508090615
PRTD,onoff,Climate,20260815,0.6935483870967742
PRTD,onoff,Climate,20260816,0.6123076923076923
PRTD,onoff,Climate,20260817,0.6655948553054662
PRTD,onoff,Climate,20260818,0.8252148997134671
PRTD,onoff,Climate,20260819,0.84
PRTD,onoff,Climate,20260820,0.8348348348348348
PRTD,onoff,Climate,20260821,0.8378378378378378
PRTD,onoff,Climate,20260822,0.8
PRTD,onoff,Climate,20260823,0.743421052631579
PRTD,onoff,Climate,20260824,0.6428571428571429
PRTD,onoff,Climate,20260825,0.7760736196319018
PRTD,onoff,Climate,20260826,0.7142857142857143
PRTD,onoff,Climate,20260827,0.8006430868167203
PRTD,onoff,Climate,20260828,0.7619047619047619
PRTD,onoff,Climate,20260829,0.7507692307692307
PRTD,onoff,Climate,20260830,0.811377245508982
PRTD,onoff,Climate,20260831,0.7619047619047619
PRTD,onoff,Climate,20260832,0.5076923076923077
PRTD,onoff,Climate,20260833,0.8284883720930233
PRTD,onoff,Climate,20260834,0.6625386996904025
PRTD,onoff,Climate,20260835,0.7006369426751592
PRTD,onoff,Climate,20260836,0.760932944606414
PRTD,onoff,Climate,20260837,0.7740963855421686
PRTD,onoff,Traffic,20260808,0.797583081570997
PRTD,onoff,Traffic,20260809,0.665680473372781
PRTD,onoff,Traffic,20260810,0.7614678899082569
PRTD,onoff,Traffic,20260811,0.7222222222222222
PRTD,onoff,Traffic,20260812,0.8157099697885196
PRTD,onoff,Traffic,20260813,0.7689873417721519
PRTD,onoff,Traffic,20260814,0.6726726726726727
PRTD,onoff,Traffic,20260815,0.7337662337662337
PRTD,onoff,Traffic,20260816,0.5942492012779552
PRTD,onoff,Traffic,20260817,0.622356495468278
PRTD,onoff,Traffic,20260818,0.6134969325153374
PRTD,onoff,Traffic,20260819,0.7376093294460642
PRTD,onoff,Traffic,20260820,0.7993827160493827
PRTD,onoff,Traffic,20260821,0.5935672514619883
PRTD,onoff,Traffic,20260822,0.7222222222222222
PRTD,onoff,Traffic,20260823,0.7269938650306749
PRTD,onoff,Traffic,20260824,0.7319277108433735
PRTD,onoff,Traffic,20260825,0.7388724035608308
PRTD,onoff,Traffic,20260826,0.8258258258258259
PRTD,onoff,Traffic,20260827,0.5866261398176292
PRTD,onoff,Traffic,20260828,0.6955223880597015
PRTD,onoff,Traffic,20260829,0.6375404530744336
PRTD,onoff,Traffic,20260830,0.8103975535168195
PRTD,onoff,Traffic,20260831,0.831858407079646
PRTD,onoff,Traffic,20260832,0.6824925816023739
PRTD,onoff,Traffic,20260833,0.7374631268436578
PRTD,onoff,Traffic,20260834,0.7353846153846154
PRTD,onoff,Traffic,20260835,0.7712418300653595
PRTD,onoff,Traffic,20260836,0.7292307692307692
PRTD,onoff,Traffic,20260837,0.7462235649546828
PRTD,onoff,Water,20260808,0.821917808219178
PRTD,onoff,Water,20260809,0.8591954022988506
PRTD,onoff,Water,20260810,0.8497109826589595
PRTD,onoff,Water,20260811,0.8653295128939829
PRTD,onoff,Water,20260812,0.8703170028818443
PRTD,onoff,Water,20260813,0.884393063583815
PRTD,onoff,Water,20260814,0.8885714285714286
PRTD,onoff,Water,20260815,0.8753541076487252
PRTD,onoff,Water,20260816,0.8638888888888889
PRTD,onoff,Water,20260817,0.8776758409785933
PRTD,onoff,Water,20260818,0.8555555555555555
PRTD,onoff,Water,20260819,0.8818443804034583
PRTD,onoff,Water,20260820,0.8603988603988604
PRTD,onoff,Water,20260821,0.8635097493036211
PRTD,onoff,Water,20260822,0.8413597733711048
PRTD,onoff,Water,20260823,0.8527777777777777
PRTD,onoff,Water,20260824,0.8370786516853933
PRTD,onoff,Water,20260825,0.8904109589041096
PRTD,onoff,Water,20260826,0.8711484593837535
PRTD,onoff,Water,20260827,0.8541666666666666
PRTD,onoff,Water,20260828,0.8849315068493151
PRTD,onoff,Water,20260829,0.8793103448275862
PRTD,onoff,Water,20260830,0.8431372549019608
PRTD,onoff,Water,20260831,0.8703170028818443
PRTD,onoff,Water,20260832,0.8820058997050148
PRTD,onoff,Water,20260833,0.867231638418079
PRTD,onoff,Water,20260834,0.876750700280112
PRTD,onoff,Water,20260835,0.8820058997050148
PRTD,onoff,Water,20260836,0.8767908309455588
PRTD,onoff,Water,20260837,0.8148148148148148
RPPS-TDC,compact,Climate,20260808,0.05343511450381679
RPPS-TDC,compact,Climate,20260809,0.02403846153846154
RPPS-TDC,compact,Climate,20260810,0.0629800307219662
RPPS-TDC,compact,Climate,20260811,0.04813664596273292
RPPS-TDC,compact,Climate,20260812,0.053516819571865444
RPPS-TDC,compact,Climate,20260813,0.02365930599369085
RPPS-TDC,compact,Climate,20260814,0.04451510333863275
RPPS-TDC,compact,Climate,20260815,0.05581395348837209
RPPS-TDC,compact,Climate,20260816,0.05263157894736842
RPPS-TDC,compact,Climate,20260817,0.03732503888024884
RPPS-TDC,compact,Climate,20260818,0.06605222734254992
RPPS-TDC,compact,Climate,20260819,0.07751937984496124
RPPS-TDC,compact,Climate,20260820,0.04953560371517028
RPPS-TDC,compact,Climate,20260821,0.07075471698113207
RPPS-TDC,compact,Climate,20260822,0.04552590266875981
RPPS-TDC,compact,Climate,20260823,0.020634920634920634
RPPS-TDC,compact,Climate,20260824,0.0987460815047022
RPPS-TDC,compact,Climate,20260825,0.08500772797527048
RPPS-TDC,compact,Climate,20260826,0.07585139318885449
RPPS-TDC,compact,Climate,20260827,0.017214397496087636
RPPS-TDC,compact,Climate,20260828,0.08448540706605223
RPPS-TDC,compact,Climate,20260829,0.05597579425113464
RPPS-TDC,compact,Climate,20260830,0.040061633281972264
RPPS-TDC,compact,Climate,20260831,0.05564142194744977
RPPS-TDC,compact,Climate,20260832,0.004658385093167702
RPPS-TDC,compact,Climate,20260833,0.02472952086553323
RPPS-TDC,compact,Climate,20260834,0.0192
RPPS-TDC,compact,Climate,20260835,1.0
RPPS-TDC,compact,Climate,20260836,0.06259541984732825
RPPS-TDC,compact,Climate,20260837,0.01579778830963665
RPPS-TDC,compact,Traffic,20260808,0.02976190476190476
RPPS-TDC,compact,Traffic,20260809,0.005865102639296188
RPPS-TDC,compact,Traffic,20260810,0.08516886930983847
RPPS-TDC,compact,Traffic,20260811,0.06821480406386067
RPPS-TDC,compact,Traffic,20260812,0.016224188790560472
RPPS-TDC,compact,Traffic,20260813,0.04185351270553064
RPPS-TDC,compact,Traffic,20260814,0.04105571847507331
RPPS-TDC,compact,Traffic,20260815,0.05286343612334802
RPPS-TDC,compact,Traffic,20260816,0.029542097488921712
RPPS-TDC,compact,Traffic,20260817,0.04296296296296296
RPPS-TDC,compact,Traffic,20260818,0.10222222222222223
RPPS-TDC,compact,Traffic,20260819,0.01634472511144131
RPPS-TDC,compact,Traffic,20260820,0.01809954751131222
RPPS-TDC,compact,Traffic,20260821,0.03268945022288262
RPPS-TDC,compact,Traffic,20260822,0.0734632683658171
RPPS-TDC,compact,Traffic,20260823,0.043478260869565216
RPPS-TDC,compact,Traffic,20260824,0.046130952380952384
RPPS-TDC,compact,Traffic,20260825,0.014771048744460856
RPPS-TDC,compact,Traffic,20260826,0.05185185185185185
RPPS-TDC,compact,Traffic,20260827,0.016296296296296295
RPPS-TDC,compact,Traffic,20260828,0.04398826979472141
RPPS-TDC,compact,Traffic,20260829,0.009009009009009009
RPPS-TDC,compact,Traffic,20260830,0.03283582089552239
RPPS-TDC,compact,Traffic,20260831,0.051698670605613
RPPS-TDC,compact,Traffic,20260832,0.10248901903367497
RPPS-TDC,compact,Traffic,20260833,1.0
RPPS-TDC,compact,Traffic,20260834,0.004464285714285714
RPPS-TDC,compact,Traffic,20260835,0.05015197568389058
RPPS-TDC,compact,Traffic,20260836,0.0014970059880239522
RPPS-TDC,compact,Traffic,20260837,0.016442451420029897
RPPS-TDC,compact,Water,20260808,0.05483405483405483
RPPS-TDC,compact,Water,20260809,0.06489675516224189
RPPS-TDC,compact,Water,20260810,0.052552552552552555
RPPS-TDC,compact,Water,20260811,0.08442503639010189
RPPS-TDC,compact,Water,20260812,0.07418397626112759
RPPS-TDC,compact,Water,20260813,0.03671071953010279
RPPS-TDC,compact,Water,20260814,0.03903903903903904
RPPS-TDC,compact,Water,20260815,0.9174174174174174
RPPS-TDC,compact,Water,20260816,0.08139534883720931
RPPS-TDC,compact,Water,20260817,0.11492537313432835
RPPS-TDC,compact,Water,20260818,0.07922272047832586
RPPS-TDC,compact,Water,20260819,0.029717682020802376
RPPS-TDC,compact,Water,20260820,0.058394160583941604
RPPS-TDC,compact,Water,20260821,0.02745664739884393
RPPS-TDC,compact,Water,20260822,0.08541973490427099
RPPS-TDC,compact,Water,20260823,0.06332842415316642
RPPS-TDC,compact,Water,20260824,0.03560830860534125
RPPS-TDC,compact,Water,20260825,0.06976744186046512
RPPS-TDC,compact,Water,20260826,0.048316251830161056
RPPS-TDC,compact,Water,20260827,0.06656580937972768
RPPS-TDC,compact,Water,20260828,0.09210526315789473
RPPS-TDC,compact,Water,20260829,0.0629575402635432
RPPS-TDC,compact,Water,20260830,0.01195814648729447
RPPS-TDC,compact,Water,20260831,0.028064992614475627
RPPS-TDC,compact,Water,20260832,0.07396449704142012
RPPS-TDC,compact,Water,20260833,0.04405286343612335
RPPS-TDC,compact,Water,20260834,0.03587443946188341
RPPS-TDC,compact,Water,20260835,0.08605341246290801
RPPS-TDC,compact,Water,20260836,0.020558002936857563
RPPS-TDC,compact,Water,20260837,0.08862629246676514
RPPS-TDC,independent,Climate,20260808,0.0
RPPS-TDC,independent,Climate,20260809,0.0
RPPS-TDC,independent,Climate,20260810,0.0
RPPS-TDC,independent,Climate,20260811,0.0
RPPS-TDC,independent,Climate,20260812,0.0
RPPS-TDC,independent,Climate,20260813,0.0
RPPS-TDC,independent,Climate,20260814,0.0
RPPS-TDC,independent,Climate,20260815,0.0
RPPS-TDC,independent,Climate,20260816,0.0
RPPS-TDC,independent,Climate,20260817,0.0
RPPS-TDC,independent,Climate,20260818,0.0
RPPS-TDC,independent,Climate,20260819,0.0
RPPS-TDC,independent,Climate,20260820,0.0
RPPS-TDC,independent,Climate,20260821,0.0
RPPS-TDC,independent,Climate,20260822,0.0
RPPS-TDC,independent,Climate,20260823,0.0
RPPS-TDC,independent,Climate,20260824,0.0
RPPS-TDC,independent,Climate,20260825,0.0
RPPS-TDC,independent,Climate,20260826,0.0
RPPS-TDC,independent,Climate,20260827,0.0
RPPS-TDC,independent,Climate,20260828,0.0
RPPS-TDC,independent,Climate,20260829,0.0
RPPS-TDC,independent,Climate,20260830,0.0
RPPS-TDC,independent,Climate,20260831,0.0
RPPS-TDC,independent,Climate,20260832,0.0
RPPS-TDC,independent,Climate,20260833,0.0
RPPS-TDC,independent,Climate,20260834,0.0
RPPS-TDC,independent,Climate,20260835,0.0
RPPS-TDC,independent,Climate,20260836,0.0
RPPS-TDC,independent,Climate,20260837,0.0
RPPS-TDC,independent,Traffic,20260808,0.0
RPPS-TDC,independent,Traffic,20260809,0.0
RPPS-TDC,independent,Traffic,20260810,0.0
RPPS-TDC,independent,Traffic,20260811,0.0
RPPS-TDC,independent,Traffic,20260812,0.0
RPPS-TDC,independent,Traffic,20260813,0.0
RPPS-TDC,independent,Traffic,20260814,0.0
RPPS-TDC,independent,Traffic,20260815,0.0
RPPS-TDC,independent,Traffic,20260816,0.0
RPPS-TDC,independent,Traffic,20260817,0.0
RPPS-TDC,independent,Traffic,20260818,0.0
RPPS-TDC,independent,Traffic,20260819,0.0
RPPS-TDC,independent,Traffic,20260820,0.0
RPPS-TDC,independent,Traffic,20260821,0.0
RPPS-TDC,independent,Traffic,20260822,0.0
RPPS-TDC,independent,Traffic,20260823,0.0
RPPS-TDC,independent,Traffic,20260824,0.0
RPPS-TDC,independent,Traffic,20260825,0.0
RPPS-TDC,independent,Traffic,20260826,0.0
RPPS-TDC,independent,Traffic,20260827,0.0
RPPS-TDC,independent,Traffic,20260828,0.0
RPPS-TDC,independent,Traffic,20260829,0.0
RPPS-TDC,independent,Traffic,20260830,0.0
RPPS-TDC,independent,Traffic,20260831,0.0
RPPS-TDC,independent,Traffic,20260832,0.0
RPPS-TDC,independent,Traffic,20260833,0.0
RPPS-TDC,independent,Traffic,20260834,0.0
RPPS-TDC,independent,Traffic,20260835,0.0
RPPS-TDC,independent,Traffic,20260836,0.0
RPPS-TDC,independent,Traffic,20260837,0.0
RPPS-TDC,independent,Water,20260808,0.0
RPPS-TDC,independent,Water,20260809,0.0
RPPS-TDC,independent,Water,20260810,0.0
RPPS-TDC,independent,Water,20260811,0.0
RPPS-TDC,independent,Water,20260812,0.0
RPPS-TDC,independent,Water,20260813,0.0
RPPS-TDC,independent,Water,20260814,0.0
RPPS-TDC,independent,Water,20260815,0.0
RPPS-TDC,independent,Water,20260816,0.0
RPPS-TDC,independent,Water,20260817,0.0
RPPS-TDC,independent,Water,20260818,0.007473841554559043
RPPS-TDC,independent,Water,20260819,0.0
RPPS-TDC,independent,Water,20260820,0.0
RPPS-TDC,independent,Water,20260821,0.0
RPPS-TDC,independent,Water,20260822,0.0
RPPS-TDC,independent,Water,20260823,0.0
RPPS-TDC,independent,Water,20260824,0.0
RPPS-TDC,independent,Water,20260825,0.0
RPPS-TDC,independent,Water,20260826,0.0
RPPS-TDC,independent,Water,20260827,0.0
RPPS-TDC,independent,Water,20260828,0.0
RPPS-TDC,independent,Water,20260829,0.0
RPPS-TDC,independent,Water,20260830,0.0
RPPS-TDC,independent,Water,20260831,0.007385524372230428
RPPS-TDC,independent,Water,20260832,0.0
RPPS-TDC,independent,Water,20260833,0.0
RPPS-TDC,independent,Water,20260834,0.007473841554559043
RPPS-TDC,independent,Water,20260835,0.0
RPPS-TDC,independent,Water,20260836,0.0
RPPS-TDC,independent,Water,20260837,0.0
RPPS-TDC,mature_anchor,Climate,20260808,0.0465587044534413
RPPS-TDC,mature_anchor,Climate,20260809,0.8867521367521367
RPPS-TDC,mature_anchor,Climate,20260810,0.06804123711340206
RPPS-TDC,mature_anchor,Climate,20260811,0.3245967741935484
RPPS-TDC,mature_anchor,Climate,20260812,0.08041237113402062
RPPS-TDC,mature_anchor,Climate,20260813,0.052083333333333336
RPPS-TDC,mature_anchor,Climate,20260814,0.027837259100642397
RPPS-TDC,mature_anchor,Climate,20260815,0.09221311475409837
RPPS-TDC,mature_anchor,Climate,20260816,0.9875
RPPS-TDC,mature_anchor,Climate,20260817,0.029723991507430998
RPPS-TDC,mature_anchor,Climate,20260818,0.12269938650306748
RPPS-TDC,mature_anchor,Climate,20260819,0.10256410256410256
RPPS-TDC,mature_anchor,Climate,20260820,0.08118811881188119
RPPS-TDC,mature_anchor,Climate,20260821,1.0
RPPS-TDC,mature_anchor,Climate,20260822,0.08297872340425531
RPPS-TDC,mature_anchor,Climate,20260823,1.0
RPPS-TDC,mature_anchor,Climate,20260824,0.3548387096774194
RPPS-TDC,mature_anchor,Climate,20260825,0.12448132780082988
RPPS-TDC,mature_anchor,Climate,20260826,0.406570841889117
RPPS-TDC,mature_anchor,Climate,20260827,0.020491803278688523
RPPS-TDC,mature_anchor,Climate,20260828,0.08008213552361396
RPPS-TDC,mature_anchor,Climate,20260829,0.8565656565656565
RPPS-TDC,mature_anchor,Climate,20260830,0.07991360691144708
RPPS-TDC,mature_anchor,Climate,20260831,0.24369747899159663
RPPS-TDC,mature_anchor,Climate,20260832,0.0205761316872428
RPPS-TDC,mature_anchor,Climate,20260833,0.018036072144288578
RPPS-TDC,mature_anchor,Climate,20260834,0.2817204301075269
RPPS-TDC,mature_anchor,Climate,20260835,0.016913319238900635
RPPS-TDC,mature_anchor,Climate,20260836,0.2669404517453799
RPPS-TDC,mature_anchor,Climate,20260837,0.045064377682403435
RPPS-TDC,mature_anchor,Traffic,20260808,1.0
RPPS-TDC,mature_anchor,Traffic,20260809,0.918625678119349
RPPS-TDC,mature_anchor,Traffic,20260810,0.10535714285714286
RPPS-TDC,mature_anchor,Traffic,20260811,0.0843585237258348
RPPS-TDC,mature_anchor,Traffic,20260812,0.01824817518248175
RPPS-TDC,mature_anchor,Traffic,20260813,0.06776556776556776
RPPS-TDC,mature_anchor,Traffic,20260814,0.5857664233576643
RPPS-TDC,mature_anchor,Traffic,20260815,0.9944954128440368
RPPS-TDC,mature_anchor,Traffic,20260816,0.027624309392265192
RPPS-TDC,mature_anchor,Traffic,20260817,0.054945054945054944
RPPS-TDC,mature_anchor,Traffic,20260818,0.1088560885608856
RPPS-TDC,mature_anchor,Traffic,20260819,0.3787313432835821
RPPS-TDC,mature_anchor,Traffic,20260820,0.3248175182481752
RPPS-TDC,mature_anchor,Traffic,20260821,0.9710144927536232
RPPS-TDC,mature_anchor,Traffic,20260822,0.06985294117647059
RPPS-TDC,mature_anchor,Traffic,20260823,0.46309963099630996
RPPS-TDC,mature_anchor,Traffic,20260824,0.05688073394495413
RPPS-TDC,mature_anchor,Traffic,20260825,0.03090909090909091
RPPS-TDC,mature_anchor,Traffic,20260826,0.03832116788321168
RPPS-TDC,mature_anchor,Traffic,20260827,0.9728260869565217
RPPS-TDC,mature_anchor,Traffic,20260828,0.08925318761384335
RPPS-TDC,mature_anchor,Traffic,20260829,0.011194029850746268
RPPS-TDC,mature_anchor,Traffic,20260830,0.8629629629629629
RPPS-TDC,mature_anchor,Traffic,20260831,0.04553734061930783
RPPS-TDC,mature_anchor,Traffic,20260832,0.13620071684587814
RPPS-TDC,mature_anchor,Traffic,20260833,0.9218181818181819
RPPS-TDC,mature_anchor,Traffic,20260834,0.055762081784386616
RPPS-TDC,mature_anchor,Traffic,20260835,0.9699248120300752
RPPS-TDC,mature_anchor,Traffic,20260836,0.0
RPPS-TDC,mature_anchor,Traffic,20260837,0.020522388059701493
RPPS-TDC,mature_anchor,Water,20260808,0.4105691056910569
RPPS-TDC,mature_anchor,Water,20260809,0.09710743801652892
RPPS-TDC,mature_anchor,Water,20260810,0.056485355648535567
RPPS-TDC,mature_anchor,Water,20260811,0.9100418410041841
RPPS-TDC,mature_anchor,Water,20260812,0.16452991452991453
RPPS-TDC,mature_anchor,Water,20260813,0.06212424849699399
RPPS-TDC,mature_anchor,Water,20260814,0.9039301310043668
RPPS-TDC,mature_anchor,Water,20260815,0.8400852878464818
RPPS-TDC,mature_anchor,Water,20260816,0.8382352941176471
RPPS-TDC,mature_anchor,Water,20260817,0.13118279569892474
RPPS-TDC,mature_anchor,Water,20260818,0.11801242236024845
RPPS-TDC,mature_anchor,Water,20260819,0.09829059829059829
RPPS-TDC,mature_anchor,Water,20260820,0.17204301075268819
RPPS-TDC,mature_anchor,Water,20260821,0.053388090349075976
RPPS-TDC,mature_anchor,Water,20260822,0.07484407484407485
RPPS-TDC,mature_anchor,Water,20260823,0.06300813008130081
RPPS-TDC,mature_anchor,Water,20260824,0.2033195020746888
RPPS-TDC,mature_anchor,Water,20260825,0.058577405857740586
RPPS-TDC,mature_anchor,Water,20260826,0.07459677419354839
RPPS-TDC,mature_anchor,Water,20260827,0.36152219873150104
RPPS-TDC,mature_anchor,Water,20260828,0.15625
RPPS-TDC,mature_anchor,Water,20260829,0.09523809523809523
RPPS-TDC,mature_anchor,Water,20260830,0.20342612419700215
RPPS-TDC,mature_anchor,Water,20260831,0.7157894736842105
RPPS-TDC,mature_anchor,Water,20260832,0.07172995780590717
RPPS-TDC,mature_anchor,Water,20260833,0.855072463768116
RPPS-TDC,mature_anchor,Water,20260834,0.05307855626326964
RPPS-TDC,mature_anchor,Water,20260835,0.3678646934460888
RPPS-TDC,mature_anchor,Water,20260836,0.03361344537815126
RPPS-TDC,mature_anchor,Water,20260837,0.10722100656455143
RPPS-TDC,onoff,Climate,20260808,0.03303303303303303
RPPS-TDC,onoff,Climate,20260809,0.043478260869565216
RPPS-TDC,onoff,Climate,20260810,0.08536585365853659
RPPS-TDC,onoff,Climate,20260811,1.0
RPPS-TDC,onoff,Climate,20260812,0.06865671641791045
RPPS-TDC,onoff,Climate,20260813,0.01892744479495268
RPPS-TDC,onoff,Climate,20260814,0.07766990291262135
RPPS-TDC,onoff,Climate,20260815,0.08387096774193549
RPPS-TDC,onoff,Climate,20260816,0.9384615384615385
RPPS-TDC,onoff,Climate,20260817,0.12861736334405144
RPPS-TDC,onoff,Climate,20260818,0.1489971346704871
RPPS-TDC,onoff,Climate,20260819,0.12307692307692308
RPPS-TDC,onoff,Climate,20260820,0.1111111111111111
RPPS-TDC,onoff,Climate,20260821,0.7927927927927928
RPPS-TDC,onoff,Climate,20260822,0.07936507936507936
RPPS-TDC,onoff,Climate,20260823,0.8453947368421053
RPPS-TDC,onoff,Climate,20260824,1.0
RPPS-TDC,onoff,Climate,20260825,0.294478527607362
RPPS-TDC,onoff,Climate,20260826,0.40062111801242234
RPPS-TDC,onoff,Climate,20260827,0.0
RPPS-TDC,onoff,Climate,20260828,0.07738095238095238
RPPS-TDC,onoff,Climate,20260829,0.3076923076923077
RPPS-TDC,onoff,Climate,20260830,0.03592814371257485
RPPS-TDC,onoff,Climate,20260831,0.07301587301587302
RPPS-TDC,onoff,Climate,20260832,0.009230769230769232
RPPS-TDC,onoff,Climate,20260833,0.07267441860465117
RPPS-TDC,onoff,Climate,20260834,1.0
RPPS-TDC,onoff,Climate,20260835,0.06050955414012739
RPPS-TDC,onoff,Climate,20260836,0.1661807580174927
RPPS-TDC,onoff,Climate,20260837,0.0
RPPS-TDC,onoff,Traffic,20260808,0.3776435045317221
RPPS-TDC,onoff,Traffic,20260809,0.9763313609467456
RPPS-TDC,onoff,Traffic,20260810,0.0581039755351682
RPPS-TDC,onoff,Traffic,20260811,0.021604938271604937
RPPS-TDC,onoff,Traffic,20260812,0.0
RPPS-TDC,onoff,Traffic,20260813,0.10443037974683544
RPPS-TDC,onoff,Traffic,20260814,0.6606606606606606
RPPS-TDC,onoff,Traffic,20260815,0.8798701298701299
RPPS-TDC,onoff,Traffic,20260816,0.0
RPPS-TDC,onoff,Traffic,20260817,0.06042296072507553
RPPS-TDC,onoff,Traffic,20260818,0.07668711656441718
RPPS-TDC,onoff,Traffic,20260819,0.9941690962099126
RPPS-TDC,onoff,Traffic,20260820,0.2777777777777778
RPPS-TDC,onoff,Traffic,20260821,0.6374269005847953
RPPS-TDC,onoff,Traffic,20260822,0.1388888888888889
RPPS-TDC,onoff,Traffic,20260823,0.8067484662576687
RPPS-TDC,onoff,Traffic,20260824,0.0783132530120482
RPPS-TDC,onoff,Traffic,20260825,0.02967359050445104
RPPS-TDC,onoff,Traffic,20260826,0.0
RPPS-TDC,onoff,Traffic,20260827,0.9544072948328267
RPPS-TDC,onoff,Traffic,20260828,0.2298507462686567
RPPS-TDC,onoff,Traffic,20260829,0.07119741100323625
RPPS-TDC,onoff,Traffic,20260830,0.9327217125382263
RPPS-TDC,onoff,Traffic,20260831,0.08849557522123894
RPPS-TDC,onoff,Traffic,20260832,0.10385756676557864
RPPS-TDC,onoff,Traffic,20260833,0.1592920353982301
RPPS-TDC,onoff,Traffic,20260834,0.0
RPPS-TDC,onoff,Traffic,20260835,0.3137254901960784
RPPS-TDC,onoff,Traffic,20260836,0.0
RPPS-TDC,onoff,Traffic,20260837,0.021148036253776436
RPPS-TDC,onoff,Water,20260808,0.915068493150685
RPPS-TDC,onoff,Water,20260809,0.1206896551724138
RPPS-TDC,onoff,Water,20260810,0.06647398843930635
RPPS-TDC,onoff,Water,20260811,0.7994269340974212
RPPS-TDC,onoff,Water,20260812,0.06628242074927954
RPPS-TDC,onoff,Water,20260813,0.049132947976878616
RPPS-TDC,onoff,Water,20260814,0.9514285714285714
RPPS-TDC,onoff,Water,20260815,0.9093484419263456
RPPS-TDC,onoff,Water,20260816,0.8972222222222223
RPPS-TDC,onoff,Water,20260817,0.03363914373088685
RPPS-TDC,onoff,Water,20260818,0.09166666666666666
RPPS-TDC,onoff,Water,20260819,0.05763688760806916
RPPS-TDC,onoff,Water,20260820,0.9259259259259259
RPPS-TDC,onoff,Water,20260821,0.03899721448467967
RPPS-TDC,onoff,Water,20260822,0.10198300283286119
RPPS-TDC,onoff,Water,20260823,0.044444444444444446
RPPS-TDC,onoff,Water,20260824,0.13202247191011235
RPPS-TDC,onoff,Water,20260825,0.10136986301369863
RPPS-TDC,onoff,Water,20260826,0.05042016806722689
RPPS-TDC,onoff,Water,20260827,0.05952380952380952
RPPS-TDC,onoff,Water,20260828,0.08493150684931507
RPPS-TDC,onoff,Water,20260829,0.07758620689655173
RPPS-TDC,onoff,Water,20260830,0.0196078431372549
RPPS-TDC,onoff,Water,20260831,0.8645533141210374
RPPS-TDC,onoff,Water,20260832,0.02359882005899705
RPPS-TDC,onoff,Water,20260833,0.7909604519774012
RPPS-TDC,onoff,Water,20260834,0.03081232492997199
RPPS-TDC,onoff,Water,20260835,0.831858407079646
RPPS-TDC,onoff,Water,20260836,0.025787965616045846
RPPS-TDC,onoff,Water,20260837,0.08831908831908832
