method,scene,target_workers,seed,mode,malicious_ratio,strength,malicious_retained,malicious_total,malicious_report_leakage
QE,Climate,27,20260808,independent,0.3,0.5,655,655,1.0
PRTD,Climate,27,20260808,independent,0.3,0.5,655,655,1.0
QE,Climate,27,20260808,compact,0.3,0.5,655,655,1.0
PRTD,Climate,27,20260808,compact,0.3,0.5,655,655,1.0
QE,Climate,27,20260808,onoff,0.3,0.5,333,333,1.0
PRTD,Climate,27,20260808,onoff,0.3,0.5,333,333,1.0
QE,Climate,27,20260808,mature_anchor,0.3,0.5,494,494,1.0
PRTD,Climate,27,20260808,mature_anchor,0.3,0.5,494,494,1.0
QE,Climate,27,20260809,independent,0.3,0.5,624,624,1.0
PRTD,Climate,27,20260809,independent,0.3,0.5,624,624,1.0
QE,Climate,27,20260809,compact,0.3,0.5,624,624,1.0
PRTD,Climate,27,20260809,compact,0.3,0.5,624,624,1.0
QE,Climate,27,20260809,onoff,0.3,0.5,322,322,1.0
PRTD,Climate,27,20260809,onoff,0.3,0.5,322,322,1.0
QE,Climate,27,20260809,mature_anchor,0.3,0.5,468,468,1.0
PRTD,Climate,27,20260809,mature_anchor,0.3,0.5,468,468,1.0
QE,Climate,27,20260810,independent,0.3,0.5,651,651,1.0
PRTD,Climate,27,20260810,independent,0.3,0.5,651,651,1.0
QE,Climate,27,20260810,compact,0.3,0.5,651,651,1.0
PRTD,Climate,27,20260810,compact,0.3,0.5,651,651,1.0
QE,Climate,27,20260810,onoff,0.3,0.5,328,328,1.0
PRTD,Climate,27,20260810,onoff,0.3,0.5,328,328,1.0
QE,Climate,27,20260810,mature_anchor,0.3,0.5,485,485,1.0
PRTD,Climate,27,20260810,mature_anchor,0.3,0.5,485,485,1.0
QE,Climate,27,20260811,independent,0.3,0.5,644,644,1.0
PRTD,Climate,27,20260811,independent,0.3,0.5,644,644,1.0
QE,Climate,27,20260811,compact,0.3,0.5,644,644,1.0
PRTD,Climate,27,20260811,compact,0.3,0.5,644,644,1.0
QE,Climate,27,20260811,onoff,0.3,0.5,327,327,1.0
PRTD,Climate,27,20260811,onoff,0.3,0.5,327,327,1.0
QE,Climate,27,20260811,mature_anchor,0.3,0.5,496,496,1.0
PRTD,Climate,27,20260811,mature_anchor,0.3,0.5,496,496,1.0
QE,Climate,27,20260812,independent,0.3,0.5,654,654,1.0
PRTD,Climate,27,20260812,independent,0.3,0.5,654,654,1.0
QE,Climate,27,20260812,compact,0.3,0.5,654,654,1.0
PRTD,Climate,27,20260812,compact,0.3,0.5,654,654,1.0
QE,Climate,27,20260812,onoff,0.3,0.5,335,335,1.0
PRTD,Climate,27,20260812,onoff,0.3,0.5,335,335,1.0
QE,Climate,27,20260812,mature_anchor,0.3,0.5,485,485,1.0
PRTD,Climate,27,20260812,mature_anchor,0.3,0.5,485,485,1.0
QE,Climate,27,20260813,independent,0.3,0.5,634,634,1.0
PRTD,Climate,27,20260813,independent,0.3,0.5,634,634,1.0
QE,Climate,27,20260813,compact,0.3,0.5,634,634,1.0
PRTD,Climate,27,20260813,compact,0.3,0.5,634,634,1.0
QE,Climate,27,20260813,onoff,0.3,0.5,317,317,1.0
PRTD,Climate,27,20260813,onoff,0.3,0.5,317,317,1.0
QE,Climate,27,20260813,mature_anchor,0.3,0.5,480,480,1.0
PRTD,Climate,27,20260813,mature_anchor,0.3,0.5,480,480,1.0
QE,Climate,27,20260814,independent,0.3,0.5,629,629,1.0
PRTD,Climate,27,20260814,independent,0.3,0.5,629,629,1.0
QE,Climate,27,20260814,compact,0.3,0.5,629,629,1.0
PRTD,Climate,27,20260814,compact,0.3,0.5,629,629,1.0
QE,Climate,27,20260814,onoff,0.3,0.5,309,309,1.0
PRTD,Climate,27,20260814,onoff,0.3,0.5,309,309,1.0
QE,Climate,27,20260814,mature_anchor,0.3,0.5,467,467,1.0
PRTD,Climate,27,20260814,mature_anchor,0.3,0.5,467,467,1.0
QE,Climate,27,20260815,independent,0.3,0.5,645,645,1.0
PRTD,Climate,27,20260815,independent,0.3,0.5,645,645,1.0
QE,Climate,27,20260815,compact,0.3,0.5,645,645,1.0
PRTD,Climate,27,20260815,compact,0.3,0.5,645,645,1.0
QE,Climate,27,20260815,onoff,0.3,0.5,310,310,1.0
PRTD,Climate,27,20260815,onoff,0.3,0.5,310,310,1.0
QE,Climate,27,20260815,mature_anchor,0.3,0.5,488,488,1.0
PRTD,Climate,27,20260815,mature_anchor,0.3,0.5,488,488,1.0
QE,Climate,27,20260816,independent,0.3,0.5,627,627,1.0
PRTD,Climate,27,20260816,independent,0.3,0.5,627,627,1.0
QE,Climate,27,20260816,compact,0.3,0.5,627,627,1.0
PRTD,Climate,27,20260816,compact,0.3,0.5,627,627,1.0
QE,Climate,27,20260816,onoff,0.3,0.5,325,325,1.0
PRTD,Climate,27,20260816,onoff,0.3,0.5,325,325,1.0
QE,Climate,27,20260816,mature_anchor,0.3,0.5,480,480,1.0
PRTD,Climate,27,20260816,mature_anchor,0.3,0.5,480,480,1.0
QE,Climate,27,20260817,independent,0.3,0.5,643,643,1.0
PRTD,Climate,27,20260817,independent,0.3,0.5,643,643,1.0
QE,Climate,27,20260817,compact,0.3,0.5,643,643,1.0
PRTD,Climate,27,20260817,compact,0.3,0.5,643,643,1.0
QE,Climate,27,20260817,onoff,0.3,0.5,311,311,1.0
PRTD,Climate,27,20260817,onoff,0.3,0.5,311,311,1.0
QE,Climate,27,20260817,mature_anchor,0.3,0.5,471,471,1.0
PRTD,Climate,27,20260817,mature_anchor,0.3,0.5,471,471,1.0
QE,Climate,27,20260818,independent,0.3,0.5,651,651,1.0
PRTD,Climate,27,20260818,independent,0.3,0.5,651,651,1.0
QE,Climate,27,20260818,compact,0.3,0.5,651,651,1.0
PRTD,Climate,27,20260818,compact,0.3,0.5,651,651,1.0
QE,Climate,27,20260818,onoff,0.3,0.5,349,349,1.0
PRTD,Climate,27,20260818,onoff,0.3,0.5,349,349,1.0
QE,Climate,27,20260818,mature_anchor,0.3,0.5,489,489,1.0
PRTD,Climate,27,20260818,mature_anchor,0.3,0.5,489,489,1.0
QE,Climate,27,20260819,independent,0.3,0.5,645,645,1.0
PRTD,Climate,27,20260819,independent,0.3,0.5,645,645,1.0
QE,Climate,27,20260819,compact,0.3,0.5,645,645,1.0
PRTD,Climate,27,20260819,compact,0.3,0.5,645,645,1.0
QE,Climate,27,20260819,onoff,0.3,0.5,325,325,1.0
PRTD,Climate,27,20260819,onoff,0.3,0.5,325,325,1.0
QE,Climate,27,20260819,mature_anchor,0.3,0.5,468,468,1.0
PRTD,Climate,27,20260819,mature_anchor,0.3,0.5,468,468,1.0
QE,Climate,27,20260820,independent,0.3,0.5,646,646,1.0
PRTD,Climate,27,20260820,independent,0.3,0.5,646,646,1.0
QE,Climate,27,20260820,compact,0.3,0.5,646,646,1.0
PRTD,Climate,27,20260820,compact,0.3,0.5,646,646,1.0
QE,Climate,27,20260820,onoff,0.3,0.5,333,333,1.0
PRTD,Climate,27,20260820,onoff,0.3,0.5,333,333,1.0
QE,Climate,27,20260820,mature_anchor,0.3,0.5,505,505,1.0
PRTD,Climate,27,20260820,mature_anchor,0.3,0.5,505,505,1.0
QE,Climate,27,20260821,independent,0.3,0.5,636,636,1.0
PRTD,Climate,27,20260821,independent,0.3,0.5,636,636,1.0
QE,Climate,27,20260821,compact,0.3,0.5,636,636,1.0
PRTD,Climate,27,20260821,compact,0.3,0.5,636,636,1.0
QE,Climate,27,20260821,onoff,0.3,0.5,333,333,1.0
PRTD,Climate,27,20260821,onoff,0.3,0.5,333,333,1.0
QE,Climate,27,20260821,mature_anchor,0.3,0.5,486,486,1.0
PRTD,Climate,27,20260821,mature_anchor,0.3,0.5,486,486,1.0
QE,Climate,27,20260822,independent,0.3,0.5,637,637,1.0
PRTD,Climate,27,20260822,independent,0.3,0.5,637,637,1.0
QE,Climate,27,20260822,compact,0.3,0.5,637,637,1.0
PRTD,Climate,27,20260822,compact,0.3,0.5,637,637,1.0
QE,Climate,27,20260822,onoff,0.3,0.5,315,315,1.0
PRTD,Climate,27,20260822,onoff,0.3,0.5,315,315,1.0
QE,Climate,27,20260822,mature_anchor,0.3,0.5,470,470,1.0
PRTD,Climate,27,20260822,mature_anchor,0.3,0.5,470,470,1.0
QE,Climate,27,20260823,independent,0.3,0.5,630,630,1.0
PRTD,Climate,27,20260823,independent,0.3,0.5,630,630,1.0
QE,Climate,27,20260823,compact,0.3,0.5,630,630,1.0
PRTD,Climate,27,20260823,compact,0.3,0.5,630,630,1.0
QE,Climate,27,20260823,onoff,0.3,0.5,304,304,1.0
PRTD,Climate,27,20260823,onoff,0.3,0.5,304,304,1.0
QE,Climate,27,20260823,mature_anchor,0.3,0.5,460,460,1.0
PRTD,Climate,27,20260823,mature_anchor,0.3,0.5,460,460,1.0
QE,Climate,27,20260824,independent,0.3,0.5,638,638,1.0
PRTD,Climate,27,20260824,independent,0.3,0.5,638,638,1.0
QE,Climate,27,20260824,compact,0.3,0.5,638,638,1.0
PRTD,Climate,27,20260824,compact,0.3,0.5,638,638,1.0
QE,Climate,27,20260824,onoff,0.3,0.5,336,336,1.0
PRTD,Climate,27,20260824,onoff,0.3,0.5,336,336,1.0
QE,Climate,27,20260824,mature_anchor,0.3,0.5,465,465,1.0
PRTD,Climate,27,20260824,mature_anchor,0.3,0.5,465,465,1.0
QE,Climate,27,20260825,independent,0.3,0.5,647,647,1.0
PRTD,Climate,27,20260825,independent,0.3,0.5,647,647,1.0
QE,Climate,27,20260825,compact,0.3,0.5,647,647,1.0
PRTD,Climate,27,20260825,compact,0.3,0.5,647,647,1.0
QE,Climate,27,20260825,onoff,0.3,0.5,326,326,1.0
PRTD,Climate,27,20260825,onoff,0.3,0.5,326,326,1.0
QE,Climate,27,20260825,mature_anchor,0.3,0.5,482,482,1.0
PRTD,Climate,27,20260825,mature_anchor,0.3,0.5,482,482,1.0
QE,Climate,27,20260826,independent,0.3,0.5,646,646,1.0
PRTD,Climate,27,20260826,independent,0.3,0.5,646,646,1.0
QE,Climate,27,20260826,compact,0.3,0.5,646,646,1.0
PRTD,Climate,27,20260826,compact,0.3,0.5,646,646,1.0
QE,Climate,27,20260826,onoff,0.3,0.5,322,322,1.0
PRTD,Climate,27,20260826,onoff,0.3,0.5,322,322,1.0
QE,Climate,27,20260826,mature_anchor,0.3,0.5,487,487,1.0
PRTD,Climate,27,20260826,mature_anchor,0.3,0.5,487,487,1.0
QE,Climate,27,20260827,independent,0.3,0.5,639,639,1.0
PRTD,Climate,27,20260827,independent,0.3,0.5,639,639,1.0
QE,Climate,27,20260827,compact,0.3,0.5,639,639,1.0
PRTD,Climate,27,20260827,compact,0.3,0.5,639,639,1.0
QE,Climate,27,20260827,onoff,0.3,0.5,311,311,1.0
PRTD,Climate,27,20260827,onoff,0.3,0.5,311,311,1.0
QE,Climate,27,20260827,mature_anchor,0.3,0.5,488,488,1.0
PRTD,Climate,27,20260827,mature_anchor,0.3,0.5,488,488,1.0
QE,Climate,27,20260828,independent,0.3,0.5,651,651,1.0
PRTD,Climate,27,20260828,independent,0.3,0.5,651,651,1.0
QE,Climate,27,20260828,compact,0.3,0.5,651,651,1.0
PRTD,Climate,27,20260828,compact,0.3,0.5,651,651,1.0
QE,Climate,27,20260828,onoff,0.3,0.5,336,336,1.0
PRTD,Climate,27,20260828,onoff,0.3,0.5,336,336,1.0
QE,Climate,27,20260828,mature_anchor,0.3,0.5,487,487,1.0
PRTD,Climate,27,20260828,mature_anchor,0.3,0.5,487,487,1.0
QE,Climate,27,20260829,independent,0.3,0.5,661,661,1.0
PRTD,Climate,27,20260829,independent,0.3,0.5,661,661,1.0
QE,Climate,27,20260829,compact,0.3,0.5,661,661,1.0
PRTD,Climate,27,20260829,compact,0.3,0.5,661,661,1.0
QE,Climate,27,20260829,onoff,0.3,0.5,325,325,1.0
PRTD,Climate,27,20260829,onoff,0.3,0.5,325,325,1.0
QE,Climate,27,20260829,mature_anchor,0.3,0.5,495,495,1.0
PRTD,Climate,27,20260829,mature_anchor,0.3,0.5,495,495,1.0
QE,Climate,27,20260830,independent,0.3,0.5,649,649,1.0
PRTD,Climate,27,20260830,independent,0.3,0.5,649,649,1.0
QE,Climate,27,20260830,compact,0.3,0.5,649,649,1.0
PRTD,Climate,27,20260830,compact,0.3,0.5,649,649,1.0
QE,Climate,27,20260830,onoff,0.3,0.5,334,334,1.0
PRTD,Climate,27,20260830,onoff,0.3,0.5,334,334,1.0
QE,Climate,27,20260830,mature_anchor,0.3,0.5,463,463,1.0
PRTD,Climate,27,20260830,mature_anchor,0.3,0.5,463,463,1.0
QE,Climate,27,20260831,independent,0.3,0.5,647,647,1.0
PRTD,Climate,27,20260831,independent,0.3,0.5,647,647,1.0
QE,Climate,27,20260831,compact,0.3,0.5,647,647,1.0
PRTD,Climate,27,20260831,compact,0.3,0.5,647,647,1.0
QE,Climate,27,20260831,onoff,0.3,0.5,315,315,1.0
PRTD,Climate,27,20260831,onoff,0.3,0.5,315,315,1.0
QE,Climate,27,20260831,mature_anchor,0.3,0.5,476,476,1.0
PRTD,Climate,27,20260831,mature_anchor,0.3,0.5,476,476,1.0
QE,Climate,27,20260832,independent,0.3,0.5,644,644,1.0
PRTD,Climate,27,20260832,independent,0.3,0.5,644,644,1.0
QE,Climate,27,20260832,compact,0.3,0.5,644,644,1.0
PRTD,Climate,27,20260832,compact,0.3,0.5,644,644,1.0
QE,Climate,27,20260832,onoff,0.3,0.5,325,325,1.0
PRTD,Climate,27,20260832,onoff,0.3,0.5,325,325,1.0
QE,Climate,27,20260832,mature_anchor,0.3,0.5,486,486,1.0
PRTD,Climate,27,20260832,mature_anchor,0.3,0.5,486,486,1.0
QE,Climate,27,20260833,independent,0.3,0.5,647,647,1.0
PRTD,Climate,27,20260833,independent,0.3,0.5,647,647,1.0
QE,Climate,27,20260833,compact,0.3,0.5,647,647,1.0
PRTD,Climate,27,20260833,compact,0.3,0.5,647,647,1.0
QE,Climate,27,20260833,onoff,0.3,0.5,344,344,1.0
PRTD,Climate,27,20260833,onoff,0.3,0.5,344,344,1.0
QE,Climate,27,20260833,mature_anchor,0.3,0.5,499,499,1.0
PRTD,Climate,27,20260833,mature_anchor,0.3,0.5,499,499,1.0
QE,Climate,27,20260834,independent,0.3,0.5,625,625,1.0
PRTD,Climate,27,20260834,independent,0.3,0.5,625,625,1.0
QE,Climate,27,20260834,compact,0.3,0.5,625,625,1.0
PRTD,Climate,27,20260834,compact,0.3,0.5,625,625,1.0
QE,Climate,27,20260834,onoff,0.3,0.5,323,323,1.0
PRTD,Climate,27,20260834,onoff,0.3,0.5,323,323,1.0
QE,Climate,27,20260834,mature_anchor,0.3,0.5,465,465,1.0
PRTD,Climate,27,20260834,mature_anchor,0.3,0.5,465,465,1.0
QE,Climate,27,20260835,independent,0.3,0.5,636,636,1.0
PRTD,Climate,27,20260835,independent,0.3,0.5,636,636,1.0
QE,Climate,27,20260835,compact,0.3,0.5,636,636,1.0
PRTD,Climate,27,20260835,compact,0.3,0.5,636,636,1.0
QE,Climate,27,20260835,onoff,0.3,0.5,314,314,1.0
PRTD,Climate,27,20260835,onoff,0.3,0.5,314,314,1.0
QE,Climate,27,20260835,mature_anchor,0.3,0.5,473,473,1.0
PRTD,Climate,27,20260835,mature_anchor,0.3,0.5,473,473,1.0
QE,Climate,27,20260836,independent,0.3,0.5,655,655,1.0
PRTD,Climate,27,20260836,independent,0.3,0.5,655,655,1.0
QE,Climate,27,20260836,compact,0.3,0.5,655,655,1.0
PRTD,Climate,27,20260836,compact,0.3,0.5,655,655,1.0
QE,Climate,27,20260836,onoff,0.3,0.5,343,343,1.0
PRTD,Climate,27,20260836,onoff,0.3,0.5,343,343,1.0
QE,Climate,27,20260836,mature_anchor,0.3,0.5,487,487,1.0
PRTD,Climate,27,20260836,mature_anchor,0.3,0.5,487,487,1.0
QE,Climate,27,20260837,independent,0.3,0.5,633,633,1.0
PRTD,Climate,27,20260837,independent,0.3,0.5,633,633,1.0
QE,Climate,27,20260837,compact,0.3,0.5,633,633,1.0
PRTD,Climate,27,20260837,compact,0.3,0.5,633,633,1.0
QE,Climate,27,20260837,onoff,0.3,0.5,332,332,1.0
PRTD,Climate,27,20260837,onoff,0.3,0.5,332,332,1.0
QE,Climate,27,20260837,mature_anchor,0.3,0.5,466,466,1.0
PRTD,Climate,27,20260837,mature_anchor,0.3,0.5,466,466,1.0
QE,Traffic,27,20260808,independent,0.3,0.5,672,672,1.0
PRTD,Traffic,27,20260808,independent,0.3,0.5,672,672,1.0
QE,Traffic,27,20260808,compact,0.3,0.5,672,672,1.0
PRTD,Traffic,27,20260808,compact,0.3,0.5,672,672,1.0
QE,Traffic,27,20260808,onoff,0.3,0.5,331,331,1.0
PRTD,Traffic,27,20260808,onoff,0.3,0.5,331,331,1.0
QE,Traffic,27,20260808,mature_anchor,0.3,0.5,540,540,1.0
PRTD,Traffic,27,20260808,mature_anchor,0.3,0.5,540,540,1.0
QE,Traffic,27,20260809,independent,0.3,0.5,682,682,1.0
PRTD,Traffic,27,20260809,independent,0.3,0.5,682,682,1.0
QE,Traffic,27,20260809,compact,0.3,0.5,682,682,1.0
PRTD,Traffic,27,20260809,compact,0.3,0.5,682,682,1.0
QE,Traffic,27,20260809,onoff,0.3,0.5,338,338,1.0
PRTD,Traffic,27,20260809,onoff,0.3,0.5,338,338,1.0
QE,Traffic,27,20260809,mature_anchor,0.3,0.5,553,553,1.0
PRTD,Traffic,27,20260809,mature_anchor,0.3,0.5,553,553,1.0
QE,Traffic,27,20260810,independent,0.3,0.5,681,681,1.0
PRTD,Traffic,27,20260810,independent,0.3,0.5,681,681,1.0
QE,Traffic,27,20260810,compact,0.3,0.5,681,681,1.0
PRTD,Traffic,27,20260810,compact,0.3,0.5,681,681,1.0
QE,Traffic,27,20260810,onoff,0.3,0.5,327,327,1.0
PRTD,Traffic,27,20260810,onoff,0.3,0.5,327,327,1.0
QE,Traffic,27,20260810,mature_anchor,0.3,0.5,560,560,1.0
PRTD,Traffic,27,20260810,mature_anchor,0.3,0.5,560,560,1.0
QE,Traffic,27,20260811,independent,0.3,0.5,689,689,1.0
PRTD,Traffic,27,20260811,independent,0.3,0.5,689,689,1.0
QE,Traffic,27,20260811,compact,0.3,0.5,689,689,1.0
PRTD,Traffic,27,20260811,compact,0.3,0.5,689,689,1.0
QE,Traffic,27,20260811,onoff,0.3,0.5,324,324,1.0
PRTD,Traffic,27,20260811,onoff,0.3,0.5,324,324,1.0
QE,Traffic,27,20260811,mature_anchor,0.3,0.5,569,569,1.0
PRTD,Traffic,27,20260811,mature_anchor,0.3,0.5,569,569,1.0
QE,Traffic,27,20260812,independent,0.3,0.5,678,678,1.0
PRTD,Traffic,27,20260812,independent,0.3,0.5,678,678,1.0
QE,Traffic,27,20260812,compact,0.3,0.5,678,678,1.0
PRTD,Traffic,27,20260812,compact,0.3,0.5,678,678,1.0
QE,Traffic,27,20260812,onoff,0.3,0.5,331,331,1.0
PRTD,Traffic,27,20260812,onoff,0.3,0.5,331,331,1.0
QE,Traffic,27,20260812,mature_anchor,0.3,0.5,548,548,1.0
PRTD,Traffic,27,20260812,mature_anchor,0.3,0.5,548,548,1.0
QE,Traffic,27,20260813,independent,0.3,0.5,669,669,1.0
PRTD,Traffic,27,20260813,independent,0.3,0.5,669,669,1.0
QE,Traffic,27,20260813,compact,0.3,0.5,669,669,1.0
PRTD,Traffic,27,20260813,compact,0.3,0.5,669,669,1.0
QE,Traffic,27,20260813,onoff,0.3,0.5,316,316,1.0
PRTD,Traffic,27,20260813,onoff,0.3,0.5,316,316,1.0
QE,Traffic,27,20260813,mature_anchor,0.3,0.5,546,546,1.0
PRTD,Traffic,27,20260813,mature_anchor,0.3,0.5,546,546,1.0
QE,Traffic,27,20260814,independent,0.3,0.5,682,682,1.0
PRTD,Traffic,27,20260814,independent,0.3,0.5,682,682,1.0
QE,Traffic,27,20260814,compact,0.3,0.5,682,682,1.0
PRTD,Traffic,27,20260814,compact,0.3,0.5,682,682,1.0
QE,Traffic,27,20260814,onoff,0.3,0.5,333,333,1.0
PRTD,Traffic,27,20260814,onoff,0.3,0.5,333,333,1.0
QE,Traffic,27,20260814,mature_anchor,0.3,0.5,548,548,1.0
PRTD,Traffic,27,20260814,mature_anchor,0.3,0.5,548,548,1.0
QE,Traffic,27,20260815,independent,0.3,0.5,681,681,1.0
PRTD,Traffic,27,20260815,independent,0.3,0.5,681,681,1.0
QE,Traffic,27,20260815,compact,0.3,0.5,681,681,1.0
PRTD,Traffic,27,20260815,compact,0.3,0.5,681,681,1.0
QE,Traffic,27,20260815,onoff,0.3,0.5,308,308,1.0
PRTD,Traffic,27,20260815,onoff,0.3,0.5,308,308,1.0
QE,Traffic,27,20260815,mature_anchor,0.3,0.5,545,545,1.0
PRTD,Traffic,27,20260815,mature_anchor,0.3,0.5,545,545,1.0
QE,Traffic,27,20260816,independent,0.3,0.5,677,677,1.0
PRTD,Traffic,27,20260816,independent,0.3,0.5,677,677,1.0
QE,Traffic,27,20260816,compact,0.3,0.5,677,677,1.0
PRTD,Traffic,27,20260816,compact,0.3,0.5,677,677,1.0
QE,Traffic,27,20260816,onoff,0.3,0.5,313,313,1.0
PRTD,Traffic,27,20260816,onoff,0.3,0.5,313,313,1.0
QE,Traffic,27,20260816,mature_anchor,0.3,0.5,543,543,1.0
PRTD,Traffic,27,20260816,mature_anchor,0.3,0.5,543,543,1.0
QE,Traffic,27,20260817,independent,0.3,0.5,675,675,1.0
PRTD,Traffic,27,20260817,independent,0.3,0.5,675,675,1.0
QE,Traffic,27,20260817,compact,0.3,0.5,675,675,1.0
PRTD,Traffic,27,20260817,compact,0.3,0.5,675,675,1.0
QE,Traffic,27,20260817,onoff,0.3,0.5,331,331,1.0
PRTD,Traffic,27,20260817,onoff,0.3,0.5,331,331,1.0
QE,Traffic,27,20260817,mature_anchor,0.3,0.5,546,546,1.0
PRTD,Traffic,27,20260817,mature_anchor,0.3,0.5,546,546,1.0
QE,Traffic,27,20260818,independent,0.3,0.5,675,675,1.0
PRTD,Traffic,27,20260818,independent,0.3,0.5,675,675,1.0
QE,Traffic,27,20260818,compact,0.3,0.5,675,675,1.0
PRTD,Traffic,27,20260818,compact,0.3,0.5,675,675,1.0
QE,Traffic,27,20260818,onoff,0.3,0.5,326,326,1.0
PRTD,Traffic,27,20260818,onoff,0.3,0.5,326,326,1.0
QE,Traffic,27,20260818,mature_anchor,0.3,0.5,542,542,1.0
PRTD,Traffic,27,20260818,mature_anchor,0.3,0.5,542,542,1.0
QE,Traffic,27,20260819,independent,0.3,0.5,673,673,1.0
PRTD,Traffic,27,20260819,independent,0.3,0.5,673,673,1.0
QE,Traffic,27,20260819,compact,0.3,0.5,673,673,1.0
PRTD,Traffic,27,20260819,compact,0.3,0.5,673,673,1.0
QE,Traffic,27,20260819,onoff,0.3,0.5,343,343,1.0
PRTD,Traffic,27,20260819,onoff,0.3,0.5,343,343,1.0
QE,Traffic,27,20260819,mature_anchor,0.3,0.5,536,536,1.0
PRTD,Traffic,27,20260819,mature_anchor,0.3,0.5,536,536,1.0
QE,Traffic,27,20260820,independent,0.3,0.5,663,663,1.0
PRTD,Traffic,27,20260820,independent,0.3,0.5,663,663,1.0
QE,Traffic,27,20260820,compact,0.3,0.5,663,663,1.0
PRTD,Traffic,27,20260820,compact,0.3,0.5,663,663,1.0
QE,Traffic,27,20260820,onoff,0.3,0.5,324,324,1.0
PRTD,Traffic,27,20260820,onoff,0.3,0.5,324,324,1.0
QE,Traffic,27,20260820,mature_anchor,0.3,0.5,548,548,1.0
PRTD,Traffic,27,20260820,mature_anchor,0.3,0.5,548,548,1.0
QE,Traffic,27,20260821,independent,0.3,0.5,673,673,1.0
PRTD,Traffic,27,20260821,independent,0.3,0.5,673,673,1.0
QE,Traffic,27,20260821,compact,0.3,0.5,673,673,1.0
PRTD,Traffic,27,20260821,compact,0.3,0.5,673,673,1.0
QE,Traffic,27,20260821,onoff,0.3,0.5,342,342,1.0
PRTD,Traffic,27,20260821,onoff,0.3,0.5,342,342,1.0
QE,Traffic,27,20260821,mature_anchor,0.3,0.5,552,552,1.0
PRTD,Traffic,27,20260821,mature_anchor,0.3,0.5,552,552,1.0
QE,Traffic,27,20260822,independent,0.3,0.5,667,667,1.0
PRTD,Traffic,27,20260822,independent,0.3,0.5,667,667,1.0
QE,Traffic,27,20260822,compact,0.3,0.5,667,667,1.0
PRTD,Traffic,27,20260822,compact,0.3,0.5,667,667,1.0
QE,Traffic,27,20260822,onoff,0.3,0.5,324,324,1.0
PRTD,Traffic,27,20260822,onoff,0.3,0.5,324,324,1.0
QE,Traffic,27,20260822,mature_anchor,0.3,0.5,544,544,1.0
PRTD,Traffic,27,20260822,mature_anchor,0.3,0.5,544,544,1.0
QE,Traffic,27,20260823,independent,0.3,0.5,667,667,1.0
PRTD,Traffic,27,20260823,independent,0.3,0.5,667,667,1.0
QE,Traffic,27,20260823,compact,0.3,0.5,667,667,1.0
PRTD,Traffic,27,20260823,compact,0.3,0.5,667,667,1.0
QE,Traffic,27,20260823,onoff,0.3,0.5,326,326,1.0
PRTD,Traffic,27,20260823,onoff,0.3,0.5,326,326,1.0
QE,Traffic,27,20260823,mature_anchor,0.3,0.5,542,542,1.0
PRTD,Traffic,27,20260823,mature_anchor,0.3,0.5,542,542,1.0
QE,Traffic,27,20260824,independent,0.3,0.5,672,672,1.0
PRTD,Traffic,27,20260824,independent,0.3,0.5,672,672,1.0
QE,Traffic,27,20260824,compact,0.3,0.5,672,672,1.0
PRTD,Traffic,27,20260824,compact,0.3,0.5,672,672,1.0
QE,Traffic,27,20260824,onoff,0.3,0.5,332,332,1.0
PRTD,Traffic,27,20260824,onoff,0.3,0.5,332,332,1.0
QE,Traffic,27,20260824,mature_anchor,0.3,0.5,545,545,1.0
PRTD,Traffic,27,20260824,mature_anchor,0.3,0.5,545,545,1.0
QE,Traffic,27,20260825,independent,0.3,0.5,677,677,1.0
PRTD,Traffic,27,20260825,independent,0.3,0.5,677,677,1.0
QE,Traffic,27,20260825,compact,0.3,0.5,677,677,1.0
PRTD,Traffic,27,20260825,compact,0.3,0.5,677,677,1.0
QE,Traffic,27,20260825,onoff,0.3,0.5,337,337,1.0
PRTD,Traffic,27,20260825,onoff,0.3,0.5,337,337,1.0
QE,Traffic,27,20260825,mature_anchor,0.3,0.5,550,550,1.0
PRTD,Traffic,27,20260825,mature_anchor,0.3,0.5,550,550,1.0
QE,Traffic,27,20260826,independent,0.3,0.5,675,675,1.0
PRTD,Traffic,27,20260826,independent,0.3,0.5,675,675,1.0
QE,Traffic,27,20260826,compact,0.3,0.5,675,675,1.0
PRTD,Traffic,27,20260826,compact,0.3,0.5,675,675,1.0
QE,Traffic,27,20260826,onoff,0.3,0.5,333,333,1.0
PRTD,Traffic,27,20260826,onoff,0.3,0.5,333,333,1.0
QE,Traffic,27,20260826,mature_anchor,0.3,0.5,548,548,1.0
PRTD,Traffic,27,20260826,mature_anchor,0.3,0.5,548,548,1.0
QE,Traffic,27,20260827,independent,0.3,0.5,675,675,1.0
PRTD,Traffic,27,20260827,independent,0.3,0.5,675,675,1.0
QE,Traffic,27,20260827,compact,0.3,0.5,675,675,1.0
PRTD,Traffic,27,20260827,compact,0.3,0.5,675,675,1.0
QE,Traffic,27,20260827,onoff,0.3,0.5,329,329,1.0
PRTD,Traffic,27,20260827,onoff,0.3,0.5,329,329,1.0
QE,Traffic,27,20260827,mature_anchor,0.3,0.5,552,552,1.0
PRTD,Traffic,27,20260827,mature_anchor,0.3,0.5,552,552,1.0
QE,Traffic,27,20260828,independent,0.3,0.5,682,682,1.0
PRTD,Traffic,27,20260828,independent,0.3,0.5,682,682,1.0
QE,Traffic,27,20260828,compact,0.3,0.5,682,682,1.0
PRTD,Traffic,27,20260828,compact,0.3,0.5,682,682,1.0
QE,Traffic,27,20260828,onoff,0.3,0.5,335,335,1.0
PRTD,Traffic,27,20260828,onoff,0.3,0.5,335,335,1.0
QE,Traffic,27,20260828,mature_anchor,0.3,0.5,549,549,1.0
PRTD,Traffic,27,20260828,mature_anchor,0.3,0.5,549,549,1.0
QE,Traffic,27,20260829,independent,0.3,0.5,666,666,1.0
PRTD,Traffic,27,20260829,independent,0.3,0.5,666,666,1.0
QE,Traffic,27,20260829,compact,0.3,0.5,666,666,1.0
PRTD,Traffic,27,20260829,compact,0.3,0.5,666,666,1.0
QE,Traffic,27,20260829,onoff,0.3,0.5,309,309,1.0
PRTD,Traffic,27,20260829,onoff,0.3,0.5,309,309,1.0
QE,Traffic,27,20260829,mature_anchor,0.3,0.5,536,536,1.0
PRTD,Traffic,27,20260829,mature_anchor,0.3,0.5,536,536,1.0
QE,Traffic,27,20260830,independent,0.3,0.5,670,670,1.0
PRTD,Traffic,27,20260830,independent,0.3,0.5,670,670,1.0
QE,Traffic,27,20260830,compact,0.3,0.5,670,670,1.0
PRTD,Traffic,27,20260830,compact,0.3,0.5,670,670,1.0
QE,Traffic,27,20260830,onoff,0.3,0.5,327,327,1.0
PRTD,Traffic,27,20260830,onoff,0.3,0.5,327,327,1.0
QE,Traffic,27,20260830,mature_anchor,0.3,0.5,540,540,1.0
PRTD,Traffic,27,20260830,mature_anchor,0.3,0.5,540,540,1.0
QE,Traffic,27,20260831,independent,0.3,0.5,677,677,1.0
PRTD,Traffic,27,20260831,independent,0.3,0.5,677,677,1.0
QE,Traffic,27,20260831,compact,0.3,0.5,677,677,1.0
PRTD,Traffic,27,20260831,compact,0.3,0.5,677,677,1.0
QE,Traffic,27,20260831,onoff,0.3,0.5,339,339,1.0
PRTD,Traffic,27,20260831,onoff,0.3,0.5,339,339,1.0
QE,Traffic,27,20260831,mature_anchor,0.3,0.5,549,549,1.0
PRTD,Traffic,27,20260831,mature_anchor,0.3,0.5,549,549,1.0
QE,Traffic,27,20260832,independent,0.3,0.5,683,683,1.0
PRTD,Traffic,27,20260832,independent,0.3,0.5,683,683,1.0
QE,Traffic,27,20260832,compact,0.3,0.5,683,683,1.0
PRTD,Traffic,27,20260832,compact,0.3,0.5,683,683,1.0
QE,Traffic,27,20260832,onoff,0.3,0.5,337,337,1.0
PRTD,Traffic,27,20260832,onoff,0.3,0.5,337,337,1.0
QE,Traffic,27,20260832,mature_anchor,0.3,0.5,558,558,1.0
PRTD,Traffic,27,20260832,mature_anchor,0.3,0.5,558,558,1.0
QE,Traffic,27,20260833,independent,0.3,0.5,682,682,1.0
PRTD,Traffic,27,20260833,independent,0.3,0.5,682,682,1.0
QE,Traffic,27,20260833,compact,0.3,0.5,682,682,1.0
PRTD,Traffic,27,20260833,compact,0.3,0.5,682,682,1.0
QE,Traffic,27,20260833,onoff,0.3,0.5,339,339,1.0
PRTD,Traffic,27,20260833,onoff,0.3,0.5,339,339,1.0
QE,Traffic,27,20260833,mature_anchor,0.3,0.5,550,550,1.0
PRTD,Traffic,27,20260833,mature_anchor,0.3,0.5,550,550,1.0
QE,Traffic,27,20260834,independent,0.3,0.5,672,672,1.0
PRTD,Traffic,27,20260834,independent,0.3,0.5,672,672,1.0
QE,Traffic,27,20260834,compact,0.3,0.5,672,672,1.0
PRTD,Traffic,27,20260834,compact,0.3,0.5,672,672,1.0
QE,Traffic,27,20260834,onoff,0.3,0.5,325,325,1.0
PRTD,Traffic,27,20260834,onoff,0.3,0.5,325,325,1.0
QE,Traffic,27,20260834,mature_anchor,0.3,0.5,538,538,1.0
PRTD,Traffic,27,20260834,mature_anchor,0.3,0.5,538,538,1.0
QE,Traffic,27,20260835,independent,0.3,0.5,658,658,1.0
PRTD,Traffic,27,20260835,independent,0.3,0.5,658,658,1.0
QE,Traffic,27,20260835,compact,0.3,0.5,658,658,1.0
PRTD,Traffic,27,20260835,compact,0.3,0.5,658,658,1.0
QE,Traffic,27,20260835,onoff,0.3,0.5,306,306,1.0
PRTD,Traffic,27,20260835,onoff,0.3,0.5,306,306,1.0
QE,Traffic,27,20260835,mature_anchor,0.3,0.5,532,532,1.0
PRTD,Traffic,27,20260835,mature_anchor,0.3,0.5,532,532,1.0
QE,Traffic,27,20260836,independent,0.3,0.5,668,668,1.0
PRTD,Traffic,27,20260836,independent,0.3,0.5,668,668,1.0
QE,Traffic,27,20260836,compact,0.3,0.5,668,668,1.0
PRTD,Traffic,27,20260836,compact,0.3,0.5,668,668,1.0
QE,Traffic,27,20260836,onoff,0.3,0.5,325,325,1.0
PRTD,Traffic,27,20260836,onoff,0.3,0.5,325,325,1.0
QE,Traffic,27,20260836,mature_anchor,0.3,0.5,529,529,1.0
PRTD,Traffic,27,20260836,mature_anchor,0.3,0.5,529,529,1.0
QE,Traffic,27,20260837,independent,0.3,0.5,669,669,1.0
PRTD,Traffic,27,20260837,independent,0.3,0.5,669,669,1.0
QE,Traffic,27,20260837,compact,0.3,0.5,669,669,1.0
PRTD,Traffic,27,20260837,compact,0.3,0.5,669,669,1.0
QE,Traffic,27,20260837,onoff,0.3,0.5,331,331,1.0
PRTD,Traffic,27,20260837,onoff,0.3,0.5,331,331,1.0
QE,Traffic,27,20260837,mature_anchor,0.3,0.5,536,536,1.0
PRTD,Traffic,27,20260837,mature_anchor,0.3,0.5,536,536,1.0
QE,Water,27,20260808,independent,0.3,0.5,693,693,1.0
PRTD,Water,27,20260808,independent,0.3,0.5,693,693,1.0
QE,Water,27,20260808,compact,0.3,0.5,693,693,1.0
PRTD,Water,27,20260808,compact,0.3,0.5,693,693,1.0
QE,Water,27,20260808,onoff,0.3,0.5,365,365,1.0
PRTD,Water,27,20260808,onoff,0.3,0.5,365,365,1.0
QE,Water,27,20260808,mature_anchor,0.3,0.5,492,492,1.0
PRTD,Water,27,20260808,mature_anchor,0.3,0.5,492,492,1.0
QE,Water,27,20260809,independent,0.3,0.5,678,678,1.0
PRTD,Water,27,20260809,independent,0.3,0.5,678,678,1.0
QE,Water,27,20260809,compact,0.3,0.5,678,678,1.0
PRTD,Water,27,20260809,compact,0.3,0.5,678,678,1.0
QE,Water,27,20260809,onoff,0.3,0.5,348,348,1.0
PRTD,Water,27,20260809,onoff,0.3,0.5,348,348,1.0
QE,Water,27,20260809,mature_anchor,0.3,0.5,484,484,1.0
PRTD,Water,27,20260809,mature_anchor,0.3,0.5,484,484,1.0
QE,Water,27,20260810,independent,0.3,0.5,666,666,1.0
PRTD,Water,27,20260810,independent,0.3,0.5,666,666,1.0
QE,Water,27,20260810,compact,0.3,0.5,666,666,1.0
PRTD,Water,27,20260810,compact,0.3,0.5,666,666,1.0
QE,Water,27,20260810,onoff,0.3,0.5,346,346,1.0
PRTD,Water,27,20260810,onoff,0.3,0.5,346,346,1.0
QE,Water,27,20260810,mature_anchor,0.3,0.5,478,478,1.0
PRTD,Water,27,20260810,mature_anchor,0.3,0.5,478,478,1.0
QE,Water,27,20260811,independent,0.3,0.5,687,687,1.0
PRTD,Water,27,20260811,independent,0.3,0.5,687,687,1.0
QE,Water,27,20260811,compact,0.3,0.5,687,687,1.0
PRTD,Water,27,20260811,compact,0.3,0.5,687,687,1.0
QE,Water,27,20260811,onoff,0.3,0.5,349,349,1.0
PRTD,Water,27,20260811,onoff,0.3,0.5,349,349,1.0
QE,Water,27,20260811,mature_anchor,0.3,0.5,478,478,1.0
PRTD,Water,27,20260811,mature_anchor,0.3,0.5,478,478,1.0
QE,Water,27,20260812,independent,0.3,0.5,674,674,1.0
PRTD,Water,27,20260812,independent,0.3,0.5,674,674,1.0
QE,Water,27,20260812,compact,0.3,0.5,674,674,1.0
PRTD,Water,27,20260812,compact,0.3,0.5,674,674,1.0
QE,Water,27,20260812,onoff,0.3,0.5,347,347,1.0
PRTD,Water,27,20260812,onoff,0.3,0.5,347,347,1.0
QE,Water,27,20260812,mature_anchor,0.3,0.5,468,468,1.0
PRTD,Water,27,20260812,mature_anchor,0.3,0.5,468,468,1.0
QE,Water,27,20260813,independent,0.3,0.5,681,681,1.0
PRTD,Water,27,20260813,independent,0.3,0.5,681,681,1.0
QE,Water,27,20260813,compact,0.3,0.5,681,681,1.0
PRTD,Water,27,20260813,compact,0.3,0.5,681,681,1.0
QE,Water,27,20260813,onoff,0.3,0.5,346,346,1.0
PRTD,Water,27,20260813,onoff,0.3,0.5,346,346,1.0
QE,Water,27,20260813,mature_anchor,0.3,0.5,499,499,1.0
PRTD,Water,27,20260813,mature_anchor,0.3,0.5,499,499,1.0
QE,Water,27,20260814,independent,0.3,0.5,666,666,1.0
PRTD,Water,27,20260814,independent,0.3,0.5,666,666,1.0
QE,Water,27,20260814,compact,0.3,0.5,666,666,1.0
PRTD,Water,27,20260814,compact,0.3,0.5,666,666,1.0
QE,Water,27,20260814,onoff,0.3,0.5,350,350,1.0
PRTD,Water,27,20260814,onoff,0.3,0.5,350,350,1.0
QE,Water,27,20260814,mature_anchor,0.3,0.5,458,458,1.0
PRTD,Water,27,20260814,mature_anchor,0.3,0.5,458,458,1.0
QE,Water,27,20260815,independent,0.3,0.5,666,666,1.0
PRTD,Water,27,20260815,independent,0.3,0.5,666,666,1.0
QE,Water,27,20260815,compact,0.3,0.5,666,666,1.0
PRTD,Water,27,20260815,compact,0.3,0.5,666,666,1.0
QE,Water,27,20260815,onoff,0.3,0.5,353,353,1.0
PRTD,Water,27,20260815,onoff,0.3,0.5,353,353,1.0
QE,Water,27,20260815,mature_anchor,0.3,0.5,469,469,1.0
PRTD,Water,27,20260815,mature_anchor,0.3,0.5,469,469,1.0
QE,Water,27,20260816,independent,0.3,0.5,688,688,1.0
PRTD,Water,27,20260816,independent,0.3,0.5,688,688,1.0
QE,Water,27,20260816,compact,0.3,0.5,688,688,1.0
PRTD,Water,27,20260816,compact,0.3,0.5,688,688,1.0
QE,Water,27,20260816,onoff,0.3,0.5,360,360,1.0
PRTD,Water,27,20260816,onoff,0.3,0.5,360,360,1.0
QE,Water,27,20260816,mature_anchor,0.3,0.5,476,476,1.0
PRTD,Water,27,20260816,mature_anchor,0.3,0.5,476,476,1.0
QE,Water,27,20260817,independent,0.3,0.5,670,670,1.0
PRTD,Water,27,20260817,independent,0.3,0.5,670,670,1.0
QE,Water,27,20260817,compact,0.3,0.5,670,670,1.0
PRTD,Water,27,20260817,compact,0.3,0.5,670,670,1.0
QE,Water,27,20260817,onoff,0.3,0.5,327,327,1.0
PRTD,Water,27,20260817,onoff,0.3,0.5,327,327,1.0
QE,Water,27,20260817,mature_anchor,0.3,0.5,465,465,1.0
PRTD,Water,27,20260817,mature_anchor,0.3,0.5,465,465,1.0
QE,Water,27,20260818,independent,0.3,0.5,669,669,1.0
PRTD,Water,27,20260818,independent,0.3,0.5,669,669,1.0
QE,Water,27,20260818,compact,0.3,0.5,669,669,1.0
PRTD,Water,27,20260818,compact,0.3,0.5,669,669,1.0
QE,Water,27,20260818,onoff,0.3,0.5,360,360,1.0
PRTD,Water,27,20260818,onoff,0.3,0.5,360,360,1.0
QE,Water,27,20260818,mature_anchor,0.3,0.5,483,483,1.0
PRTD,Water,27,20260818,mature_anchor,0.3,0.5,483,483,1.0
QE,Water,27,20260819,independent,0.3,0.5,673,673,1.0
PRTD,Water,27,20260819,independent,0.3,0.5,673,673,1.0
QE,Water,27,20260819,compact,0.3,0.5,673,673,1.0
PRTD,Water,27,20260819,compact,0.3,0.5,673,673,1.0
QE,Water,27,20260819,onoff,0.3,0.5,347,347,1.0
PRTD,Water,27,20260819,onoff,0.3,0.5,347,347,1.0
QE,Water,27,20260819,mature_anchor,0.3,0.5,468,468,1.0
PRTD,Water,27,20260819,mature_anchor,0.3,0.5,468,468,1.0
QE,Water,27,20260820,independent,0.3,0.5,685,685,1.0
PRTD,Water,27,20260820,independent,0.3,0.5,685,685,1.0
QE,Water,27,20260820,compact,0.3,0.5,685,685,1.0
PRTD,Water,27,20260820,compact,0.3,0.5,685,685,1.0
QE,Water,27,20260820,onoff,0.3,0.5,351,351,1.0
PRTD,Water,27,20260820,onoff,0.3,0.5,351,351,1.0
QE,Water,27,20260820,mature_anchor,0.3,0.5,465,465,1.0
PRTD,Water,27,20260820,mature_anchor,0.3,0.5,465,465,1.0
QE,Water,27,20260821,independent,0.3,0.5,692,692,1.0
PRTD,Water,27,20260821,independent,0.3,0.5,692,692,1.0
QE,Water,27,20260821,compact,0.3,0.5,692,692,1.0
PRTD,Water,27,20260821,compact,0.3,0.5,692,692,1.0
QE,Water,27,20260821,onoff,0.3,0.5,359,359,1.0
PRTD,Water,27,20260821,onoff,0.3,0.5,359,359,1.0
QE,Water,27,20260821,mature_anchor,0.3,0.5,487,487,1.0
PRTD,Water,27,20260821,mature_anchor,0.3,0.5,487,487,1.0
QE,Water,27,20260822,independent,0.3,0.5,679,679,1.0
PRTD,Water,27,20260822,independent,0.3,0.5,679,679,1.0
QE,Water,27,20260822,compact,0.3,0.5,679,679,1.0
PRTD,Water,27,20260822,compact,0.3,0.5,679,679,1.0
QE,Water,27,20260822,onoff,0.3,0.5,353,353,1.0
PRTD,Water,27,20260822,onoff,0.3,0.5,353,353,1.0
QE,Water,27,20260822,mature_anchor,0.3,0.5,481,481,1.0
PRTD,Water,27,20260822,mature_anchor,0.3,0.5,481,481,1.0
QE,Water,27,20260823,independent,0.3,0.5,679,679,1.0
PRTD,Water,27,20260823,independent,0.3,0.5,679,679,1.0
QE,Water,27,20260823,compact,0.3,0.5,679,679,1.0
PRTD,Water,27,20260823,compact,0.3,0.5,679,679,1.0
QE,Water,27,20260823,onoff,0.3,0.5,360,360,1.0
PRTD,Water,27,20260823,onoff,0.3,0.5,360,360,1.0
QE,Water,27,20260823,mature_anchor,0.3,0.5,492,492,1.0
PRTD,Water,27,20260823,mature_anchor,0.3,0.5,492,492,1.0
QE,Water,27,20260824,independent,0.3,0.5,674,674,1.0
PRTD,Water,27,20260824,independent,0.3,0.5,674,674,1.0
QE,Water,27,20260824,compact,0.3,0.5,674,674,1.0
PRTD,Water,27,20260824,compact,0.3,0.5,674,674,1.0
QE,Water,27,20260824,onoff,0.3,0.5,356,356,1.0
PRTD,Water,27,20260824,onoff,0.3,0.5,356,356,1.0
QE,Water,27,20260824,mature_anchor,0.3,0.5,482,482,1.0
PRTD,Water,27,20260824,mature_anchor,0.3,0.5,482,482,1.0
QE,Water,27,20260825,independent,0.3,0.5,688,688,1.0
PRTD,Water,27,20260825,independent,0.3,0.5,688,688,1.0
QE,Water,27,20260825,compact,0.3,0.5,688,688,1.0
PRTD,Water,27,20260825,compact,0.3,0.5,688,688,1.0
QE,Water,27,20260825,onoff,0.3,0.5,365,365,1.0
PRTD,Water,27,20260825,onoff,0.3,0.5,365,365,1.0
QE,Water,27,20260825,mature_anchor,0.3,0.5,478,478,1.0
PRTD,Water,27,20260825,mature_anchor,0.3,0.5,478,478,1.0
QE,Water,27,20260826,independent,0.3,0.5,683,683,1.0
PRTD,Water,27,20260826,independent,0.3,0.5,683,683,1.0
QE,Water,27,20260826,compact,0.3,0.5,683,683,1.0
PRTD,Water,27,20260826,compact,0.3,0.5,683,683,1.0
QE,Water,27,20260826,onoff,0.3,0.5,357,357,1.0
PRTD,Water,27,20260826,onoff,0.3,0.5,357,357,1.0
QE,Water,27,20260826,mature_anchor,0.3,0.5,496,496,1.0
PRTD,Water,27,20260826,mature_anchor,0.3,0.5,496,496,1.0
QE,Water,27,20260827,independent,0.3,0.5,661,661,1.0
PRTD,Water,27,20260827,independent,0.3,0.5,661,661,1.0
QE,Water,27,20260827,compact,0.3,0.5,661,661,1.0
PRTD,Water,27,20260827,compact,0.3,0.5,661,661,1.0
QE,Water,27,20260827,onoff,0.3,0.5,336,336,1.0
PRTD,Water,27,20260827,onoff,0.3,0.5,336,336,1.0
QE,Water,27,20260827,mature_anchor,0.3,0.5,473,473,1.0
PRTD,Water,27,20260827,mature_anchor,0.3,0.5,473,473,1.0
QE,Water,27,20260828,independent,0.3,0.5,684,684,1.0
PRTD,Water,27,20260828,independent,0.3,0.5,684,684,1.0
QE,Water,27,20260828,compact,0.3,0.5,684,684,1.0
PRTD,Water,27,20260828,compact,0.3,0.5,684,684,1.0
QE,Water,27,20260828,onoff,0.3,0.5,365,365,1.0
PRTD,Water,27,20260828,onoff,0.3,0.5,365,365,1.0
QE,Water,27,20260828,mature_anchor,0.3,0.5,480,480,1.0
PRTD,Water,27,20260828,mature_anchor,0.3,0.5,480,480,1.0
QE,Water,27,20260829,independent,0.3,0.5,683,683,1.0
PRTD,Water,27,20260829,independent,0.3,0.5,683,683,1.0
QE,Water,27,20260829,compact,0.3,0.5,683,683,1.0
PRTD,Water,27,20260829,compact,0.3,0.5,683,683,1.0
QE,Water,27,20260829,onoff,0.3,0.5,348,348,1.0
PRTD,Water,27,20260829,onoff,0.3,0.5,348,348,1.0
QE,Water,27,20260829,mature_anchor,0.3,0.5,483,483,1.0
PRTD,Water,27,20260829,mature_anchor,0.3,0.5,483,483,1.0
QE,Water,27,20260830,independent,0.3,0.5,669,669,1.0
PRTD,Water,27,20260830,independent,0.3,0.5,669,669,1.0
QE,Water,27,20260830,compact,0.3,0.5,669,669,1.0
PRTD,Water,27,20260830,compact,0.3,0.5,669,669,1.0
QE,Water,27,20260830,onoff,0.3,0.5,357,357,1.0
PRTD,Water,27,20260830,onoff,0.3,0.5,357,357,1.0
QE,Water,27,20260830,mature_anchor,0.3,0.5,467,467,1.0
PRTD,Water,27,20260830,mature_anchor,0.3,0.5,467,467,1.0
QE,Water,27,20260831,independent,0.3,0.5,677,677,1.0
PRTD,Water,27,20260831,independent,0.3,0.5,677,677,1.0
QE,Water,27,20260831,compact,0.3,0.5,677,677,1.0
PRTD,Water,27,20260831,compact,0.3,0.5,677,677,1.0
QE,Water,27,20260831,onoff,0.3,0.5,347,347,1.0
PRTD,Water,27,20260831,onoff,0.3,0.5,347,347,1.0
QE,Water,27,20260831,mature_anchor,0.3,0.5,475,475,1.0
PRTD,Water,27,20260831,mature_anchor,0.3,0.5,475,475,1.0
QE,Water,27,20260832,independent,0.3,0.5,676,676,1.0
PRTD,Water,27,20260832,independent,0.3,0.5,676,676,1.0
QE,Water,27,20260832,compact,0.3,0.5,676,676,1.0
PRTD,Water,27,20260832,compact,0.3,0.5,676,676,1.0
QE,Water,27,20260832,onoff,0.3,0.5,339,339,1.0
PRTD,Water,27,20260832,onoff,0.3,0.5,339,339,1.0
QE,Water,27,20260832,mature_anchor,0.3,0.5,474,474,1.0
PRTD,Water,27,20260832,mature_anchor,0.3,0.5,474,474,1.0
QE,Water,27,20260833,independent,0.3,0.5,681,681,1.0
PRTD,Water,27,20260833,independent,0.3,0.5,681,681,1.0
QE,Water,27,20260833,compact,0.3,0.5,681,681,1.0
PRTD,Water,27,20260833,compact,0.3,0.5,681,681,1.0
QE,Water,27,20260833,onoff,0.3,0.5,354,354,1.0
PRTD,Water,27,20260833,onoff,0.3,0.5,354,354,1.0
QE,Water,27,20260833,mature_anchor,0.3,0.5,483,483,1.0
PRTD,Water,27,20260833,mature_anchor,0.3,0.5,483,483,1.0
QE,Water,27,20260834,independent,0.3,0.5,669,669,1.0
PRTD,Water,27,20260834,independent,0.3,0.5,669,669,1.0
QE,Water,27,20260834,compact,0.3,0.5,669,669,1.0
PRTD,Water,27,20260834,compact,0.3,0.5,669,669,1.0
QE,Water,27,20260834,onoff,0.3,0.5,357,357,1.0
PRTD,Water,27,20260834,onoff,0.3,0.5,357,357,1.0
QE,Water,27,20260834,mature_anchor,0.3,0.5,471,471,1.0
PRTD,Water,27,20260834,mature_anchor,0.3,0.5,471,471,1.0
QE,Water,27,20260835,independent,0.3,0.5,674,674,1.0
PRTD,Water,27,20260835,independent,0.3,0.5,674,674,1.0
QE,Water,27,20260835,compact,0.3,0.5,674,674,1.0
PRTD,Water,27,20260835,compact,0.3,0.5,674,674,1.0
QE,Water,27,20260835,onoff,0.3,0.5,339,339,1.0
PRTD,Water,27,20260835,onoff,0.3,0.5,339,339,1.0
QE,Water,27,20260835,mature_anchor,0.3,0.5,473,473,1.0
PRTD,Water,27,20260835,mature_anchor,0.3,0.5,473,473,1.0
QE,Water,27,20260836,independent,0.3,0.5,681,681,1.0
PRTD,Water,27,20260836,independent,0.3,0.5,681,681,1.0
QE,Water,27,20260836,compact,0.3,0.5,681,681,1.0
PRTD,Water,27,20260836,compact,0.3,0.5,681,681,1.0
QE,Water,27,20260836,onoff,0.3,0.5,349,349,1.0
PRTD,Water,27,20260836,onoff,0.3,0.5,349,349,1.0
QE,Water,27,20260836,mature_anchor,0.3,0.5,476,476,1.0
PRTD,Water,27,20260836,mature_anchor,0.3,0.5,476,476,1.0
QE,Water,27,20260837,independent,0.3,0.5,677,677,1.0
PRTD,Water,27,20260837,independent,0.3,0.5,677,677,1.0
QE,Water,27,20260837,compact,0.3,0.5,677,677,1.0
PRTD,Water,27,20260837,compact,0.3,0.5,677,677,1.0
QE,Water,27,20260837,onoff,0.3,0.5,351,351,1.0
PRTD,Water,27,20260837,onoff,0.3,0.5,351,351,1.0
QE,Water,27,20260837,mature_anchor,0.3,0.5,457,457,1.0
PRTD,Water,27,20260837,mature_anchor,0.3,0.5,457,457,1.0
