protocol,n,dimension,payload_bytes,seed,audit_mode,offchain_active_ms,declared_wait_ms,offchain_final_ms,worker_ms,tp_sp_cloudA_ms,dr_cloudB_ms,rb_rc_ta_ms,auditor_ms,analytics_ms,crypto_and_protocol_ms,traffic_task_bytes,traffic_report_bytes,iterations,retained_count,valid,run,chain_active_ms,tx_count,ledger_bytes_task,confirm_median_ms,confirm_p95_ms,e2e_active_ms,e2e_final_ms,total_traffic_task_bytes
IRPP-TD,27,9,256,2026351000,normal,52.529638,0.0,52.529638,42.338596,1.513281,8.457513,0.0,0.0,3.798394,48.731244,321786,1568.0,6,27,True,0,15578.732386,31,8959,501.707193,536.035466,15631.262024,16131.262024,330745
IRPP-TD,27,9,256,2026351001,normal,52.518052,0.0,52.518052,42.199705,1.568937,8.50989,0.0,0.0,3.78813,48.729922,321786,1568.0,6,27,True,1,15704.387119,31,8959,502.112938,543.467625,15756.905171,16256.905171,330745
IRPP-TD,27,9,256,2026351002,normal,54.525131,0.0,54.525131,43.719893,1.517176,9.046196,0.0,0.0,4.161072,50.364059000000005,321786,1568.0,6,27,True,2,15734.964032,31,8959,502.46022,539.475332,15789.489163,16289.489163,330745
IRPP-TD,27,9,256,2026351003,normal,57.751692,0.0,57.751692,47.124511,1.670153,8.724309,0.0,0.0,3.781235,53.970457,321786,1568.0,6,27,True,3,15692.374555,31,8959,502.685496,536.236467,15750.126247,16250.126247,330745
IRPP-TD,27,9,256,2026351004,normal,54.953951,0.0,54.953951,44.05261,1.627399,9.035281,0.0,0.0,3.864154,51.089797,321786,1568.0,6,27,True,4,15661.974362,31,8959,502.12123,540.353165,15716.928313,16216.928313,330745
IRPP-TD,27,9,256,2026351005,normal,51.504528,0.0,51.504528,41.534285,1.469548,8.305975,0.0,0.0,3.650752,47.853776,321786,1568.0,6,27,True,5,15786.27792,31,8959,501.058214,593.579657,15837.782448,16337.782448,330745
IRPP-TD,27,9,256,2026351006,normal,52.123094,0.0,52.123094,41.906643,1.453508,8.552212,0.0,0.0,3.760807,48.362287,321786,1568.0,6,27,True,6,16065.226567,31,8959,502.433969,624.635628,16117.349661,16617.349661,330745
IRPP-TD,27,9,256,2026351007,normal,52.113254,0.0,52.113254,42.009019,1.470116,8.4356,0.0,0.0,3.697356,48.415898,321786,1568.0,6,27,True,7,15661.999325,31,8959,501.459351,550.92605,15714.112579,16214.112579,330745
IRPP-TD,27,9,256,2026351008,normal,52.987401,0.0,52.987401,43.007401,1.52827,8.238014,0.0,0.0,3.495975,49.491426,321786,1568.0,6,27,True,8,15802.628648,31,8959,501.435354,561.485198,15855.616049,16355.616049,330745
IRPP-TD,27,9,256,2026351009,normal,52.227173,0.0,52.227173,42.215037,1.4873,8.328635,0.0,0.0,3.691961,48.535212,321786,1568.0,6,27,True,9,15657.938269,31,8959,501.977181,537.120929,15710.165442,16210.165442,330745
IRPP-TD,27,9,256,2026351010,normal,52.030004,0.0,52.030004,42.124802,1.502815,8.204205,0.0,0.0,3.661034,48.36897,321786,1568.0,6,27,True,10,15608.414797,31,8959,501.864995,534.450497,15660.444801,16160.444801,330745
IRPP-TD,27,9,256,2026351011,normal,52.617877,0.0,52.617877,41.981344,1.474079,8.956884,0.0,0.0,3.681873,48.936004,321786,1568.0,6,27,True,11,15764.62756,31,8959,502.048626,562.162646,15817.245437000001,16317.245437000001,330745
IRPP-TD,27,9,256,2026351012,normal,53.669058,0.0,53.669058,43.235935,1.519055,8.702543,0.0,0.0,3.733904,49.935154,321786,1568.0,6,27,True,12,15871.463464,31,8959,501.762724,564.086517,15925.132522,16425.132522,330745
IRPP-TD,27,9,256,2026351013,normal,52.627666,0.0,52.627666,42.286673,1.51263,8.589315,0.0,0.0,3.655755,48.971911,321786,1568.0,6,27,True,13,15709.984422,31,8959,501.718738,580.479976,15762.612088,16262.612088,330745
IRPP-TD,27,9,256,2026351014,normal,51.382228,0.0,51.382228,41.46813,1.460956,8.25851,0.0,0.0,3.696028,47.6862,321786,1568.0,6,27,True,14,15849.303807,31,8959,501.695099,582.362274,15900.686035,16400.686035,330745
IRPP-TD,27,9,256,2026351015,normal,52.07208,0.0,52.07208,42.022629,1.515796,8.33784,0.0,0.0,3.652256,48.419824,321786,1568.0,6,27,True,15,15665.829311,31,8959,501.157704,540.436634,15717.901391,16217.901391,330745
IRPP-TD,27,9,256,2026351016,normal,51.858533,0.0,51.858533,41.635204,1.468158,8.561832,0.0,0.0,3.905933,47.9526,321786,1568.0,6,27,True,16,16174.492612,31,8959,503.098142,615.919498,16226.351145,16726.351145,330745
IRPP-TD,27,9,256,2026351017,normal,51.693377,0.0,51.693377,41.784234,1.528977,8.169992,0.0,0.0,3.58896,48.104417,321786,1568.0,6,27,True,17,15661.60251,31,8959,501.830962,520.686188,15713.295887,16213.295887,330745
IRPP-TD,27,9,256,2026351018,normal,52.033335,0.0,52.033335,41.773784,1.49228,8.56344,0.0,0.0,3.736691,48.296644,321786,1568.0,6,27,True,18,15788.646703,31,8959,501.458048,543.085438,15840.680038,16340.680038,330745
IRPP-TD,27,9,256,2026351019,normal,53.661685,0.0,53.661685,42.874575,1.558958,9.016628,0.0,0.0,4.119274,49.542411,321786,1568.0,6,27,True,19,15682.824876,31,8959,501.729882,525.062323,15736.486561,16236.486561,330745
IRPP-TD,27,9,256,2026351020,normal,52.031899,0.0,52.031899,42.123909,1.477961,8.231353,0.0,0.0,3.527295,48.504604,321786,1568.0,6,27,True,20,15657.444708,31,8959,502.233654,536.00452,15709.476607,16209.476607,330745
IRPP-TD,27,9,256,2026351021,normal,52.483168,0.0,52.483168,42.307557,1.522088,8.434141,0.0,0.0,3.772662,48.710506,321786,1568.0,6,27,True,21,15758.767808,31,8959,501.573353,553.424988,15811.250976000001,16311.250976000001,330745
IRPP-TD,27,9,256,2026351022,normal,52.231362,0.0,52.231362,42.099835,1.495442,8.440113,0.0,0.0,3.910104,48.321258,321786,1568.0,6,27,True,22,15567.982368,31,8959,500.915846,511.635568,15620.213730000001,16120.213730000001,330745
IRPP-TD,27,9,256,2026351023,normal,52.596125,0.0,52.596125,42.257605,1.512575,8.623261,0.0,0.0,3.822642,48.773483,321786,1568.0,6,27,True,23,15664.486746,31,8959,501.393738,530.44998,15717.082871,16217.082871,330745
IRPP-TD,27,9,256,2026351024,normal,53.640278,0.0,53.640278,43.179848,1.524309,8.725399,0.0,0.0,3.838421,49.801857000000005,321786,1568.0,6,27,True,24,15684.092142,31,8959,502.111301,537.178217,15737.73242,16237.73242,330745
IRPP-TD,27,9,256,2026351025,normal,65.35418,0.0,65.35418,50.357848,1.781207,12.901081,0.0,0.0,6.295182,59.058998,321786,1568.0,6,27,True,25,15578.514327,31,8959,501.475367,519.982089,15643.868507000001,16143.868507000001,330745
IRPP-TD,27,9,256,2026351026,normal,52.525138,0.0,52.525138,42.315492,1.456631,8.549399,0.0,0.0,3.782989,48.742149,321786,1568.0,6,27,True,26,15623.920407,31,8959,501.187373,521.882793,15676.445545,16176.445545,330745
IRPP-TD,27,9,256,2026351027,normal,51.57244,0.0,51.57244,41.574612,1.496367,8.307351,0.0,0.0,3.765736,47.806704,321786,1568.0,6,27,True,27,15764.451876,31,8959,501.962041,585.192763,15816.024315999999,16316.024315999999,330745
IRPP-TD,27,9,256,2026351028,normal,53.083868,0.0,53.083868,43.161993,1.47949,8.245983,0.0,0.0,3.537654,49.546214000000006,321786,1568.0,6,27,True,28,15764.523257,31,8959,501.500962,528.744264,15817.607125,16317.607125,330745
IRPP-TD,27,9,256,2026351029,normal,53.079402,0.0,53.079402,42.716816,1.526975,8.589815,0.0,0.0,3.847414,49.231988,321786,1568.0,6,27,True,29,15578.055366,31,8959,500.813062,527.758907,15631.134768,16131.134768,330745
IRPP-TD,27,9,256,2035081000,proactive,63.451862,0.0,63.451862,43.713591,1.589707,9.311569,0.0,8.59295,4.181011,59.270851,337486,1568.0,6,27,True,0,18453.585929,36,10724,501.926574,630.673654,18517.037791000002,18517.037791000002,348210
IRPP-TD,27,9,256,2035081000,challenged,64.224482,0.0,64.224482,43.970694,1.687456,9.202646,0.0,9.114046,4.108048,60.116434,337678,1568.0,6,27,True,0,18778.162777,37,11013,501.923296,549.837689,18842.387259000003,18842.387259000003,348691
IRPP-TD,27,9,256,2035081000,delayed,64.817759,500.0,564.817759,44.811524,1.593023,9.420149,0.0,8.710561,4.078749,60.73900999999999,337678,1568.0,6,27,True,0,19169.762349,37,11013,501.978007,626.284169,19234.580108000002,19734.580108000002,348691
IRPP-TD,27,9,256,2035081001,proactive,63.643962,0.0,63.643962,43.806379,1.613081,9.182294,0.0,8.79137,4.023569,59.620393,337486,1568.0,6,27,True,1,18236.848014,36,10724,501.385674,565.480933,18300.491975999998,18300.491975999998,348210
IRPP-TD,27,9,256,2035081001,challenged,62.218579,0.0,62.218579,43.03561,1.552627,8.9128,0.0,8.433396,3.990677,58.227902,337678,1568.0,6,27,True,1,18677.420835,37,11013,501.102382,539.887089,18739.639414,18739.639414,348691
IRPP-TD,27,9,256,2035081001,delayed,61.251373,500.0,561.2513730000001,42.647128,1.498104,8.761425,0.0,8.105778,3.925059,57.326314,337678,1568.0,6,27,True,1,19002.530372,37,11013,501.680913,567.395004,19063.781745,19563.781745,348691
IRPP-TD,27,9,256,2035081002,proactive,61.710614,0.0,61.710614,42.731842,1.560288,8.771847,0.0,8.358479,3.770095,57.940519,337486,1568.0,6,27,True,2,18268.172545,36,10724,502.039635,545.948395,18329.883159,18329.883159,348210
IRPP-TD,27,9,256,2035081002,challenged,61.789921,0.0,61.789921,42.682496,1.549733,8.781547,0.0,8.518691,3.913941,57.87598,337678,1568.0,6,27,True,2,19155.499324,37,11013,501.709219,609.129694,19217.289245,19217.289245,348691
IRPP-TD,27,9,256,2035081002,delayed,62.25166,500.0,562.25166,42.90636,1.547412,8.899341,0.0,8.651063,3.96931,58.28235,337678,1568.0,6,27,True,2,18990.643321,37,11013,501.897511,586.768663,19052.894981,19552.894981,348691
IRPP-TD,27,9,256,2035081003,proactive,61.889163,0.0,61.889163,42.527589,1.510381,9.082085,0.0,8.536684,3.952184,57.936979,337486,1568.0,6,27,True,3,18298.938361,36,10724,501.751728,554.127685,18360.827524,18360.827524,348210
IRPP-TD,27,9,256,2035081003,challenged,61.142205,0.0,61.142205,42.387088,1.556933,8.644425,0.0,8.322285,3.772216,57.369989,337678,1568.0,6,27,True,3,18920.265166,37,11013,502.04308,623.759141,18981.407371,18981.407371,348691
IRPP-TD,27,9,256,2035081003,delayed,62.165113,500.0,562.165113,42.922296,1.519778,9.010523,0.0,8.46047,4.065542,58.099571,337678,1568.0,6,27,True,3,18817.415941,37,11013,501.664383,544.678444,18879.581054,19379.581054,348691
IRPP-TD,27,9,256,2035081004,proactive,62.624826,0.0,62.624826,42.761079,1.51376,9.280289,0.0,8.832079,4.14746,58.477366,337486,1568.0,6,27,True,4,18420.052626,36,10724,501.828687,565.575322,18482.677452,18482.677452,348210
IRPP-TD,27,9,256,2035081004,challenged,62.107154,0.0,62.107154,42.55739,1.493628,9.164264,0.0,8.634096,4.057883,58.049271000000005,337678,1568.0,6,27,True,4,18863.454169,37,11013,501.967536,552.258282,18925.561323,18925.561323,348691
IRPP-TD,27,9,256,2035081004,delayed,61.57776,500.0,561.57776,42.379306,1.502056,9.004479,0.0,8.444808,4.037415,57.540345,337678,1568.0,6,27,True,4,18830.796315,37,11013,501.927136,543.481662,18892.374075,19392.374075,348691
IRPP-TD,27,9,256,2035081005,proactive,61.282929,0.0,61.282929,42.584687,1.518085,8.892341,0.0,8.056157,3.875887,57.407042,337486,1568.0,6,27,True,5,18169.187163,36,10724,501.738065,543.134511,18230.470092,18230.470092,348210
IRPP-TD,27,9,256,2035081005,challenged,61.467118,0.0,61.467118,42.889472,1.510183,8.936044,0.0,7.862751,3.939552,57.527566,337678,1568.0,6,27,True,5,19065.697105,37,11013,501.925797,594.111059,19127.164223,19127.164223,348691
IRPP-TD,27,9,256,2035081005,delayed,62.590825,500.0,562.590825,43.464594,1.536996,8.903744,0.0,8.420734,3.90202,58.688805,337678,1568.0,6,27,True,5,18890.29082,37,11013,502.022585,545.802317,18952.881644999998,19452.881644999998,348691
IRPP-TD,27,9,256,2035081006,proactive,61.512832,0.0,61.512832,42.638292,1.530341,8.735739,0.0,8.360706,3.685543,57.827289,337486,1568.0,6,27,True,6,18531.539466,36,10724,501.667092,607.178339,18593.052298,18593.052298,348210
IRPP-TD,27,9,256,2035081006,challenged,61.573506,0.0,61.573506,42.869103,1.576493,8.920768,0.0,7.961825,3.989089,57.584417,337678,1568.0,6,27,True,6,18705.177612,37,11013,501.548768,520.942856,18766.751118,18766.751118,348691
IRPP-TD,27,9,256,2035081006,delayed,61.123752,500.0,561.123752,42.682463,1.484374,8.749939,0.0,7.976745,3.834636,57.289116,337678,1568.0,6,27,True,6,18842.023387,37,11013,501.352601,548.049507,18903.147139,19403.147139,348691
IRPP-TD,27,9,256,2035081007,proactive,62.54551,0.0,62.54551,42.895743,1.587381,8.901273,0.0,8.905597,3.911319,58.634191,337486,1568.0,6,27,True,7,18268.392595,36,10724,501.793784,569.937925,18330.938105,18330.938105,348210
IRPP-TD,27,9,256,2035081007,challenged,62.125941,0.0,62.125941,42.795419,1.497507,8.792407,0.0,8.760359,3.729585,58.396356,337678,1568.0,6,27,True,7,18588.3825,37,11013,501.604753,541.148569,18650.508440999998,18650.508440999998,348691
IRPP-TD,27,9,256,2035081007,delayed,61.470315,500.0,561.470315,42.742523,1.491395,8.954946,0.0,8.034434,3.927086,57.543229,337678,1568.0,6,27,True,7,18773.184066,37,11013,502.009339,544.883093,18834.654381,19334.654381,348691
IRPP-TD,27,9,256,2035081008,proactive,71.909782,0.0,71.909782,50.644439,1.740299,10.33618,0.0,8.899117,4.650231,67.259551,337486,1568.0,6,27,True,8,18384.206764,36,10724,501.938415,562.155886,18456.116545999997,18456.116545999997,348210
IRPP-TD,27,9,256,2035081008,challenged,63.516257,0.0,63.516257,44.080451,1.577252,9.124299,0.0,8.473551,4.0194,59.496857000000006,337678,1568.0,6,27,True,8,18781.863582,37,11013,502.148057,548.30875,18845.379839,18845.379839,348691
IRPP-TD,27,9,256,2035081008,delayed,61.531472,500.0,561.531472,42.474405,1.568383,8.981981,0.0,8.263125,4.023716,57.507756,337678,1568.0,6,27,True,8,18595.298438,37,11013,501.623574,510.693788,18656.82991,19156.82991,348691
IRPP-TD,27,9,256,2035081009,proactive,62.805609,0.0,62.805609,43.190474,1.52946,8.96743,0.0,8.873235,3.914464,58.891145,337486,1568.0,6,27,True,9,18355.021695,36,10724,502.23948,573.943458,18417.827304,18417.827304,348210
IRPP-TD,27,9,256,2035081009,challenged,62.001465,0.0,62.001465,42.837363,1.550639,8.92529,0.0,8.434631,3.962247,58.039218000000005,337678,1568.0,6,27,True,9,18985.084824,37,11013,501.911591,590.580945,19047.086289000003,19047.086289000003,348691
IRPP-TD,27,9,256,2035081009,delayed,62.262913,500.0,562.262913,42.885292,1.515994,8.783179,0.0,8.82813,3.780366,58.482547,337678,1568.0,6,27,True,9,18848.425128,37,11013,501.44797,578.110081,18910.688040999998,19410.688040999998,348691
IRPP-TD,27,9,256,2035081010,proactive,61.246033,0.0,61.246033,42.667982,1.515817,8.652414,0.0,8.175095,3.785851,57.460182,337486,1568.0,6,27,True,10,18196.392167,36,10724,501.726975,537.274631,18257.6382,18257.6382,348210
IRPP-TD,27,9,256,2035081010,challenged,61.503657,0.0,61.503657,42.592369,1.512095,8.734237,0.0,8.420452,3.811116,57.692541,337678,1568.0,6,27,True,10,18594.827197,37,11013,501.356967,535.73625,18656.330854,18656.330854,348691
IRPP-TD,27,9,256,2035081010,delayed,61.247455,500.0,561.247455,42.708112,1.481108,8.932573,0.0,7.887807,4.058375,57.18908,337678,1568.0,6,27,True,10,18799.809565,37,11013,501.467958,586.996974,18861.05702,19361.05702,348691
IRPP-TD,27,9,256,2035081011,proactive,61.840147,0.0,61.840147,43.131217,1.53176,8.842412,0.0,8.076448,3.845879,57.994268000000005,337486,1568.0,6,27,True,11,18444.208947,36,10724,501.670998,561.323237,18506.049093999998,18506.049093999998,348210
IRPP-TD,27,9,256,2035081011,challenged,61.871055,0.0,61.871055,42.547125,1.490358,8.921805,0.0,8.668952,3.87524,57.995815,337678,1568.0,6,27,True,11,18660.234639,37,11013,501.604088,532.750604,18722.105693999998,18722.105693999998,348691
IRPP-TD,27,9,256,2035081011,delayed,60.93926,500.0,560.93926,42.161026,1.501574,8.76544,0.0,8.263656,3.852932,57.086328,337678,1568.0,6,27,True,11,18886.034622,37,11013,502.269561,544.787873,18946.973882,19446.973882,348691
IRPP-TD,27,9,256,2035081012,proactive,61.708421,0.0,61.708421,42.886924,1.535542,8.780958,0.0,8.259697,3.829192,57.879229,337486,1568.0,6,27,True,12,18289.734303,36,10724,501.733491,600.85879,18351.442724,18351.442724,348210
IRPP-TD,27,9,256,2035081012,challenged,62.898299,0.0,62.898299,42.972701,1.528572,9.113421,0.0,9.027418,3.991419,58.90688,337678,1568.0,6,27,True,12,18851.844156,37,11013,502.314713,546.056292,18914.742455,18914.742455,348691
IRPP-TD,27,9,256,2035081012,delayed,62.974586,500.0,562.974586,43.819794,1.558843,8.978798,0.0,8.366066,3.860298,59.114288,337678,1568.0,6,27,True,12,18766.67624,37,11013,501.80739,551.912547,18829.650826,19329.650826,348691
IRPP-TD,27,9,256,2035081013,proactive,61.423704,0.0,61.423704,42.604787,1.503247,8.746236,0.0,8.338732,3.865899,57.557805,337486,1568.0,6,27,True,13,18282.938226,36,10724,501.233775,549.021118,18344.36193,18344.36193,348210
IRPP-TD,27,9,256,2035081013,challenged,60.992339,0.0,60.992339,42.439519,1.483424,8.578316,0.0,8.249323,3.684509,57.30783,337678,1568.0,6,27,True,13,18998.29421,37,11013,501.414606,591.246852,19059.286549,19059.286549,348691
IRPP-TD,27,9,256,2035081013,delayed,60.919846,500.0,560.919846,42.352551,1.51703,8.746518,0.0,8.001812,3.796822,57.123024,337678,1568.0,6,27,True,13,18774.186788,37,11013,501.708184,539.989377,18835.106634,19335.106634,348691
IRPP-TD,27,9,256,2035081014,proactive,60.601746,0.0,60.601746,41.941567,1.510602,8.729384,0.0,8.187152,3.804764,56.796982,337486,1568.0,6,27,True,14,18122.369547,36,10724,501.399856,537.691724,18182.971293,18182.971293,348210
IRPP-TD,27,9,256,2035081014,challenged,60.537554,0.0,60.537554,42.035735,1.524353,8.477723,0.0,8.277264,3.612793,56.924761,337678,1568.0,6,27,True,14,18700.615694,37,11013,501.402024,570.508539,18761.153248,18761.153248,348691
IRPP-TD,27,9,256,2035081014,delayed,61.610663,500.0,561.610663,42.34937,1.503011,8.908141,0.0,8.604894,3.922515,57.688148000000005,337678,1568.0,6,27,True,14,18895.452327,37,11013,501.726765,559.687138,18957.06299,19457.06299,348691
IRPP-TD,27,9,256,2035081015,proactive,61.079985,0.0,61.079985,42.258511,1.547203,8.751131,0.0,8.290973,3.851594,57.228391,337486,1568.0,6,27,True,15,18105.561909,36,10724,501.601591,515.923423,18166.641894,18166.641894,348210
IRPP-TD,27,9,256,2035081015,challenged,61.322231,0.0,61.322231,42.369248,1.557353,8.834141,0.0,8.2975,3.824968,57.497263,337678,1568.0,6,27,True,15,18944.342171,37,11013,501.485126,536.946526,19005.664402,19005.664402,348691
IRPP-TD,27,9,256,2035081015,delayed,61.538887,500.0,561.538887,42.439669,1.541448,8.705471,0.0,8.615147,3.71911,57.819777,337678,1568.0,6,27,True,15,18776.920547,37,11013,502.185806,549.681194,18838.459434,19338.459434,348691
IRPP-TD,27,9,256,2035081016,proactive,60.013697,0.0,60.013697,42.015557,1.494324,8.364546,0.0,7.930515,3.647291,56.366406,337486,1568.0,6,27,True,16,18341.105095,36,10724,502.080979,624.026616,18401.118791999997,18401.118791999997,348210
IRPP-TD,27,9,256,2035081016,challenged,60.428797,0.0,60.428797,42.174412,1.48518,8.579981,0.0,7.963136,3.735524,56.693273000000005,337678,1568.0,6,27,True,16,18915.730768,37,11013,502.289681,607.72064,18976.159565,18976.159565,348691
IRPP-TD,27,9,256,2035081016,delayed,61.667655,500.0,561.667655,42.762225,1.517088,8.624501,0.0,8.513394,3.709859,57.957796,337678,1568.0,6,27,True,16,18681.065904,37,11013,501.72738,517.800165,18742.733559,19242.733559,348691
IRPP-TD,27,9,256,2035081017,proactive,60.278332,0.0,60.278332,42.132382,1.480318,8.5967,0.0,7.853101,3.680946,56.597386,337486,1568.0,6,27,True,17,18302.979123,36,10724,501.670378,617.444457,18363.257455000003,18363.257455000003,348210
IRPP-TD,27,9,256,2035081017,challenged,62.832153,0.0,62.832153,43.326791,1.50978,9.598629,0.0,8.15493,4.002571,58.829582,337678,1568.0,6,27,True,17,18666.072923,37,11013,501.427895,553.146823,18728.905076,18728.905076,348691
IRPP-TD,27,9,256,2035081017,delayed,60.965756,500.0,560.965756,42.326718,1.515878,8.670857,0.0,8.212567,3.847512,57.118244,337678,1568.0,6,27,True,17,19100.119079,37,11013,501.244949,606.501876,19161.084835,19661.084835,348691
IRPP-TD,27,9,256,2035081018,proactive,60.671734,0.0,60.671734,42.100154,1.48923,8.526842,0.0,8.339968,3.609482,57.062252,337486,1568.0,6,27,True,18,18457.653163,36,10724,501.59231,591.756167,18518.324897,18518.324897,348210
IRPP-TD,27,9,256,2035081018,challenged,61.030532,0.0,61.030532,42.16747,1.535206,8.715463,0.0,8.386505,3.785697,57.244835,337678,1568.0,6,27,True,18,18591.42458,37,11013,501.388135,514.738075,18652.455112,18652.455112,348691
IRPP-TD,27,9,256,2035081018,delayed,60.987951,500.0,560.987951,42.216836,1.505395,8.559687,0.0,8.465246,3.717544,57.270407000000006,337678,1568.0,6,27,True,18,18964.513144,37,11013,502.721434,564.199436,19025.501095,19525.501095,348691
IRPP-TD,27,9,256,2035081019,proactive,62.260191,0.0,62.260191,42.673266,1.51128,8.962265,0.0,8.872609,3.87088,58.389311,337486,1568.0,6,27,True,19,18197.981903,36,10724,501.679331,522.386998,18260.242094,18260.242094,348210
IRPP-TD,27,9,256,2035081019,challenged,61.220916,0.0,61.220916,42.18339,1.527456,8.707098,0.0,8.565863,3.756011,57.464905,337678,1568.0,6,27,True,19,18955.365779,37,11013,501.742818,588.130566,19016.586694999998,19016.586694999998,348691
IRPP-TD,27,9,256,2035081019,delayed,61.008302,500.0,561.008302,42.64484,1.486079,8.518294,0.0,8.126035,3.734971,57.273331,337678,1568.0,6,27,True,19,18939.389915,37,11013,502.672499,589.773002,19000.398216999998,19500.398216999998,348691
IRPP-TD,27,9,256,2035081020,proactive,60.012736,0.0,60.012736,41.933176,1.488814,8.602452,0.0,7.753309,3.839148,56.173588,337486,1568.0,6,27,True,20,18440.484629,36,10724,501.981832,585.742736,18500.497365,18500.497365,348210
IRPP-TD,27,9,256,2035081020,challenged,60.445535,0.0,60.445535,42.38585,1.495682,8.481673,0.0,7.854762,3.594332,56.851203,337678,1568.0,6,27,True,20,18869.768318,37,11013,501.611947,572.73737,18930.213852999997,18930.213852999997,348691
IRPP-TD,27,9,256,2035081020,delayed,61.403771,500.0,561.403771,42.332502,1.540589,8.931139,0.0,8.357175,3.944233,57.459538,337678,1568.0,6,27,True,20,18875.780633,37,11013,502.022615,571.497403,18937.184404,19437.184404,348691
IRPP-TD,27,9,256,2035081021,proactive,62.335099,0.0,62.335099,42.971012,1.489599,8.904578,0.0,8.727846,3.80066,58.534439,337486,1568.0,6,27,True,21,18277.646432,36,10724,502.871535,544.606081,18339.981531,18339.981531,348210
IRPP-TD,27,9,256,2035081021,challenged,61.306047,0.0,61.306047,42.570462,1.497365,8.86556,0.0,8.118926,3.874964,57.431083,337678,1568.0,6,27,True,21,18873.026334,37,11013,501.975939,550.449813,18934.332380999997,18934.332380999997,348691
IRPP-TD,27,9,256,2035081021,delayed,61.619633,500.0,561.619633,42.71453,1.539653,9.011196,0.0,8.112672,3.907405,57.712228,337678,1568.0,6,27,True,21,18864.084738,37,11013,501.848671,540.420208,18925.704371,19425.704371,348691
IRPP-TD,27,9,256,2035081022,proactive,62.168147,0.0,62.168147,42.61685,1.566206,9.156544,0.0,8.573378,4.082774,58.085373,337486,1568.0,6,27,True,22,18408.38177,36,10724,501.685342,558.271629,18470.549917,18470.549917,348210
IRPP-TD,27,9,256,2035081022,challenged,61.311446,0.0,61.311446,42.34155,1.474831,8.923906,0.0,8.332805,3.915174,57.396272,337678,1568.0,6,27,True,22,19051.955004,37,11013,502.397459,589.863022,19113.26645,19113.26645,348691
IRPP-TD,27,9,256,2035081022,delayed,60.56953,500.0,560.56953,42.40536,1.513009,8.592837,0.0,7.830348,3.626063,56.943467,337678,1568.0,6,27,True,22,18703.1544,37,11013,501.528155,525.377374,18763.72393,19263.72393,348691
IRPP-TD,27,9,256,2035081023,proactive,62.450292,0.0,62.450292,42.561998,1.558642,9.070117,0.0,9.02272,4.043127,58.407165,337486,1568.0,6,27,True,23,18470.190789,36,10724,501.34451,605.648516,18532.641081,18532.641081,348210
IRPP-TD,27,9,256,2035081023,challenged,61.434,0.0,61.434,42.61463,1.533703,8.736418,0.0,8.30865,3.775777,57.658223,337678,1568.0,6,27,True,23,18818.339149,37,11013,501.809122,591.228481,18879.773149,18879.773149,348691
IRPP-TD,27,9,256,2035081023,delayed,61.316771,500.0,561.316771,42.605678,1.492499,8.646662,0.0,8.321987,3.720645,57.596126000000005,337678,1568.0,6,27,True,23,18651.413402,37,11013,501.335744,535.666488,18712.730173,19212.730173,348691
IRPP-TD,27,9,256,2035081024,proactive,60.552793,0.0,60.552793,41.997828,1.516221,8.584743,0.0,8.228501,3.703197,56.849596,337486,1568.0,6,27,True,24,18228.684859,36,10724,501.587259,544.899248,18289.237652,18289.237652,348210
IRPP-TD,27,9,256,2035081024,challenged,61.545893,0.0,61.545893,42.180905,1.511541,8.843885,0.0,8.758272,3.917701,57.628192,337678,1568.0,6,27,True,24,18601.169478,37,11013,501.640633,551.905809,18662.715371,18662.715371,348691
IRPP-TD,27,9,256,2035081024,delayed,61.350706,500.0,561.350706,42.591707,1.572522,8.965297,0.0,7.976283,3.906246,57.44446,337678,1568.0,6,27,True,24,18774.451996,37,11013,501.524855,538.580559,18835.802702,19335.802702,348691
IRPP-TD,27,9,256,2035081025,proactive,61.63045,0.0,61.63045,42.790542,1.510612,8.812079,0.0,8.278068,3.753526,57.876924,337486,1568.0,6,27,True,25,18127.628026,36,10724,501.261575,537.722297,18189.258476,18189.258476,348210
IRPP-TD,27,9,256,2035081025,challenged,62.194189,0.0,62.194189,43.075324,1.509777,8.994506,0.0,8.337764,4.059551,58.134638,337678,1568.0,6,27,True,25,19391.643811,37,11013,503.144906,620.949275,19453.838000000003,19453.838000000003,348691
IRPP-TD,27,9,256,2035081025,delayed,60.78631,500.0,560.78631,42.313449,1.479735,8.751647,0.0,8.015897,3.881135,56.905175,337678,1568.0,6,27,True,25,18897.765419,37,11013,501.747638,628.078518,18958.551729,19458.551729,348691
IRPP-TD,27,9,256,2035081026,proactive,60.403361,0.0,60.403361,42.29896,1.487262,8.343218,0.0,8.059867,3.504919,56.898442,337486,1568.0,6,27,True,26,18154.943776,36,10724,501.215463,537.879402,18215.347137,18215.347137,348210
IRPP-TD,27,9,256,2035081026,challenged,60.972383,0.0,60.972383,42.234105,1.541677,8.828335,0.0,8.132377,3.810652,57.161731,337678,1568.0,6,27,True,26,18961.575826,37,11013,501.330927,593.370785,19022.548209,19022.548209,348691
IRPP-TD,27,9,256,2035081026,delayed,61.484099,500.0,561.484099,42.696552,1.510773,8.816205,0.0,8.216232,3.867738,57.616361,337678,1568.0,6,27,True,26,18975.728779,37,11013,501.89333,572.109207,19037.212878000002,19537.212878000002,348691
IRPP-TD,27,9,256,2035081027,proactive,60.648115,0.0,60.648115,42.580255,1.478047,8.519573,0.0,7.843254,3.692922,56.955193,337486,1568.0,6,27,True,27,18366.978475,36,10724,501.671985,616.952622,18427.62659,18427.62659,348210
IRPP-TD,27,9,256,2035081027,challenged,61.707197,0.0,61.707197,42.972591,1.523561,8.699455,0.0,8.270644,3.788851,57.918346,337678,1568.0,6,27,True,27,18599.854001,37,11013,501.318824,536.359684,18661.561198,18661.561198,348691
IRPP-TD,27,9,256,2035081027,delayed,60.963319,500.0,560.963319,42.454957,1.487661,8.457654,0.0,8.332208,3.619298,57.344021,337678,1568.0,6,27,True,27,18965.276212,37,11013,502.063326,609.626813,19026.239531,19526.239531,348691
IRPP-TD,27,9,256,2035081028,proactive,60.712332,0.0,60.712332,42.248265,1.520829,8.646146,0.0,8.057696,3.817606,56.894726000000006,337486,1568.0,6,27,True,28,18677.80153,36,10724,502.214681,624.437943,18738.513862,18738.513862,348210
IRPP-TD,27,9,256,2035081028,challenged,62.001998,0.0,62.001998,42.824006,1.534183,9.006767,0.0,8.396674,3.98387,58.018128,337678,1568.0,6,27,True,28,18861.889001,37,11013,501.262271,570.953897,18923.890999,18923.890999,348691
IRPP-TD,27,9,256,2035081028,delayed,61.959167,500.0,561.959167,42.714966,1.527491,8.927118,0.0,8.554597,4.018484,57.940683,337678,1568.0,6,27,True,28,18752.922317,37,11013,501.669276,545.186432,18814.881484,19314.881484,348691
IRPP-TD,27,9,256,2035081029,proactive,60.775984,0.0,60.775984,42.475298,1.473909,8.647663,0.0,7.959231,3.828445,56.947539,337486,1568.0,6,27,True,29,18425.01405,36,10724,502.085683,616.983946,18485.790034,18485.790034,348210
IRPP-TD,27,9,256,2035081029,challenged,60.368423,0.0,60.368423,41.983471,1.514485,8.531869,0.0,8.117339,3.664302,56.704121,337678,1568.0,6,27,True,29,18937.236204,37,11013,502.30241,579.185316,18997.604627,18997.604627,348691
IRPP-TD,27,9,256,2035081029,delayed,60.46079,500.0,560.46079,42.397215,1.519406,8.588613,0.0,7.731403,3.702549,56.758241000000005,337678,1568.0,6,27,True,29,18716.744637,37,11013,501.623103,579.211388,18777.205427,19277.205427,348691
