scenario,trial,nrmse,angular_available,retained_rate
single-regime,0,0.006857855294332273,1.0,1.0
unpartitioned-two-regime,0,0.16654555055503015,1.0,1.0
context-partitioned,0,0.008916778267314268,1.0,1.0
single-regime,1,0.009972073169870324,1.0,1.0
unpartitioned-two-regime,1,0.16315129199186337,1.0,1.0
context-partitioned,1,0.011056777796937143,1.0,1.0
single-regime,2,0.005346002290413839,1.0,1.0
unpartitioned-two-regime,2,0.1625032414113107,1.0,1.0
context-partitioned,2,0.010405087063877265,1.0,1.0
single-regime,3,0.0035813038611600067,1.0,1.0
unpartitioned-two-regime,3,0.16177938981202106,1.0,1.0
context-partitioned,3,0.009554516378602449,1.0,1.0
single-regime,4,0.00857149075011544,1.0,1.0
unpartitioned-two-regime,4,0.16280957388688275,1.0,1.0
context-partitioned,4,0.008020899511482788,1.0,1.0
single-regime,5,0.008295851482067596,1.0,1.0
unpartitioned-two-regime,5,0.14663490825184536,1.0,0.975
context-partitioned,5,0.008051913235779595,1.0,1.0
single-regime,6,0.006765998252723431,1.0,1.0
unpartitioned-two-regime,6,0.16568998195252094,1.0,1.0
context-partitioned,6,0.005709710761963438,1.0,1.0
single-regime,7,0.0062649729919606705,1.0,1.0
unpartitioned-two-regime,7,0.151622759703713,1.0,0.975
context-partitioned,7,0.008297791546187856,1.0,1.0
single-regime,8,0.007171841493707337,1.0,1.0
unpartitioned-two-regime,8,0.1661657682603332,1.0,1.0
context-partitioned,8,0.009445197532445895,1.0,1.0
single-regime,9,0.0033905964285467515,1.0,1.0
unpartitioned-two-regime,9,0.1659702137394283,1.0,1.0
context-partitioned,9,0.008373193057560608,1.0,1.0
single-regime,10,0.0066891842362796945,1.0,1.0
unpartitioned-two-regime,10,0.14520784252105118,1.0,0.975
context-partitioned,10,0.0072102233722647745,1.0,1.0
single-regime,11,0.0073527651421637676,1.0,1.0
unpartitioned-two-regime,11,0.166253444475054,1.0,1.0
context-partitioned,11,0.009030746337294086,1.0,1.0
single-regime,12,0.006155816767503608,1.0,1.0
unpartitioned-two-regime,12,0.1664892246726172,1.0,1.0
context-partitioned,12,0.00491729871887291,1.0,1.0
single-regime,13,0.00573665915247483,1.0,1.0
unpartitioned-two-regime,13,0.14947161482704308,1.0,0.975
context-partitioned,13,0.008333592395436955,1.0,1.0
single-regime,14,0.008515581860314854,1.0,1.0
unpartitioned-two-regime,14,0.16579821868598843,1.0,1.0
context-partitioned,14,0.009626127851130034,1.0,1.0
single-regime,15,0.0045100002940392835,1.0,1.0
unpartitioned-two-regime,15,0.16665166516668514,1.0,0.95
context-partitioned,15,0.008526820761680255,1.0,1.0
single-regime,16,0.007169690492217103,1.0,1.0
unpartitioned-two-regime,16,0.15435404817563966,1.0,0.975
context-partitioned,16,0.008900656490132343,1.0,1.0
single-regime,17,0.006585335034975309,1.0,1.0
unpartitioned-two-regime,17,0.14509539754148768,1.0,0.975
context-partitioned,17,0.008264686757776576,1.0,0.975
single-regime,18,0.005644093281571789,1.0,1.0
unpartitioned-two-regime,18,0.16296849420648515,1.0,1.0
context-partitioned,18,0.007951696672804699,1.0,1.0
single-regime,19,0.00638211905101697,1.0,1.0
unpartitioned-two-regime,19,0.15047090282631564,1.0,0.975
context-partitioned,19,0.0077077830435948805,1.0,1.0
single-regime,20,0.007527955766656872,1.0,1.0
unpartitioned-two-regime,20,0.16477102721067186,1.0,1.0
context-partitioned,20,0.009582981331123711,1.0,1.0
single-regime,21,0.0038230077273132142,1.0,1.0
unpartitioned-two-regime,21,0.16449650584889422,1.0,1.0
context-partitioned,21,0.009346395310048852,1.0,1.0
single-regime,22,0.005543308001494342,1.0,1.0
unpartitioned-two-regime,22,0.16597249484059517,1.0,1.0
context-partitioned,22,0.008705581526833048,1.0,1.0
single-regime,23,0.006192574461027144,1.0,1.0
unpartitioned-two-regime,23,0.16614180638118348,1.0,1.0
context-partitioned,23,0.009981554668522994,1.0,1.0
single-regime,24,0.008185063634555503,1.0,1.0
unpartitioned-two-regime,24,0.16643947092280145,1.0,1.0
context-partitioned,24,0.011021559840778305,1.0,1.0
single-regime,25,0.006771389988384686,1.0,1.0
unpartitioned-two-regime,25,0.16376525775875114,1.0,1.0
context-partitioned,25,0.011482781894261829,1.0,1.0
single-regime,26,0.006839001771142259,1.0,1.0
unpartitioned-two-regime,26,0.162830356376679,1.0,1.0
context-partitioned,26,0.011743660631719567,1.0,1.0
single-regime,27,0.008370299307145482,1.0,1.0
unpartitioned-two-regime,27,0.16622282266913366,1.0,1.0
context-partitioned,27,0.008798936211773318,1.0,1.0
single-regime,28,0.006031269566580093,1.0,1.0
unpartitioned-two-regime,28,0.16187105571109836,1.0,1.0
context-partitioned,28,0.009377630825025136,1.0,1.0
single-regime,29,0.004959633696294661,1.0,1.0
unpartitioned-two-regime,29,0.16471632644961767,1.0,1.0
context-partitioned,29,0.008770653640125244,1.0,1.0
single-regime,30,0.004527534443393527,1.0,1.0
unpartitioned-two-regime,30,0.1646104211706452,1.0,1.0
context-partitioned,30,0.008778528252214073,1.0,1.0
single-regime,31,0.005473852617946573,1.0,1.0
unpartitioned-two-regime,31,0.1653570159678604,1.0,1.0
context-partitioned,31,0.009859965926092683,1.0,0.975
single-regime,32,0.005364026420714019,1.0,1.0
unpartitioned-two-regime,32,0.16650702435497425,1.0,1.0
context-partitioned,32,0.008970486339934466,1.0,1.0
single-regime,33,0.004184650337799636,1.0,1.0
unpartitioned-two-regime,33,0.16297658259145542,1.0,1.0
context-partitioned,33,0.008610030043843185,1.0,1.0
single-regime,34,0.005822027105201637,1.0,1.0
unpartitioned-two-regime,34,0.1653504834272973,1.0,1.0
context-partitioned,34,0.011935577472993033,1.0,1.0
single-regime,35,0.006559123924344476,1.0,1.0
unpartitioned-two-regime,35,0.1623705944538074,1.0,1.0
context-partitioned,35,0.009494364139623457,1.0,1.0
single-regime,36,0.007185760189512217,1.0,1.0
unpartitioned-two-regime,36,0.16350164757461097,1.0,1.0
context-partitioned,36,0.010112258706346534,1.0,1.0
single-regime,37,0.006685460296831273,1.0,1.0
unpartitioned-two-regime,37,0.1663011818475665,1.0,1.0
context-partitioned,37,0.00784993247571487,1.0,1.0
single-regime,38,0.005305527566624699,1.0,1.0
unpartitioned-two-regime,38,0.16390503535513376,1.0,1.0
context-partitioned,38,0.005610110511030449,1.0,1.0
single-regime,39,0.008288515093905694,1.0,1.0
unpartitioned-two-regime,39,0.14336705928655383,1.0,0.975
context-partitioned,39,0.009722738397942902,1.0,1.0
single-regime,40,0.005350955801177858,1.0,1.0
unpartitioned-two-regime,40,0.16636097934094485,1.0,1.0
context-partitioned,40,0.008417199303956456,1.0,1.0
single-regime,41,0.006794915103472324,1.0,1.0
unpartitioned-two-regime,41,0.16621708325867252,1.0,1.0
context-partitioned,41,0.009277845614470034,1.0,1.0
single-regime,42,0.00732182536075108,1.0,0.975
unpartitioned-two-regime,42,0.16649805001261794,1.0,1.0
context-partitioned,42,0.00985815850273905,1.0,1.0
single-regime,43,0.00837052332857446,1.0,1.0
unpartitioned-two-regime,43,0.16327983216687242,1.0,1.0
context-partitioned,43,0.008036717762353908,1.0,1.0
single-regime,44,0.005825570016323292,1.0,1.0
unpartitioned-two-regime,44,0.16568007603109672,1.0,1.0
context-partitioned,44,0.011353485750633777,1.0,1.0
single-regime,45,0.004640044683040828,1.0,1.0
unpartitioned-two-regime,45,0.16615758675705564,1.0,1.0
context-partitioned,45,0.011334855271599994,1.0,1.0
single-regime,46,0.009637480535148577,1.0,1.0
unpartitioned-two-regime,46,0.1664386111844818,1.0,1.0
context-partitioned,46,0.00862303754835942,1.0,1.0
single-regime,47,0.009033243181733094,1.0,1.0
unpartitioned-two-regime,47,0.1666023117270411,1.0,1.0
context-partitioned,47,0.005124760479996451,1.0,1.0
single-regime,48,0.006475377877089542,1.0,1.0
unpartitioned-two-regime,48,0.1631844775688713,1.0,1.0
context-partitioned,48,0.006915394137175367,1.0,0.975
single-regime,49,0.0076019594884139076,1.0,1.0
unpartitioned-two-regime,49,0.15091500396597596,1.0,0.975
context-partitioned,49,0.00960088857661106,1.0,1.0
