method,n,repeat,runtime_s
RABOD,20,0,0.0010641000000000001
RABOD,20,1,0.0009860000000000001
RABOD,20,2,0.0009316000000000001
RABOD,20,3,0.0009255000000000001
RABOD,20,4,0.0009752000000000001
RABOD,20,5,0.0009647000000000001
RABOD,20,6,0.0010663
RABOD,20,7,0.0009468
RABOD,20,8,0.0009272000000000001
RABOD,20,9,0.0009285000000000001
RABOD,20,10,0.000982
RABOD,20,11,0.0009639000000000001
RABOD,20,12,0.0010624
RABOD,20,13,0.0009299000000000001
RABOD,20,14,0.0009289000000000001
RABOD,20,15,0.0009223
RABOD,20,16,0.0009763
RABOD,20,17,0.001096
RABOD,20,18,0.0009812
RABOD,20,19,0.0009346000000000001
RABOD,20,20,0.0009542000000000001
RABOD,20,21,0.0009759
RABOD,20,22,0.0009232000000000001
RABOD,20,23,0.0010674
RABOD,20,24,0.0009373000000000001
RABOD,20,25,0.0009468
RABOD,20,26,0.0009227
RABOD,20,27,0.0009822000000000001
RABOD,20,28,0.0009298
RABOD,20,29,0.0010537
RABOD,20,30,0.0009404000000000001
RABOD,20,31,0.0009243000000000001
RABOD,20,32,0.0009205000000000001
RABOD,20,33,0.0009749
RABOD,20,34,0.0009776000000000001
RABOD,20,35,0.0011238
RABOD,20,36,0.0009298
RABOD,20,37,0.0009095
RABOD,20,38,0.0009162
RABOD,20,39,0.0009807000000000001
RABOD,20,40,0.0009225
RABOD,20,41,0.0010508000000000002
RABOD,20,42,0.0009531
RABOD,20,43,0.00092
RABOD,20,44,0.0009630000000000001
RABOD,20,45,0.0009247000000000001
RABOD,20,46,0.0010216000000000001
RABOD,20,47,0.0009819
RABOD,20,48,0.0009292
RABOD,20,49,0.0009187
RABOD,20,50,0.0009704000000000001
RABOD,20,51,0.0009664000000000001
RABOD,20,52,0.0011053
RABOD,20,53,0.0009373000000000001
RABOD,20,54,0.0009180000000000001
RABOD,20,55,0.0009177
RABOD,20,56,0.0009925000000000001
RABOD,20,57,0.0009315
RABOD,20,58,0.0010181
RABOD,20,59,0.0009712000000000001
RABOD,20,60,0.0009220000000000001
RABOD,20,61,0.000919
RABOD,20,62,0.0009704000000000001
RABOD,20,63,0.0009249000000000001
RABOD,20,64,0.0010547
RABOD,20,65,0.0009345000000000001
RABOD,20,66,0.0009242
RABOD,20,67,0.0010265
RABOD,20,68,0.0009484000000000001
RABOD,20,69,0.0010202
RABOD,20,70,0.0009798
RABOD,20,71,0.0009213
RABOD,20,72,0.0009169
RABOD,20,73,0.0009734
RABOD,20,74,0.0009387000000000001
RABOD,20,75,0.0010308000000000001
RABOD,20,76,0.0009703000000000001
RABOD,20,77,0.0009259
RABOD,20,78,0.000916
RABOD,20,79,0.0009684
RABOD,20,80,0.0009339000000000001
RABOD,20,81,0.0010554
RABOD,20,82,0.0009752000000000001
RABOD,20,83,0.0010018
RABOD,20,84,0.0009270000000000001
RABOD,20,85,0.0009741000000000001
RABOD,20,86,0.0009236
RABOD,20,87,0.0010584000000000001
RABOD,20,88,0.0009361
RABOD,20,89,0.0009336
RABOD,20,90,0.00097
RABOD,20,91,0.0009356000000000001
RABOD,20,92,0.0010561000000000001
RABOD,20,93,0.0009371000000000001
RABOD,20,94,0.0009173
RABOD,20,95,0.0009196
RABOD,20,96,0.0009696
RABOD,20,97,0.001052
RABOD,20,98,0.0009824
RABOD,20,99,0.0009450000000000001
RABOD,20,100,0.0009287000000000001
RABOD,20,101,0.0009221
RABOD,20,102,0.0009805
RABOD,20,103,0.0009434000000000001
RABOD,20,104,0.0010716
RABOD,20,105,0.0009599000000000001
RABOD,20,106,0.0009523000000000001
RABOD,20,107,0.0009358000000000001
RABOD,20,108,0.0009847
RABOD,20,109,0.0009397
RABOD,20,110,0.001065
RABOD,20,111,0.0009469000000000001
RABOD,20,112,0.0009339000000000001
RABOD,20,113,0.0010121000000000002
RABOD,20,114,0.0010061
RABOD,20,115,0.0010433
RABOD,20,116,0.0009436000000000001
RABOD,20,117,0.0009318000000000001
RABOD,20,118,0.0009308000000000001
RABOD,20,119,0.0009818000000000001
RABOD,20,120,0.0009337000000000001
RABOD,20,121,0.001067
RABOD,20,122,0.000934
RABOD,20,123,0.0009266000000000001
RABOD,20,124,0.0009229
RABOD,20,125,0.0009826000000000001
RABOD,20,126,0.0009438000000000001
RABOD,20,127,0.0010747
RABOD,20,128,0.0009446000000000001
RABOD,20,129,0.0009778
RABOD,20,130,0.0009416
RABOD,20,131,0.0010483
RABOD,20,132,0.0010416000000000002
RABOD,20,133,0.0009775
RABOD,20,134,0.0009278000000000001
RABOD,20,135,0.0009187
RABOD,20,136,0.0009811000000000002
RABOD,20,137,0.0009445
RABOD,20,138,0.0010320000000000001
RABOD,20,139,0.0009783
RABOD,20,140,0.000933
RABOD,20,141,0.0009192
RABOD,20,142,0.0009804
RABOD,20,143,0.001078
RABOD,20,144,0.0009911
RABOD,20,145,0.0009491
RABOD,20,146,0.0009384
RABOD,20,147,0.0009596
RABOD,20,148,0.0009856
RABOD,20,149,0.0009332
RABOD,20,150,0.0010534000000000001
RABOD,20,151,0.0009552
RABOD,20,152,0.0009308000000000001
RABOD,20,153,0.0009777
RABOD,20,154,0.0009435000000000001
RABOD,20,155,0.0010211
RABOD,20,156,0.0009832
RABOD,20,157,0.000925
RABOD,20,158,0.0009218000000000001
RABOD,20,159,0.0009677
RABOD,20,160,0.0009607000000000001
RABOD,20,161,0.0010641000000000001
RABOD,20,162,0.0009502000000000001
RABOD,20,163,0.0009399
RABOD,20,164,0.0009587
RABOD,20,165,0.0009879
RABOD,20,166,0.0009462
RABOD,20,167,0.001065
RABOD,20,168,0.0009662000000000001
RABOD,20,169,0.0009329000000000001
RABOD,20,170,0.0009304000000000001
RABOD,20,171,0.0009925000000000001
RABOD,20,172,0.0009390000000000001
RABOD,20,173,0.0010748
RABOD,20,174,0.0009619
RABOD,20,175,0.0009308000000000001
RABOD,20,176,0.0009808
RABOD,20,177,0.0009356000000000001
RABOD,20,178,0.0010302
RABOD,20,179,0.0009839
RABOD,20,180,0.0010195
RABOD,20,181,0.0009443
RABOD,20,182,0.0009869
RABOD,20,183,0.0009445
RABOD,20,184,0.0010694
RABOD,20,185,0.0009410000000000001
RABOD,20,186,0.0009317
RABOD,20,187,0.0009297000000000001
RABOD,20,188,0.0009782
RABOD,20,189,0.0009393
RABOD,20,190,0.0010962
RABOD,20,191,0.0009428
RABOD,20,192,0.0009333000000000001
RABOD,20,193,0.0009816
RABOD,20,194,0.0010406
RABOD,20,195,0.0009808
RABOD,20,196,0.0009676000000000001
RABOD,20,197,0.0009436000000000001
RABOD,20,198,0.0009354000000000001
RABOD,20,199,0.0009969
RABOD,20,200,0.0009525000000000001
RABOD,20,201,0.0010407
RABOD,20,202,0.0009835
RABOD,20,203,0.0009364000000000001
RABOD,20,204,0.0009322000000000001
RABOD,20,205,0.000985
RABOD,20,206,0.0010965
RABOD,20,207,0.0009432
RABOD,20,208,0.0009304000000000001
RABOD,20,209,0.0009304000000000001
RABOD,20,210,0.0009220000000000001
RABOD,20,211,0.0009835
RABOD,20,212,0.0010576000000000001
RABOD,20,213,0.0009944
RABOD,20,214,0.0009448000000000001
RABOD,20,215,0.0009368000000000001
RABOD,20,216,0.0009808
RABOD,20,217,0.0009464
RABOD,20,218,0.0010673
RABOD,20,219,0.0009530000000000001
RABOD,20,220,0.0009378
RABOD,20,221,0.0009614000000000001
RABOD,20,222,0.0009905
RABOD,20,223,0.0009418
RABOD,20,224,0.0010649000000000001
RABOD,20,225,0.0009422
RABOD,20,226,0.0009244
RABOD,20,227,0.0009227
RABOD,20,228,0.0010348
RABOD,20,229,0.000946
RABOD,20,230,0.0010755
RABOD,20,231,0.0009712000000000001
RABOD,20,232,0.0009475000000000001
RABOD,20,233,0.0009821
RABOD,20,234,0.0009500000000000001
RABOD,20,235,0.0010682
RABOD,20,236,0.0009686
RABOD,20,237,0.0009377000000000001
RABOD,20,238,0.0009231
RABOD,20,239,0.0009785
RABOD,20,240,0.0009388
RABOD,20,241,0.0010625
RABOD,20,242,0.0009390000000000001
RABOD,20,243,0.0009317
RABOD,20,244,0.0009285000000000001
RABOD,20,245,0.0009984
RABOD,20,246,0.0009409
RABOD,20,247,0.0010886000000000001
RABOD,20,248,0.0009406000000000001
RABOD,20,249,0.0009385000000000001
RABOD,20,250,0.0009555000000000001
RABOD,20,251,0.0009533
RABOD,20,252,0.0009521000000000001
RABOD,20,253,0.0010797
RABOD,20,254,0.0009468
RABOD,20,255,0.0009343000000000001
RABOD,20,256,0.0009812
RABOD,20,257,0.0009459000000000001
RABOD,20,258,0.0010653000000000001
RABOD,20,259,0.0009465000000000001
RABOD,20,260,0.0009631
RABOD,20,261,0.0009316000000000001
RABOD,20,262,0.0010162
RABOD,20,263,0.0009662000000000001
RABOD,20,264,0.0010764000000000001
RABOD,20,265,0.0009809
RABOD,20,266,0.0009417000000000001
RABOD,20,267,0.0009692
RABOD,20,268,0.0009815000000000002
RABOD,20,269,0.0010096
RABOD,20,270,0.0010213000000000002
RABOD,20,271,0.0009450000000000001
RABOD,20,272,0.0009371000000000001
RABOD,20,273,0.0009812
RABOD,20,274,0.0009362000000000001
RABOD,20,275,0.0010629
RABOD,20,276,0.0010394
RABOD,20,277,0.0009399
RABOD,20,278,0.000933
RABOD,20,279,0.0009830000000000001
RABOD,20,280,0.0009427000000000001
RABOD,20,281,0.0010643
RABOD,20,282,0.0009836
RABOD,20,283,0.0009322000000000001
RABOD,20,284,0.0009331000000000001
RABOD,20,285,0.0009942
RABOD,20,286,0.0010448
RABOD,20,287,0.0009862
RABOD,20,288,0.0009309
RABOD,20,289,0.0009304000000000001
RABOD,20,290,0.0009796
RABOD,20,291,0.0009434000000000001
RABOD,20,292,0.0010556
RABOD,20,293,0.001008
RABOD,20,294,0.0009398000000000001
RABOD,20,295,0.0009285000000000001
RABOD,20,296,0.0009903000000000002
RABOD,20,297,0.0009841000000000001
RABOD,20,298,0.0010801
RABOD,20,299,0.0009569000000000001
RABOD,20,300,0.0009472
RABOD,20,301,0.0009408000000000001
RABOD,20,302,0.0009874
RABOD,20,303,0.0009936
RABOD,20,304,0.0012519
RABOD,20,305,0.0010484000000000001
RABOD,20,306,0.001293
RABOD,20,307,0.0011353000000000001
RABOD,20,308,0.0009766
RABOD,20,309,0.0009348000000000001
RABOD,20,310,0.0009238
RABOD,20,311,0.0009276000000000001
RABOD,20,312,0.0010212
RABOD,20,313,0.000947
RABOD,20,314,0.0010665000000000002
RABOD,20,315,0.0009464
RABOD,20,316,0.0009323000000000001
RABOD,20,317,0.0009329000000000001
RABOD,20,318,0.0022799
RABOD,20,319,0.00098
RABOD,20,320,0.0009310000000000001
RABOD,20,321,0.0009220000000000001
RABOD,20,322,0.0009201000000000001
RABOD,20,323,0.0009402000000000001
RABOD,20,324,0.0009341000000000001
RABOD,20,325,0.0009283000000000001
RABOD,20,326,0.0009607000000000001
RABOD,20,327,0.0009267
RABOD,20,328,0.0009242
RABOD,20,329,0.0009148
RABOD,20,330,0.0009214000000000001
RABOD,20,331,0.0009251000000000001
RABOD,20,332,0.0009175
RABOD,20,333,0.000921
RABOD,20,334,0.0011516
RABOD,20,335,0.0010197000000000001
RABOD,20,336,0.0009764000000000001
RABOD,20,337,0.0009306000000000001
RABOD,20,338,0.0009227
RABOD,20,339,0.0009216000000000001
RABOD,20,340,0.0009086000000000001
RABOD,20,341,0.0009193000000000001
RABOD,20,342,0.0009159000000000001
RABOD,20,343,0.0009191000000000001
RABOD,20,344,0.0009073000000000001
RABOD,20,345,0.0009185
RABOD,20,346,0.0009168000000000001
RABOD,20,347,0.000919
RABOD,20,348,0.0009084000000000001
RABOD,20,349,0.0009080000000000001
RABOD,20,350,0.0009072
RABOD,20,351,0.0009080000000000001
RABOD,20,352,0.0009170000000000001
RABOD,20,353,0.0009103000000000001
RABOD,20,354,0.0009177
RABOD,20,355,0.0009106
RABOD,20,356,0.0009188000000000001
RABOD,20,357,0.000906
RABOD,20,358,0.0009058
RABOD,20,359,0.0009474
RABOD,20,360,0.000915
RABOD,20,361,0.0009112
RABOD,20,362,0.0009039
RABOD,20,363,0.0009125
RABOD,20,364,0.0009074
RABOD,20,365,0.0009207000000000001
RABOD,20,366,0.0009109000000000001
RABOD,20,367,0.0009086000000000001
RABOD,20,368,0.0009183
RABOD,20,369,0.0009239000000000001
RABOD,20,370,0.0009124000000000001
RABOD,20,371,0.0009237000000000001
RABOD,20,372,0.0009117000000000001
RABOD,20,373,0.0009069000000000001
RABOD,20,374,0.0009314000000000001
RABOD,20,375,0.0009351
RABOD,20,376,0.0009114
RABOD,20,377,0.0009204
RABOD,20,378,0.0009193000000000001
RABOD,20,379,0.0009182000000000001
RABOD,20,380,0.0009133
RABOD,20,381,0.0009167000000000001
RABOD,20,382,0.0009121000000000001
RABOD,20,383,0.0009099
RABOD,20,384,0.0009075000000000001
RABOD,20,385,0.0009086000000000001
RABOD,20,386,0.0009156
RABOD,20,387,0.0009252
RABOD,20,388,0.0009187
RABOD,20,389,0.0009199000000000001
RABOD,20,390,0.0009285000000000001
RABOD,20,391,0.0009135
RABOD,20,392,0.0009426
RABOD,20,393,0.0009155000000000001
RABOD,20,394,0.0009194
RABOD,20,395,0.0009085
RABOD,20,396,0.0009159000000000001
RABOD,20,397,0.0009107000000000001
RABOD,20,398,0.0009140000000000001
RABOD,20,399,0.0009104
RABOD,20,400,0.0009125
RABOD,20,401,0.0009165000000000001
RABOD,20,402,0.0009090000000000001
RABOD,20,403,0.0009122000000000001
RABOD,20,404,0.0009317
RABOD,20,405,0.0009119000000000001
RABOD,20,406,0.0009081
RABOD,20,407,0.0009151000000000001
RABOD,20,408,0.0009255000000000001
RABOD,20,409,0.0009163000000000001
RABOD,20,410,0.0009134000000000001
RABOD,20,411,0.0009163000000000001
RABOD,20,412,0.0009229
RABOD,20,413,0.0009262000000000001
RABOD,20,414,0.0009322000000000001
RABOD,20,415,0.0009127
RABOD,20,416,0.0009126000000000001
RABOD,20,417,0.0009208
RABOD,20,418,0.0009168000000000001
RABOD,20,419,0.0009192
RABOD,20,420,0.0009173
RABOD,20,421,0.0009079
RABOD,20,422,0.0009215
RABOD,20,423,0.0009247000000000001
RABOD,20,424,0.0009146
RABOD,20,425,0.0009220000000000001
RABOD,20,426,0.0009302000000000001
RABOD,20,427,0.0009266000000000001
RABOD,20,428,0.0009230000000000001
RABOD,20,429,0.0009128000000000001
RABOD,20,430,0.0009141
RABOD,20,431,0.0009103000000000001
RABOD,20,432,0.0009185
RABOD,20,433,0.0009143
RABOD,20,434,0.0009189000000000001
RABOD,20,435,0.0009201000000000001
RABOD,20,436,0.0009185
RABOD,20,437,0.0009202
RABOD,20,438,0.0009204
RABOD,20,439,0.0009318000000000001
RABOD,20,440,0.0009152
RABOD,20,441,0.0009501000000000001
RABOD,20,442,0.0009136000000000001
RABOD,20,443,0.0009151000000000001
RABOD,20,444,0.0009301000000000001
RABOD,20,445,0.0009233
RABOD,20,446,0.0009135
RABOD,20,447,0.0009162
RABOD,20,448,0.0009180000000000001
RABOD,20,449,0.0009172000000000001
RABOD,20,450,0.0009186000000000001
RABOD,20,451,0.0009219
RABOD,20,452,0.0009142000000000001
RABOD,20,453,0.0009137
RABOD,20,454,0.0009179
RABOD,20,455,0.0009183
RABOD,20,456,0.000933
RABOD,20,457,0.0009272000000000001
RABOD,20,458,0.0009078000000000001
RABOD,20,459,0.0009125
RABOD,20,460,0.0009140000000000001
RABOD,20,461,0.0009194
RABOD,20,462,0.0009219
RABOD,20,463,0.0009320000000000001
RABOD,20,464,0.0009170000000000001
RABOD,20,465,0.0009141
RABOD,20,466,0.0009172000000000001
RABOD,20,467,0.0009135
RABOD,20,468,0.0009164
RABOD,20,469,0.0009186000000000001
RABOD,20,470,0.0009226000000000001
RABOD,20,471,0.0009168000000000001
RABOD,20,472,0.0009144000000000001
RABOD,20,473,0.0009479000000000001
RABOD,20,474,0.0009375000000000001
RABOD,20,475,0.0009286
RABOD,20,476,0.0009171
RABOD,20,477,0.0009202
RABOD,20,478,0.0009222000000000001
RABOD,20,479,0.0009163000000000001
RABOD,20,480,0.0009295000000000001
RABOD,20,481,0.0009203000000000001
RABOD,20,482,0.0009180000000000001
RABOD,20,483,0.0009157000000000001
RABOD,20,484,0.0009212000000000001
RABOD,20,485,0.0009140000000000001
RABOD,20,486,0.0009157000000000001
RABOD,20,487,0.000916
RABOD,20,488,0.0009233
RABOD,20,489,0.0009625
RABOD,20,490,0.0009243000000000001
RABOD,20,491,0.0009312000000000001
RABOD,20,492,0.0009195000000000001
RABOD,20,493,0.0009282
RABOD,20,494,0.000933
RABOD,20,495,0.0009302000000000001
RABOD,20,496,0.0009239000000000001
RABOD,20,497,0.0009303
RABOD,20,498,0.0009315
RABOD,20,499,0.0009284
RABOD,20,500,0.0009227
RABOD,20,501,0.0009116
RABOD,20,502,0.0009214000000000001
RABOD,20,503,0.0009188000000000001
RABOD,20,504,0.0009257
RABOD,20,505,0.0009274000000000001
RABOD,20,506,0.000933
RABOD,20,507,0.0009168000000000001
RABOD,20,508,0.0009252
RABOD,20,509,0.0009147000000000001
RABOD,20,510,0.0009168000000000001
RABOD,20,511,0.0009226000000000001
RABOD,20,512,0.0009176000000000001
RABOD,20,513,0.0009155000000000001
RABOD,20,514,0.0009144000000000001
RABOD,20,515,0.0009147000000000001
RABOD,20,516,0.0009171
RABOD,20,517,0.0009234000000000001
RABOD,20,518,0.0009137
RABOD,20,519,0.0009181
RABOD,20,520,0.0009183
RABOD,20,521,0.0009188000000000001
RABOD,20,522,0.000924
Full IRPP,20,0,0.0011166000000000001
Full IRPP,20,1,0.0011183
Full IRPP,20,2,0.0011167
Full IRPP,20,3,0.0011106
Full IRPP,20,4,0.0011158000000000001
Full IRPP,20,5,0.0011219000000000001
Full IRPP,20,6,0.0011129
Full IRPP,20,7,0.0011475
Full IRPP,20,8,0.0011120000000000001
Full IRPP,20,9,0.0011258000000000002
Full IRPP,20,10,0.0011168
Full IRPP,20,11,0.0011122
Full IRPP,20,12,0.0011132000000000002
Full IRPP,20,13,0.0011196000000000001
Full IRPP,20,14,0.0011224000000000002
Full IRPP,20,15,0.0011117
Full IRPP,20,16,0.0011123
Full IRPP,20,17,0.0011162000000000001
Full IRPP,20,18,0.0011211
Full IRPP,20,19,0.0011291
Full IRPP,20,20,0.0011424
Full IRPP,20,21,0.0011139000000000001
Full IRPP,20,22,0.0011123
Full IRPP,20,23,0.0011186
Full IRPP,20,24,0.0011158000000000001
Full IRPP,20,25,0.0011237
Full IRPP,20,26,0.0011151000000000002
Full IRPP,20,27,0.0011096
Full IRPP,20,28,0.0011128000000000002
Full IRPP,20,29,0.0011146
Full IRPP,20,30,0.0011185000000000001
Full IRPP,20,31,0.001119
Full IRPP,20,32,0.0011213
Full IRPP,20,33,0.0011202
Full IRPP,20,34,0.0011246000000000001
Full IRPP,20,35,0.0011158000000000001
Full IRPP,20,36,0.0011187
Full IRPP,20,37,0.0011252
Full IRPP,20,38,0.0011161
Full IRPP,20,39,0.0011161
Full IRPP,20,40,0.0011200000000000001
Full IRPP,20,41,0.0011136
Full IRPP,20,42,0.0011069
Full IRPP,20,43,0.0011213
Full IRPP,20,44,0.0011234
Full IRPP,20,45,0.0011066000000000001
Full IRPP,20,46,0.0011118
Full IRPP,20,47,0.0011257
Full IRPP,20,48,0.0011171
Full IRPP,20,49,0.0011156
Full IRPP,20,50,0.0011169
Full IRPP,20,51,0.0011202
Full IRPP,20,52,0.001114
Full IRPP,20,53,0.0011232
Full IRPP,20,54,0.0011402
Full IRPP,20,55,0.0011185000000000001
Full IRPP,20,56,0.0011144
Full IRPP,20,57,0.0011253
Full IRPP,20,58,0.0011085000000000001
Full IRPP,20,59,0.0011195
Full IRPP,20,60,0.0011074000000000001
Full IRPP,20,61,0.0011507000000000002
Full IRPP,20,62,0.0011119
Full IRPP,20,63,0.0011144
Full IRPP,20,64,0.0011334000000000001
Full IRPP,20,65,0.0011129
Full IRPP,20,66,0.0011178000000000002
Full IRPP,20,67,0.0011203
Full IRPP,20,68,0.0011271
Full IRPP,20,69,0.0011261
Full IRPP,20,70,0.0011173
Full IRPP,20,71,0.0011121
Full IRPP,20,72,0.0011156
Full IRPP,20,73,0.0011114
Full IRPP,20,74,0.0011449000000000001
Full IRPP,20,75,0.0011287
Full IRPP,20,76,0.0011265000000000001
Full IRPP,20,77,0.0011196000000000001
Full IRPP,20,78,0.0011149
Full IRPP,20,79,0.0011308000000000002
Full IRPP,20,80,0.0011091
Full IRPP,20,81,0.0011047000000000001
Full IRPP,20,82,0.0011243000000000002
Full IRPP,20,83,0.0011192
Full IRPP,20,84,0.0011285000000000002
Full IRPP,20,85,0.0011181000000000001
Full IRPP,20,86,0.0011153
Full IRPP,20,87,0.0011378
Full IRPP,20,88,0.001127
Full IRPP,20,89,0.0011256
Full IRPP,20,90,0.0011187
Full IRPP,20,91,0.0011201000000000002
Full IRPP,20,92,0.0011167
Full IRPP,20,93,0.0011209
Full IRPP,20,94,0.0011173
Full IRPP,20,95,0.0011232
Full IRPP,20,96,0.0011198
Full IRPP,20,97,0.0011246000000000001
Full IRPP,20,98,0.0011205
Full IRPP,20,99,0.0011213
Full IRPP,20,100,0.0011148
Full IRPP,20,101,0.0011426000000000001
Full IRPP,20,102,0.0011247
Full IRPP,20,103,0.0011203
Full IRPP,20,104,0.001119
Full IRPP,20,105,0.0011221
Full IRPP,20,106,0.001118
Full IRPP,20,107,0.0011074000000000001
Full IRPP,20,108,0.0011119
Full IRPP,20,109,0.0011164
Full IRPP,20,110,0.0011144
Full IRPP,20,111,0.0011442000000000002
Full IRPP,20,112,0.001124
Full IRPP,20,113,0.0011274
Full IRPP,20,114,0.0011528
Full IRPP,20,115,0.0011132000000000002
Full IRPP,20,116,0.0011086000000000002
Full IRPP,20,117,0.0011091
Full IRPP,20,118,0.0011163
Full IRPP,20,119,0.0011323000000000001
Full IRPP,20,120,0.0011182
Full IRPP,20,121,0.0011188
Full IRPP,20,122,0.001114
Full IRPP,20,123,0.0011176
Full IRPP,20,124,0.0011156
Full IRPP,20,125,0.0011262000000000002
Full IRPP,20,126,0.0011228
Full IRPP,20,127,0.0011678
Full IRPP,20,128,0.0011209
Full IRPP,20,129,0.0011108000000000001
Full IRPP,20,130,0.0011146
Full IRPP,20,131,0.00111
Full IRPP,20,132,0.0011155000000000002
Full IRPP,20,133,0.0011226
Full IRPP,20,134,0.0011173
Full IRPP,20,135,0.0011218
Full IRPP,20,136,0.0011143000000000001
Full IRPP,20,137,0.0011184
Full IRPP,20,138,0.0011225
Full IRPP,20,139,0.0011198
Full IRPP,20,140,0.0011315000000000001
Full IRPP,20,141,0.0011434000000000001
Full IRPP,20,142,0.0011235000000000001
Full IRPP,20,143,0.0011284
Full IRPP,20,144,0.0011142
Full IRPP,20,145,0.0011141
Full IRPP,20,146,0.0011136
Full IRPP,20,147,0.001113
Full IRPP,20,148,0.0011239000000000002
Full IRPP,20,149,0.0011178000000000002
Full IRPP,20,150,0.0011093000000000001
Full IRPP,20,151,0.0011229
Full IRPP,20,152,0.0011186
Full IRPP,20,153,0.0011262000000000002
Full IRPP,20,154,0.0011275
Full IRPP,20,155,0.0011451
Full IRPP,20,156,0.0011182
Full IRPP,20,157,0.0011144
Full IRPP,20,158,0.0011288000000000001
Full IRPP,20,159,0.0011201000000000002
Full IRPP,20,160,0.0011278
Full IRPP,20,161,0.0011184
Full IRPP,20,162,0.0011191
Full IRPP,20,163,0.0011252
Full IRPP,20,164,0.0011262000000000002
Full IRPP,20,165,0.0011171
Full IRPP,20,166,0.001126
Full IRPP,20,167,0.0011305
Full IRPP,20,168,0.0011276
Full IRPP,20,169,0.0011177000000000001
Full IRPP,20,170,0.0011235000000000001
Full IRPP,20,171,0.0011168
Full IRPP,20,172,0.0011249
Full IRPP,20,173,0.0011286
Full IRPP,20,174,0.0011175
Full IRPP,20,175,0.0011184
Full IRPP,20,176,0.0011328
Full IRPP,20,177,0.0011228
Full IRPP,20,178,0.0011325
Full IRPP,20,179,0.0011223000000000001
Full IRPP,20,180,0.0011473
Full IRPP,20,181,0.001141
Full IRPP,20,182,0.0011276
Full IRPP,20,183,0.0011304000000000002
Full IRPP,20,184,0.0011223000000000001
Full IRPP,20,185,0.0011177000000000001
Full IRPP,20,186,0.001121
Full IRPP,20,187,0.0011226
Full IRPP,20,188,0.0011306
Full IRPP,20,189,0.0011249
Full IRPP,20,190,0.0011232
Full IRPP,20,191,0.0011285000000000002
Full IRPP,20,192,0.0011154000000000001
Full IRPP,20,193,0.0011108000000000001
Full IRPP,20,194,0.0011493
Full IRPP,20,195,0.0011163
Full IRPP,20,196,0.0011220000000000002
Full IRPP,20,197,0.0011414
Full IRPP,20,198,0.0011137
Full IRPP,20,199,0.0011087
Full IRPP,20,200,0.0011166000000000001
Full IRPP,20,201,0.0011267
Full IRPP,20,202,0.001126
Full IRPP,20,203,0.0011241
Full IRPP,20,204,0.0011138
Full IRPP,20,205,0.0011164
Full IRPP,20,206,0.0011147000000000002
Full IRPP,20,207,0.0011175
Full IRPP,20,208,0.0011269000000000001
Full IRPP,20,209,0.0011203
Full IRPP,20,210,0.0011143000000000001
Full IRPP,20,211,0.0011250000000000001
Full IRPP,20,212,0.0011199
Full IRPP,20,213,0.0011261
Full IRPP,20,214,0.0011114
Full IRPP,20,215,0.0011158000000000001
Full IRPP,20,216,0.0011186
Full IRPP,20,217,0.0011152
Full IRPP,20,218,0.0011239000000000002
Full IRPP,20,219,0.0011176
Full IRPP,20,220,0.0011177000000000001
Full IRPP,20,221,0.0011442000000000002
Full IRPP,20,222,0.0011214
Full IRPP,20,223,0.0011224000000000002
Full IRPP,20,224,0.0011199
Full IRPP,20,225,0.0011299
Full IRPP,20,226,0.0011296000000000001
Full IRPP,20,227,0.0011245
Full IRPP,20,228,0.0011198
Full IRPP,20,229,0.0011202
Full IRPP,20,230,0.0011170000000000002
Full IRPP,20,231,0.0011188
Full IRPP,20,232,0.0011265000000000001
Full IRPP,20,233,0.0011109000000000002
Full IRPP,20,234,0.0011202
Full IRPP,20,235,0.0011175
Full IRPP,20,236,0.0011138
Full IRPP,20,237,0.0011241
Full IRPP,20,238,0.0011186
Full IRPP,20,239,0.0011092
Full IRPP,20,240,0.0011311000000000001
Full IRPP,20,241,0.0011216000000000002
Full IRPP,20,242,0.0011226
Full IRPP,20,243,0.0011164
Full IRPP,20,244,0.001119
Full IRPP,20,245,0.0011208000000000001
Full IRPP,20,246,0.0011188
Full IRPP,20,247,0.0011195
Full IRPP,20,248,0.0011304000000000002
Full IRPP,20,249,0.0011197000000000002
Full IRPP,20,250,0.0011144
Full IRPP,20,251,0.0011184
Full IRPP,20,252,0.0011251
Full IRPP,20,253,0.0011191
Full IRPP,20,254,0.0011286
Full IRPP,20,255,0.0011145
Full IRPP,20,256,0.0011124000000000002
Full IRPP,20,257,0.0011184
Full IRPP,20,258,0.0011148
Full IRPP,20,259,0.0011166000000000001
Full IRPP,20,260,0.0011116000000000001
Full IRPP,20,261,0.0011569
Full IRPP,20,262,0.0011137
Full IRPP,20,263,0.0011167
Full IRPP,20,264,0.0011149
Full IRPP,20,265,0.001116
Full IRPP,20,266,0.0011096
Full IRPP,20,267,0.0011275
Full IRPP,20,268,0.001134
Full IRPP,20,269,0.0011120000000000001
Full IRPP,20,270,0.0011129
Full IRPP,20,271,0.0011133
Full IRPP,20,272,0.0011248
Full IRPP,20,273,0.0011429
Full IRPP,20,274,0.0011351
Full IRPP,20,275,0.0011297
Full IRPP,20,276,0.0011206
Full IRPP,20,277,0.0011265000000000001
Full IRPP,20,278,0.0011192
Full IRPP,20,279,0.0011172
Full IRPP,20,280,0.001118
Full IRPP,20,281,0.0011177000000000001
Full IRPP,20,282,0.0011365000000000001
Full IRPP,20,283,0.0011232
Full IRPP,20,284,0.0011082000000000002
Full IRPP,20,285,0.0011435
Full IRPP,20,286,0.0011232
Full IRPP,20,287,0.0011655
Full IRPP,20,288,0.0011222
Full IRPP,20,289,0.0011213
Full IRPP,20,290,0.0011220000000000002
Full IRPP,20,291,0.0011187
Full IRPP,20,292,0.0011226
Full IRPP,20,293,0.0011293
Full IRPP,20,294,0.0011202
Full IRPP,20,295,0.0011142
Full IRPP,20,296,0.0011265000000000001
Full IRPP,20,297,0.0011487000000000001
Full IRPP,20,298,0.0011203
Full IRPP,20,299,0.0011191
Full IRPP,20,300,0.0011207
Full IRPP,20,301,0.0011269000000000001
Full IRPP,20,302,0.0011253
Full IRPP,20,303,0.0011342000000000001
Full IRPP,20,304,0.0011168
Full IRPP,20,305,0.0011186
Full IRPP,20,306,0.0011203
Full IRPP,20,307,0.0011267
Full IRPP,20,308,0.0011155000000000002
Full IRPP,20,309,0.0011144
Full IRPP,20,310,0.0011146
Full IRPP,20,311,0.0011486
Full IRPP,20,312,0.0011261
Full IRPP,20,313,0.0011211
Full IRPP,20,314,0.0011166000000000001
Full IRPP,20,315,0.0011323000000000001
Full IRPP,20,316,0.0011293
Full IRPP,20,317,0.0011250000000000001
Full IRPP,20,318,0.0011228
Full IRPP,20,319,0.001119
Full IRPP,20,320,0.0011166000000000001
Full IRPP,20,321,0.0011217
Full IRPP,20,322,0.0011204000000000001
Full IRPP,20,323,0.0011204000000000001
Full IRPP,20,324,0.0011136
Full IRPP,20,325,0.0011308000000000002
Full IRPP,20,326,0.0011245
Full IRPP,20,327,0.0011268
Full IRPP,20,328,0.0011365000000000001
Full IRPP,20,329,0.0011277000000000001
Full IRPP,20,330,0.0011170000000000002
Full IRPP,20,331,0.0011207
Full IRPP,20,332,0.0011176
Full IRPP,20,333,0.001115
Full IRPP,20,334,0.0011111
Full IRPP,20,335,0.0011198
Full IRPP,20,336,0.0011291
Full IRPP,20,337,0.0011193000000000002
Full IRPP,20,338,0.0011176
Full IRPP,20,339,0.0011278
Full IRPP,20,340,0.0011194
Full IRPP,20,341,0.0011368
Full IRPP,20,342,0.0011262000000000002
Full IRPP,20,343,0.0011182
Full IRPP,20,344,0.0011217
Full IRPP,20,345,0.0011156
Full IRPP,20,346,0.0011188
Full IRPP,20,347,0.0011205
Full IRPP,20,348,0.0011201000000000002
Full IRPP,20,349,0.0011202
Full IRPP,20,350,0.0011198
Full IRPP,20,351,0.0011262000000000002
Full IRPP,20,352,0.0011188
Full IRPP,20,353,0.0011120000000000001
Full IRPP,20,354,0.0011328
Full IRPP,20,355,0.0011297
Full IRPP,20,356,0.0011298
Full IRPP,20,357,0.0011186
Full IRPP,20,358,0.0011195
Full IRPP,20,359,0.0011133
Full IRPP,20,360,0.0011163
Full IRPP,20,361,0.0011208000000000001
Full IRPP,20,362,0.0011275
Full IRPP,20,363,0.0011287
Full IRPP,20,364,0.0011225
Full IRPP,20,365,0.0011194
Full IRPP,20,366,0.0011256
Full IRPP,20,367,0.0011213
Full IRPP,20,368,0.0011307
Full IRPP,20,369,0.0011146
Full IRPP,20,370,0.0011201000000000002
Full IRPP,20,371,0.0011235000000000001
Full IRPP,20,372,0.0011207
Full IRPP,20,373,0.0011178000000000002
Full IRPP,20,374,0.0011339
Full IRPP,20,375,0.0011257
Full IRPP,20,376,0.0011272
Full IRPP,20,377,0.0011171
Full IRPP,20,378,0.0011132000000000002
Full IRPP,20,379,0.0011149
Full IRPP,20,380,0.0011134
Full IRPP,20,381,0.0011429
Full IRPP,20,382,0.0011445000000000001
Full IRPP,20,383,0.0011226
Full IRPP,20,384,0.001124
Full IRPP,20,385,0.0011146
Full IRPP,20,386,0.001134
Full IRPP,20,387,0.0011218
Full IRPP,20,388,0.0011189000000000001
Full IRPP,20,389,0.0011228
Full IRPP,20,390,0.0011205
Full IRPP,20,391,0.001121
Full IRPP,20,392,0.0011194
Full IRPP,20,393,0.0011127
Full IRPP,20,394,0.0011232
Full IRPP,20,395,0.0011284
Full IRPP,20,396,0.0011444
Full IRPP,20,397,0.0011243000000000002
Full IRPP,20,398,0.0011128000000000002
Full IRPP,20,399,0.0011158000000000001
Full IRPP,20,400,0.0011168
Full IRPP,20,401,0.0011231000000000001
Full IRPP,20,402,0.0011162000000000001
Full IRPP,20,403,0.0011102
Full IRPP,20,404,0.0011193000000000002
Full IRPP,20,405,0.0011099
Full IRPP,20,406,0.0011255
Full IRPP,20,407,0.0011135000000000001
Full IRPP,20,408,0.0011254000000000001
Full IRPP,20,409,0.0011704
Full IRPP,20,410,0.0011209
Full IRPP,20,411,0.0011363
Full IRPP,20,412,0.0011124000000000002
Full IRPP,20,413,0.0011246000000000001
Full IRPP,20,414,0.0011266000000000002
Full IRPP,20,415,0.001114
Full IRPP,20,416,0.0011269000000000001
Full IRPP,20,417,0.0011166000000000001
Full IRPP,20,418,0.0011219000000000001
Full IRPP,20,419,0.0011175
Full IRPP,20,420,0.001113
Full IRPP,20,421,0.0011393
Full IRPP,20,422,0.0011205
Full IRPP,20,423,0.0011239000000000002
Full IRPP,20,424,0.0011125
Full IRPP,20,425,0.0011268
Full IRPP,20,426,0.0011347
Full IRPP,20,427,0.0011153
Full IRPP,20,428,0.0011237
Full IRPP,20,429,0.0011238
Full IRPP,20,430,0.0011198
Full IRPP,20,431,0.0011205
Full IRPP,20,432,0.0011186
Full IRPP,20,433,0.0011229
Full IRPP,20,434,0.0011294
Full IRPP,20,435,0.0011257
Full IRPP,20,436,0.0011095
Full IRPP,20,437,0.0011152
Full IRPP,20,438,0.0011195
Full IRPP,20,439,0.0011176
Full IRPP,20,440,0.0011222
Full IRPP,20,441,0.0011271
Full IRPP,20,442,0.0011146
Full IRPP,20,443,0.0011226
Full IRPP,20,444,0.0011165
Full IRPP,20,445,0.0011219000000000001
Exact ABOD,20,0,0.0005941000000000001
Exact ABOD,20,1,0.0005949
Exact ABOD,20,2,0.0005928
Exact ABOD,20,3,0.0005927
Exact ABOD,20,4,0.0005959
Exact ABOD,20,5,0.0005924000000000001
Exact ABOD,20,6,0.000591
Exact ABOD,20,7,0.0005913
Exact ABOD,20,8,0.0005908
Exact ABOD,20,9,0.0005998
Exact ABOD,20,10,0.0005925
Exact ABOD,20,11,0.0005941000000000001
Exact ABOD,20,12,0.0005931
Exact ABOD,20,13,0.0005964000000000001
Exact ABOD,20,14,0.0005924000000000001
Exact ABOD,20,15,0.0005941000000000001
Exact ABOD,20,16,0.0005928
Exact ABOD,20,17,0.0005927
Exact ABOD,20,18,0.0005904
Exact ABOD,20,19,0.0005904
Exact ABOD,20,20,0.0005904
Exact ABOD,20,21,0.0005916000000000001
Exact ABOD,20,22,0.0005927
Exact ABOD,20,23,0.000593
Exact ABOD,20,24,0.0005981000000000001
Exact ABOD,20,25,0.0005928
Exact ABOD,20,26,0.0005924000000000001
Exact ABOD,20,27,0.0005931
Exact ABOD,20,28,0.0005934
Exact ABOD,20,29,0.0005945000000000001
Exact ABOD,20,30,0.0005929
Exact ABOD,20,31,0.0005977
Exact ABOD,20,32,0.0005966000000000001
Exact ABOD,20,33,0.0005971
Exact ABOD,20,34,0.0005945000000000001
Exact ABOD,20,35,0.0005972
Exact ABOD,20,36,0.0006008000000000001
Exact ABOD,20,37,0.0005964000000000001
Exact ABOD,20,38,0.0005965
Exact ABOD,20,39,0.0005979000000000001
Exact ABOD,20,40,0.0005977
Exact ABOD,20,41,0.0005983000000000001
Exact ABOD,20,42,0.0005983000000000001
Exact ABOD,20,43,0.0005946
Exact ABOD,20,44,0.0005967
Exact ABOD,20,45,0.0005957
Exact ABOD,20,46,0.0005963
Exact ABOD,20,47,0.0005957
Exact ABOD,20,48,0.0005942
Exact ABOD,20,49,0.0005993
Exact ABOD,20,50,0.000598
Exact ABOD,20,51,0.0005952
Exact ABOD,20,52,0.0005938
Exact ABOD,20,53,0.0005954
Exact ABOD,20,54,0.0005959
Exact ABOD,20,55,0.0005962000000000001
Exact ABOD,20,56,0.0005924000000000001
Exact ABOD,20,57,0.0005937000000000001
Exact ABOD,20,58,0.0005937000000000001
Exact ABOD,20,59,0.0005943000000000001
Exact ABOD,20,60,0.000595
Exact ABOD,20,61,0.0005945000000000001
Exact ABOD,20,62,0.0006011
Exact ABOD,20,63,0.0005968000000000001
Exact ABOD,20,64,0.0005933000000000001
Exact ABOD,20,65,0.000593
Exact ABOD,20,66,0.0005921
Exact ABOD,20,67,0.000594
Exact ABOD,20,68,0.0005942
Exact ABOD,20,69,0.0005978
Exact ABOD,20,70,0.0005941000000000001
Exact ABOD,20,71,0.0005945000000000001
Exact ABOD,20,72,0.0005943000000000001
Exact ABOD,20,73,0.000595
Exact ABOD,20,74,0.0005917
Exact ABOD,20,75,0.0006002000000000001
Exact ABOD,20,76,0.0005957
Exact ABOD,20,77,0.0005959
Exact ABOD,20,78,0.000595
Exact ABOD,20,79,0.0005966000000000001
Exact ABOD,20,80,0.0005927
Exact ABOD,20,81,0.0005933000000000001
Exact ABOD,20,82,0.0005916000000000001
Exact ABOD,20,83,0.0005942
Exact ABOD,20,84,0.0005921
Exact ABOD,20,85,0.0005951
Exact ABOD,20,86,0.0005958000000000001
Exact ABOD,20,87,0.0005973
Exact ABOD,20,88,0.0005991000000000001
Exact ABOD,20,89,0.0006029000000000001
Exact ABOD,20,90,0.0005947000000000001
Exact ABOD,20,91,0.0005952
Exact ABOD,20,92,0.000595
Exact ABOD,20,93,0.0005948
Exact ABOD,20,94,0.0005955
Exact ABOD,20,95,0.0005985000000000001
Exact ABOD,20,96,0.0005988
Exact ABOD,20,97,0.0006010000000000001
Exact ABOD,20,98,0.0005951
Exact ABOD,20,99,0.0005945000000000001
Exact ABOD,20,100,0.0005999
Exact ABOD,20,101,0.0005929
Exact ABOD,20,102,0.0005971
Exact ABOD,20,103,0.000594
Exact ABOD,20,104,0.0005946
Exact ABOD,20,105,0.0005961
Exact ABOD,20,106,0.0005955
Exact ABOD,20,107,0.0005945000000000001
Exact ABOD,20,108,0.0005957
Exact ABOD,20,109,0.0005956000000000001
Exact ABOD,20,110,0.0005947000000000001
Exact ABOD,20,111,0.000593
Exact ABOD,20,112,0.000593
Exact ABOD,20,113,0.0005944
Exact ABOD,20,114,0.0005942
Exact ABOD,20,115,0.0005988
Exact ABOD,20,116,0.000603
Exact ABOD,20,117,0.0005964000000000001
Exact ABOD,20,118,0.0005981000000000001
Exact ABOD,20,119,0.0005949
Exact ABOD,20,120,0.000595
Exact ABOD,20,121,0.0005961
Exact ABOD,20,122,0.0005937000000000001
Exact ABOD,20,123,0.0005939000000000001
Exact ABOD,20,124,0.0005917
Exact ABOD,20,125,0.0005963
Exact ABOD,20,126,0.0005957
Exact ABOD,20,127,0.0005931
Exact ABOD,20,128,0.0005935000000000001
Exact ABOD,20,129,0.0005939000000000001
Exact ABOD,20,130,0.0005962000000000001
Exact ABOD,20,131,0.000595
Exact ABOD,20,132,0.0005951
Exact ABOD,20,133,0.0005988
Exact ABOD,20,134,0.0005968000000000001
Exact ABOD,20,135,0.0005975
Exact ABOD,20,136,0.0005960000000000001
Exact ABOD,20,137,0.0005962000000000001
Exact ABOD,20,138,0.000593
Exact ABOD,20,139,0.0005928
Exact ABOD,20,140,0.0005925
Exact ABOD,20,141,0.0005946
Exact ABOD,20,142,0.0005965
Exact ABOD,20,143,0.0006011
Exact ABOD,20,144,0.0005976
Exact ABOD,20,145,0.0005946
Exact ABOD,20,146,0.0005929
Exact ABOD,20,147,0.0005937000000000001
Exact ABOD,20,148,0.0005960000000000001
Exact ABOD,20,149,0.0005931
Exact ABOD,20,150,0.0005988
Exact ABOD,20,151,0.0005939000000000001
Exact ABOD,20,152,0.0005939000000000001
Exact ABOD,20,153,0.0005963
Exact ABOD,20,154,0.0005935000000000001
Exact ABOD,20,155,0.0005923
Exact ABOD,20,156,0.0005948
Exact ABOD,20,157,0.0005947000000000001
Exact ABOD,20,158,0.0005975
Exact ABOD,20,159,0.0005955
Exact ABOD,20,160,0.0005957
Exact ABOD,20,161,0.0005938
Exact ABOD,20,162,0.0005939000000000001
Exact ABOD,20,163,0.0005978
Exact ABOD,20,164,0.0005968000000000001
Exact ABOD,20,165,0.0005934
Exact ABOD,20,166,0.0005945000000000001
Exact ABOD,20,167,0.0005945000000000001
Exact ABOD,20,168,0.0005935000000000001
Exact ABOD,20,169,0.0005942
Exact ABOD,20,170,0.0006011
Exact ABOD,20,171,0.0005959
Exact ABOD,20,172,0.0005942
Exact ABOD,20,173,0.0005909
Exact ABOD,20,174,0.0005996
Exact ABOD,20,175,0.0005981000000000001
Exact ABOD,20,176,0.0005970000000000001
Exact ABOD,20,177,0.0005975
Exact ABOD,20,178,0.0005967
Exact ABOD,20,179,0.0005976
Exact ABOD,20,180,0.0005968000000000001
Exact ABOD,20,181,0.0005995
Exact ABOD,20,182,0.0005938
Exact ABOD,20,183,0.0005955
Exact ABOD,20,184,0.0005961
Exact ABOD,20,185,0.0005958000000000001
Exact ABOD,20,186,0.0005995
Exact ABOD,20,187,0.000594
Exact ABOD,20,188,0.0005982
Exact ABOD,20,189,0.0006000000000000001
Exact ABOD,20,190,0.0006002000000000001
Exact ABOD,20,191,0.0005984
Exact ABOD,20,192,0.0005961
Exact ABOD,20,193,0.0005960000000000001
Exact ABOD,20,194,0.0005963
Exact ABOD,20,195,0.0005943000000000001
Exact ABOD,20,196,0.0005931
Exact ABOD,20,197,0.0006001
Exact ABOD,20,198,0.0005974
Exact ABOD,20,199,0.0006009
Exact ABOD,20,200,0.0005944
Exact ABOD,20,201,0.000595
Exact ABOD,20,202,0.0005938
Exact ABOD,20,203,0.0005926
Exact ABOD,20,204,0.000593
Exact ABOD,20,205,0.0005959
Exact ABOD,20,206,0.0005963
Exact ABOD,20,207,0.0005948
Exact ABOD,20,208,0.0005962000000000001
Exact ABOD,20,209,0.000594
Exact ABOD,20,210,0.0005993
Exact ABOD,20,211,0.0005970000000000001
Exact ABOD,20,212,0.0005949
Exact ABOD,20,213,0.0005937000000000001
Exact ABOD,20,214,0.0005948
Exact ABOD,20,215,0.0005933000000000001
Exact ABOD,20,216,0.0005945000000000001
Exact ABOD,20,217,0.0005936
Exact ABOD,20,218,0.0005946
Exact ABOD,20,219,0.0005936
Exact ABOD,20,220,0.0005948
Exact ABOD,20,221,0.0005949
Exact ABOD,20,222,0.0005954
Exact ABOD,20,223,0.0005927
Exact ABOD,20,224,0.0006046000000000001
Exact ABOD,20,225,0.0005961
Exact ABOD,20,226,0.0005939000000000001
Exact ABOD,20,227,0.0005945000000000001
Exact ABOD,20,228,0.0005954
Exact ABOD,20,229,0.000595
Exact ABOD,20,230,0.0005945000000000001
Exact ABOD,20,231,0.0005921
Exact ABOD,20,232,0.0005970000000000001
Exact ABOD,20,233,0.0005960000000000001
Exact ABOD,20,234,0.0005936
Exact ABOD,20,235,0.0005959
Exact ABOD,20,236,0.0005973
Exact ABOD,20,237,0.0005947000000000001
Exact ABOD,20,238,0.000595
Exact ABOD,20,239,0.0005951
Exact ABOD,20,240,0.0006000000000000001
Exact ABOD,20,241,0.0005983000000000001
Exact ABOD,20,242,0.0005964000000000001
Exact ABOD,20,243,0.0005969
Exact ABOD,20,244,0.0005948
Exact ABOD,20,245,0.0005958000000000001
Exact ABOD,20,246,0.0005973
Exact ABOD,20,247,0.0005953
Exact ABOD,20,248,0.000595
Exact ABOD,20,249,0.0005944
Exact ABOD,20,250,0.0006021
Exact ABOD,20,251,0.000595
Exact ABOD,20,252,0.0005933000000000001
Exact ABOD,20,253,0.0005944
Exact ABOD,20,254,0.0005974
Exact ABOD,20,255,0.0005936
Exact ABOD,20,256,0.0005955
Exact ABOD,20,257,0.0005937000000000001
Exact ABOD,20,258,0.0005948
Exact ABOD,20,259,0.000594
Exact ABOD,20,260,0.0005978
Exact ABOD,20,261,0.0005956000000000001
Exact ABOD,20,262,0.0005955
Exact ABOD,20,263,0.0005961
Exact ABOD,20,264,0.0005961
Exact ABOD,20,265,0.0006023000000000001
Exact ABOD,20,266,0.0005931
Exact ABOD,20,267,0.0005943000000000001
Exact ABOD,20,268,0.0006156
Exact ABOD,20,269,0.0005957
Exact ABOD,20,270,0.0006035000000000001
Exact ABOD,20,271,0.0006351
Exact ABOD,20,272,0.0006159000000000001
Exact ABOD,20,273,0.0006149
Exact ABOD,20,274,0.0006132
Exact ABOD,20,275,0.0006320000000000001
Exact ABOD,20,276,0.0006184000000000001
Exact ABOD,20,277,0.0006212
Exact ABOD,20,278,0.0006146000000000001
Exact ABOD,20,279,0.0006141
Exact ABOD,20,280,0.0006044000000000001
Exact ABOD,20,281,0.0006055
Exact ABOD,20,282,0.0006138000000000001
Exact ABOD,20,283,0.0006159000000000001
Exact ABOD,20,284,0.0005932
Exact ABOD,20,285,0.0006147
Exact ABOD,20,286,0.0006045
Exact ABOD,20,287,0.000599
Exact ABOD,20,288,0.0005946
Exact ABOD,20,289,0.0005926
Exact ABOD,20,290,0.0005936
Exact ABOD,20,291,0.0005927
Exact ABOD,20,292,0.0005964000000000001
Exact ABOD,20,293,0.0005916000000000001
Exact ABOD,20,294,0.0005918000000000001
Exact ABOD,20,295,0.0005923
Exact ABOD,20,296,0.0005918000000000001
Exact ABOD,20,297,0.0005947000000000001
Exact ABOD,20,298,0.000594
Exact ABOD,20,299,0.0005914000000000001
Exact ABOD,20,300,0.0005982
Exact ABOD,20,301,0.0005959
Exact ABOD,20,302,0.0005958000000000001
Exact ABOD,20,303,0.0005938
Exact ABOD,20,304,0.0005977
Exact ABOD,20,305,0.0005926
Exact ABOD,20,306,0.0005957
Exact ABOD,20,307,0.0005923
Exact ABOD,20,308,0.0005935000000000001
Exact ABOD,20,309,0.0005928
Exact ABOD,20,310,0.0005929
Exact ABOD,20,311,0.0005946
Exact ABOD,20,312,0.0005922000000000001
Exact ABOD,20,313,0.000593
Exact ABOD,20,314,0.0005925
Exact ABOD,20,315,0.0005925
Exact ABOD,20,316,0.0005939000000000001
Exact ABOD,20,317,0.0005953
Exact ABOD,20,318,0.0005946
Exact ABOD,20,319,0.0005977
Exact ABOD,20,320,0.0005952
Exact ABOD,20,321,0.0005964000000000001
Exact ABOD,20,322,0.0005954
Exact ABOD,20,323,0.0005943000000000001
Exact ABOD,20,324,0.0005916000000000001
Exact ABOD,20,325,0.0005970000000000001
Exact ABOD,20,326,0.0005967
Exact ABOD,20,327,0.0005967
Exact ABOD,20,328,0.0005936
Exact ABOD,20,329,0.0005959
Exact ABOD,20,330,0.0005997
Exact ABOD,20,331,0.0005920000000000001
Exact ABOD,20,332,0.0005973
Exact ABOD,20,333,0.0005955
Exact ABOD,20,334,0.0005928
Exact ABOD,20,335,0.0005945000000000001
Exact ABOD,20,336,0.0005951
Exact ABOD,20,337,0.0005955
Exact ABOD,20,338,0.0005951
Exact ABOD,20,339,0.0005957
Exact ABOD,20,340,0.0005956000000000001
Exact ABOD,20,341,0.0005936
Exact ABOD,20,342,0.0005942
Exact ABOD,20,343,0.0005924000000000001
Exact ABOD,20,344,0.0005946
Exact ABOD,20,345,0.0005963
Exact ABOD,20,346,0.0005955
Exact ABOD,20,347,0.0005936
Exact ABOD,20,348,0.0005961
Exact ABOD,20,349,0.0005917
Exact ABOD,20,350,0.0006012000000000001
Exact ABOD,20,351,0.0005952
Exact ABOD,20,352,0.000594
Exact ABOD,20,353,0.000593
Exact ABOD,20,354,0.000593
Exact ABOD,20,355,0.0005949
Exact ABOD,20,356,0.0005967
Exact ABOD,20,357,0.0005942
Exact ABOD,20,358,0.0005939000000000001
Exact ABOD,20,359,0.0006114
Exact ABOD,20,360,0.0005946
Exact ABOD,20,361,0.000594
Exact ABOD,20,362,0.0005936
Exact ABOD,20,363,0.0005934
Exact ABOD,20,364,0.0005947000000000001
Exact ABOD,20,365,0.000593
Exact ABOD,20,366,0.0005927
Exact ABOD,20,367,0.0005966000000000001
Exact ABOD,20,368,0.0005953
Exact ABOD,20,369,0.0005971
Exact ABOD,20,370,0.0005956000000000001
Exact ABOD,20,371,0.0005949
Exact ABOD,20,372,0.0005966000000000001
Exact ABOD,20,373,0.0005975
Exact ABOD,20,374,0.0005952
Exact ABOD,20,375,0.000595
Exact ABOD,20,376,0.0006029000000000001
Exact ABOD,20,377,0.0005942
Exact ABOD,20,378,0.0005936
Exact ABOD,20,379,0.0005942
Exact ABOD,20,380,0.0005969
Exact ABOD,20,381,0.0005938
Exact ABOD,20,382,0.0005938
Exact ABOD,20,383,0.0005951
Exact ABOD,20,384,0.000594
Exact ABOD,20,385,0.000593
Exact ABOD,20,386,0.0006008000000000001
Exact ABOD,20,387,0.0005967
Exact ABOD,20,388,0.0005958000000000001
Exact ABOD,20,389,0.000591
Exact ABOD,20,390,0.0005946
Exact ABOD,20,391,0.0005935000000000001
Exact ABOD,20,392,0.0005921
Exact ABOD,20,393,0.0005936
Exact ABOD,20,394,0.0005935000000000001
Exact ABOD,20,395,0.0005942
Exact ABOD,20,396,0.0005942
Exact ABOD,20,397,0.000593
Exact ABOD,20,398,0.0005954
Exact ABOD,20,399,0.0005917
Exact ABOD,20,400,0.0005986
Exact ABOD,20,401,0.0005959
Exact ABOD,20,402,0.0005951
Exact ABOD,20,403,0.0005944
Exact ABOD,20,404,0.0005943000000000001
Exact ABOD,20,405,0.0005979000000000001
Exact ABOD,20,406,0.000595
Exact ABOD,20,407,0.0005946
Exact ABOD,20,408,0.0005939000000000001
Exact ABOD,20,409,0.0005960000000000001
Exact ABOD,20,410,0.0006024
Exact ABOD,20,411,0.0005977
Exact ABOD,20,412,0.0006014000000000001
Exact ABOD,20,413,0.0006033000000000001
Exact ABOD,20,414,0.0005949
Exact ABOD,20,415,0.0005988
Exact ABOD,20,416,0.0005943000000000001
Exact ABOD,20,417,0.0005936
Exact ABOD,20,418,0.0005967
Exact ABOD,20,419,0.0005958000000000001
Exact ABOD,20,420,0.0005951
Exact ABOD,20,421,0.0005938
Exact ABOD,20,422,0.0005962000000000001
Exact ABOD,20,423,0.000595
Exact ABOD,20,424,0.0005964000000000001
Exact ABOD,20,425,0.0006012000000000001
Exact ABOD,20,426,0.0005958000000000001
Exact ABOD,20,427,0.0006007
Exact ABOD,20,428,0.0005936
Exact ABOD,20,429,0.0005934
Exact ABOD,20,430,0.0005936
Exact ABOD,20,431,0.0005937000000000001
Exact ABOD,20,432,0.0005933000000000001
Exact ABOD,20,433,0.0005925
Exact ABOD,20,434,0.0005918000000000001
Exact ABOD,20,435,0.0005907
Exact ABOD,20,436,0.0005970000000000001
Exact ABOD,20,437,0.0005943000000000001
Exact ABOD,20,438,0.000595
Exact ABOD,20,439,0.0005926
Exact ABOD,20,440,0.0006024
Exact ABOD,20,441,0.0005931
Exact ABOD,20,442,0.0005919
Exact ABOD,20,443,0.0005932
Exact ABOD,20,444,0.0005928
Exact ABOD,20,445,0.0005911
Exact ABOD,20,446,0.0005944
Exact ABOD,20,447,0.0005971
Exact ABOD,20,448,0.0005979000000000001
Exact ABOD,20,449,0.0005946
Exact ABOD,20,450,0.0005963
Exact ABOD,20,451,0.0006039
Exact ABOD,20,452,0.0005963
Exact ABOD,20,453,0.0005937000000000001
Exact ABOD,20,454,0.0005929
Exact ABOD,20,455,0.0005934
Exact ABOD,20,456,0.0005938
Exact ABOD,20,457,0.0005946
Exact ABOD,20,458,0.0005946
Exact ABOD,20,459,0.0005951
Exact ABOD,20,460,0.0005974
Exact ABOD,20,461,0.0005975
Exact ABOD,20,462,0.0005953
Exact ABOD,20,463,0.0005942
Exact ABOD,20,464,0.0005948
Exact ABOD,20,465,0.0005986
Exact ABOD,20,466,0.0006005
Exact ABOD,20,467,0.0005948
Exact ABOD,20,468,0.0005961
Exact ABOD,20,469,0.0005963
Exact ABOD,20,470,0.0005966000000000001
Exact ABOD,20,471,0.0005974
Exact ABOD,20,472,0.0005976
Exact ABOD,20,473,0.0005984
Exact ABOD,20,474,0.0005959
Exact ABOD,20,475,0.0005935000000000001
Exact ABOD,20,476,0.0005943000000000001
Exact ABOD,20,477,0.0006012000000000001
Exact ABOD,20,478,0.0006029000000000001
Exact ABOD,20,479,0.0005971
Exact ABOD,20,480,0.0005954
Exact ABOD,20,481,0.0005969
Exact ABOD,20,482,0.0005954
Exact ABOD,20,483,0.0005956000000000001
Exact ABOD,20,484,0.0005943000000000001
Exact ABOD,20,485,0.0005947000000000001
Exact ABOD,20,486,0.0005938
Exact ABOD,20,487,0.0005956000000000001
Exact ABOD,20,488,0.0005948
Exact ABOD,20,489,0.0005961
Exact ABOD,20,490,0.0005985000000000001
Exact ABOD,20,491,0.0005962000000000001
Exact ABOD,20,492,0.0005970000000000001
Exact ABOD,20,493,0.0006032
Exact ABOD,20,494,0.0005970000000000001
Exact ABOD,20,495,0.0005958000000000001
Exact ABOD,20,496,0.0005959
Exact ABOD,20,497,0.0005956000000000001
Exact ABOD,20,498,0.0005939000000000001
Exact ABOD,20,499,0.000595
Exact ABOD,20,500,0.0005943000000000001
Exact ABOD,20,501,0.0005918000000000001
Exact ABOD,20,502,0.0005995
Exact ABOD,20,503,0.0005952
Exact ABOD,20,504,0.0005938
Exact ABOD,20,505,0.0005951
Exact ABOD,20,506,0.0005962000000000001
Exact ABOD,20,507,0.0005958000000000001
Exact ABOD,20,508,0.0005968000000000001
Exact ABOD,20,509,0.0005971
Exact ABOD,20,510,0.0005943000000000001
Exact ABOD,20,511,0.0005949
Exact ABOD,20,512,0.0005956000000000001
Exact ABOD,20,513,0.0005956000000000001
Exact ABOD,20,514,0.0005966000000000001
Exact ABOD,20,515,0.0005946
Exact ABOD,20,516,0.0005970000000000001
Exact ABOD,20,517,0.0006019
Exact ABOD,20,518,0.0005953
Exact ABOD,20,519,0.0005933000000000001
Exact ABOD,20,520,0.0005991000000000001
Exact ABOD,20,521,0.0005962000000000001
Exact ABOD,20,522,0.0005958000000000001
Exact ABOD,20,523,0.0005934
Exact ABOD,20,524,0.0005956000000000001
Exact ABOD,20,525,0.0005963
Exact ABOD,20,526,0.0006010000000000001
Exact ABOD,20,527,0.0005962000000000001
Exact ABOD,20,528,0.000599
Exact ABOD,20,529,0.0005938
Exact ABOD,20,530,0.0005956000000000001
Exact ABOD,20,531,0.0005933000000000001
Exact ABOD,20,532,0.0005946
Exact ABOD,20,533,0.0005966000000000001
Exact ABOD,20,534,0.0005949
Exact ABOD,20,535,0.0005958000000000001
Exact ABOD,20,536,0.0005956000000000001
Exact ABOD,20,537,0.0005934
Exact ABOD,20,538,0.0005944
Exact ABOD,20,539,0.0005949
Exact ABOD,20,540,0.0005951
Exact ABOD,20,541,0.0005965
Exact ABOD,20,542,0.0005954
Exact ABOD,20,543,0.0005986
Exact ABOD,20,544,0.0005933000000000001
Exact ABOD,20,545,0.0005928
Exact ABOD,20,546,0.0005938
Exact ABOD,20,547,0.0006012000000000001
Exact ABOD,20,548,0.0006002000000000001
Exact ABOD,20,549,0.0005973
Exact ABOD,20,550,0.0005985000000000001
Exact ABOD,20,551,0.0005966000000000001
Exact ABOD,20,552,0.0006007
Exact ABOD,20,553,0.000598
Exact ABOD,20,554,0.0005979000000000001
Exact ABOD,20,555,0.0005981000000000001
Exact ABOD,20,556,0.0005951
Exact ABOD,20,557,0.0005960000000000001
Exact ABOD,20,558,0.0005938
Exact ABOD,20,559,0.0005954
Exact ABOD,20,560,0.0005961
Exact ABOD,20,561,0.0005941000000000001
Exact ABOD,20,562,0.0005932
Exact ABOD,20,563,0.0005949
Exact ABOD,20,564,0.000595
Exact ABOD,20,565,0.000594
Exact ABOD,20,566,0.0005953
Exact ABOD,20,567,0.0005944
Exact ABOD,20,568,0.0005977
Exact ABOD,20,569,0.0005947000000000001
Exact ABOD,20,570,0.0005976
Exact ABOD,20,571,0.0005967
Exact ABOD,20,572,0.0005972
Exact ABOD,20,573,0.0005954
Exact ABOD,20,574,0.0006001
Exact ABOD,20,575,0.0005942
Exact ABOD,20,576,0.0005993
Exact ABOD,20,577,0.0005972
Exact ABOD,20,578,0.0005966000000000001
Exact ABOD,20,579,0.0006031000000000001
Exact ABOD,20,580,0.0005974
Exact ABOD,20,581,0.0005945000000000001
Exact ABOD,20,582,0.0005947000000000001
Exact ABOD,20,583,0.0005939000000000001
Exact ABOD,20,584,0.0005981000000000001
Exact ABOD,20,585,0.0005938
Exact ABOD,20,586,0.0005964000000000001
Exact ABOD,20,587,0.0005954
Exact ABOD,20,588,0.000595
Exact ABOD,20,589,0.0005952
Exact ABOD,20,590,0.0005958000000000001
Exact ABOD,20,591,0.0005975
Exact ABOD,20,592,0.0005953
Exact ABOD,20,593,0.0005954
Exact ABOD,20,594,0.0005925
Exact ABOD,20,595,0.0005942
Exact ABOD,20,596,0.0005939000000000001
Exact ABOD,20,597,0.0005942
Exact ABOD,20,598,0.0005976
Exact ABOD,20,599,0.0005947000000000001
Exact ABOD,20,600,0.0006017
Exact ABOD,20,601,0.0005979000000000001
Exact ABOD,20,602,0.0006031000000000001
Exact ABOD,20,603,0.0005949
Exact ABOD,20,604,0.0005957
Exact ABOD,20,605,0.0006096000000000001
Exact ABOD,20,606,0.000604
Exact ABOD,20,607,0.0006057
Exact ABOD,20,608,0.0005999
Exact ABOD,20,609,0.0005960000000000001
Exact ABOD,20,610,0.0005953
Exact ABOD,20,611,0.0005931
Exact ABOD,20,612,0.0005937000000000001
Exact ABOD,20,613,0.0005949
Exact ABOD,20,614,0.0005956000000000001
Exact ABOD,20,615,0.0005936
Exact ABOD,20,616,0.0005934
Exact ABOD,20,617,0.0005965
Exact ABOD,20,618,0.0005958000000000001
Exact ABOD,20,619,0.0005970000000000001
Exact ABOD,20,620,0.0005948
Exact ABOD,20,621,0.0005938
Exact ABOD,20,622,0.0005927
Exact ABOD,20,623,0.0005944
Exact ABOD,20,624,0.0005962000000000001
Exact ABOD,20,625,0.0005979000000000001
Exact ABOD,20,626,0.0006012000000000001
Exact ABOD,20,627,0.000602
Exact ABOD,20,628,0.0005975
Exact ABOD,20,629,0.0005951
Exact ABOD,20,630,0.0005957
Exact ABOD,20,631,0.0005962000000000001
Exact ABOD,20,632,0.0005975
Exact ABOD,20,633,0.0005960000000000001
Exact ABOD,20,634,0.0005953
Exact ABOD,20,635,0.0005960000000000001
Exact ABOD,20,636,0.0005967
Exact ABOD,20,637,0.0005986
Exact ABOD,20,638,0.0005965
Exact ABOD,20,639,0.0005962000000000001
Exact ABOD,20,640,0.0005956000000000001
Exact ABOD,20,641,0.0005959
Exact ABOD,20,642,0.0005956000000000001
Exact ABOD,20,643,0.0005981000000000001
Exact ABOD,20,644,0.0005960000000000001
Exact ABOD,20,645,0.0005953
Exact ABOD,20,646,0.0005965
Exact ABOD,20,647,0.0005967
Exact ABOD,20,648,0.0005983000000000001
Exact ABOD,20,649,0.0005957
Exact ABOD,20,650,0.0005964000000000001
Exact ABOD,20,651,0.0005963
Exact ABOD,20,652,0.0005937000000000001
Exact ABOD,20,653,0.0006017
Exact ABOD,20,654,0.0006011
Exact ABOD,20,655,0.0005943000000000001
Exact ABOD,20,656,0.0005959
Exact ABOD,20,657,0.0005963
Exact ABOD,20,658,0.0005972
Exact ABOD,20,659,0.0006024
Exact ABOD,20,660,0.0005958000000000001
Exact ABOD,20,661,0.0005955
Exact ABOD,20,662,0.0005952
Exact ABOD,20,663,0.000595
Exact ABOD,20,664,0.0005957
Exact ABOD,20,665,0.0005973
Exact ABOD,20,666,0.0005962000000000001
Exact ABOD,20,667,0.0005973
Exact ABOD,20,668,0.0005971
Exact ABOD,20,669,0.0005968000000000001
Exact ABOD,20,670,0.000595
Exact ABOD,20,671,0.0005969
Exact ABOD,20,672,0.0005933000000000001
Exact ABOD,20,673,0.0005975
Exact ABOD,20,674,0.0005955
Exact ABOD,20,675,0.0005968000000000001
Exact ABOD,20,676,0.0005952
Exact ABOD,20,677,0.0006323
Exact ABOD,20,678,0.0005995
Exact ABOD,20,679,0.0005958000000000001
Exact ABOD,20,680,0.0005949
Exact ABOD,20,681,0.0006021
Exact ABOD,20,682,0.0005969
Exact ABOD,20,683,0.0005979000000000001
Exact ABOD,20,684,0.0005985000000000001
Exact ABOD,20,685,0.0005984
Exact ABOD,20,686,0.0005956000000000001
Exact ABOD,20,687,0.0005952
Exact ABOD,20,688,0.0005938
Exact ABOD,20,689,0.0005926
Exact ABOD,20,690,0.0005958000000000001
Exact ABOD,20,691,0.0005938
Exact ABOD,20,692,0.0005935000000000001
Exact ABOD,20,693,0.0005951
Exact ABOD,20,694,0.0005939000000000001
Exact ABOD,20,695,0.0005977
Exact ABOD,20,696,0.0005966000000000001
Exact ABOD,20,697,0.0005957
Exact ABOD,20,698,0.0005957
Exact ABOD,20,699,0.0005972
Exact ABOD,20,700,0.0005970000000000001
Exact ABOD,20,701,0.0005977
Exact ABOD,20,702,0.0006016
Exact ABOD,20,703,0.0006000000000000001
Exact ABOD,20,704,0.0005962000000000001
Exact ABOD,20,705,0.0005972
Exact ABOD,20,706,0.0005979000000000001
Exact ABOD,20,707,0.0005951
Exact ABOD,20,708,0.0006043
Exact ABOD,20,709,0.0005966000000000001
Exact ABOD,20,710,0.0005965
Exact ABOD,20,711,0.0005949
Exact ABOD,20,712,0.0005974
Exact ABOD,20,713,0.0005939000000000001
Exact ABOD,20,714,0.0005953
Exact ABOD,20,715,0.0005969
Exact ABOD,20,716,0.0005960000000000001
Exact ABOD,20,717,0.000598
Exact ABOD,20,718,0.0005958000000000001
Exact ABOD,20,719,0.000594
Exact ABOD,20,720,0.0005959
Exact ABOD,20,721,0.0005959
Exact ABOD,20,722,0.0005956000000000001
Exact ABOD,20,723,0.0005952
Exact ABOD,20,724,0.0005960000000000001
Exact ABOD,20,725,0.0005954
Exact ABOD,20,726,0.0005958000000000001
Exact ABOD,20,727,0.0005973
Exact ABOD,20,728,0.0006019
Exact ABOD,20,729,0.0005996
Exact ABOD,20,730,0.0005967
Exact ABOD,20,731,0.0005977
Exact ABOD,20,732,0.0005958000000000001
Exact ABOD,20,733,0.0005954
Exact ABOD,20,734,0.0005991000000000001
Exact ABOD,20,735,0.0005955
Exact ABOD,20,736,0.0005957
Exact ABOD,20,737,0.0005956000000000001
Exact ABOD,20,738,0.0005945000000000001
Exact ABOD,20,739,0.0005962000000000001
Exact ABOD,20,740,0.0005960000000000001
Exact ABOD,20,741,0.000594
Exact ABOD,20,742,0.0005955
Exact ABOD,20,743,0.0005971
Exact ABOD,20,744,0.0005958000000000001
Exact ABOD,20,745,0.0005938
Exact ABOD,20,746,0.0005963
Exact ABOD,20,747,0.0005963
Exact ABOD,20,748,0.0005991000000000001
Exact ABOD,20,749,0.0005967
Exact ABOD,20,750,0.0005971
Exact ABOD,20,751,0.0005970000000000001
Exact ABOD,20,752,0.000599
Exact ABOD,20,753,0.0006056000000000001
Exact ABOD,20,754,0.0005966000000000001
Exact ABOD,20,755,0.0005951
Exact ABOD,20,756,0.0005957
Exact ABOD,20,757,0.0005969
Exact ABOD,20,758,0.0005947000000000001
Exact ABOD,20,759,0.0005957
Exact ABOD,20,760,0.0005952
Exact ABOD,20,761,0.0006011
Exact ABOD,20,762,0.0005976
Exact ABOD,20,763,0.0005957
Exact ABOD,20,764,0.000595
Exact ABOD,20,765,0.0005969
Exact ABOD,20,766,0.000595
Exact ABOD,20,767,0.0005965
Exact ABOD,20,768,0.0005967
Exact ABOD,20,769,0.0005952
Exact ABOD,20,770,0.0005935000000000001
Exact ABOD,20,771,0.0005955
Exact ABOD,20,772,0.0005957
Exact ABOD,20,773,0.0005938
Exact ABOD,20,774,0.0005938
Exact ABOD,20,775,0.0005963
Exact ABOD,20,776,0.0005968000000000001
Exact ABOD,20,777,0.0005962000000000001
Exact ABOD,20,778,0.0006055
Exact ABOD,20,779,0.0005988
Exact ABOD,20,780,0.0005992
Exact ABOD,20,781,0.0005970000000000001
Exact ABOD,20,782,0.0005960000000000001
Exact ABOD,20,783,0.0005957
Exact ABOD,20,784,0.0005956000000000001
Exact ABOD,20,785,0.0005962000000000001
Exact ABOD,20,786,0.0005958000000000001
Exact ABOD,20,787,0.0005944
Exact ABOD,20,788,0.0006348
Exact ABOD,20,789,0.0006009
Exact ABOD,20,790,0.0005953
Exact ABOD,20,791,0.0005941000000000001
Exact ABOD,20,792,0.0005963
Exact ABOD,20,793,0.0005957
Exact ABOD,20,794,0.0005964000000000001
Exact ABOD,20,795,0.0005948
Exact ABOD,20,796,0.0005970000000000001
Exact ABOD,20,797,0.0005969
Exact ABOD,20,798,0.0005944
Exact ABOD,20,799,0.0005951
Exact ABOD,20,800,0.0005983000000000001
Exact ABOD,20,801,0.0005938
Exact ABOD,20,802,0.0005953
Exact ABOD,20,803,0.0005999
Exact ABOD,20,804,0.0005973
Exact ABOD,20,805,0.0005963
Exact ABOD,20,806,0.0005957
Exact ABOD,20,807,0.0005956000000000001
Exact ABOD,20,808,0.0005965
Exact ABOD,20,809,0.0005975
Exact ABOD,20,810,0.0005960000000000001
Exact ABOD,20,811,0.0005960000000000001
Exact ABOD,20,812,0.0005941000000000001
Exact ABOD,20,813,0.0005981000000000001
Exact ABOD,20,814,0.0005995
Exact ABOD,20,815,0.0006058000000000001
Exact ABOD,20,816,0.0005982
Exact ABOD,20,817,0.0006000000000000001
Exact ABOD,20,818,0.0005977
Exact ABOD,20,819,0.0005942
Exact ABOD,20,820,0.0005969
Exact ABOD,20,821,0.0005946
Exact ABOD,20,822,0.0005960000000000001
Exact ABOD,20,823,0.0005984
Exact ABOD,20,824,0.0006018
Exact ABOD,20,825,0.0005978
Exact ABOD,20,826,0.0005968000000000001
Exact ABOD,20,827,0.0005967
Exact ABOD,20,828,0.0005971
Exact ABOD,20,829,0.0006036
Exact ABOD,20,830,0.0005989000000000001
Exact ABOD,20,831,0.0005959
Exact ABOD,20,832,0.0005962000000000001
Exact ABOD,20,833,0.0005979000000000001
Exact ABOD,20,834,0.0006014000000000001
Exact ABOD,20,835,0.000602
Exact ABOD,20,836,0.0005983000000000001
Exact ABOD,20,837,0.0005982
Exact ABOD,20,838,0.0005978
RABOD,50,0,0.0022716000000000004
RABOD,50,1,0.0022807
RABOD,50,2,0.0022932
RABOD,50,3,0.002281
RABOD,50,4,0.002285
RABOD,50,5,0.0022815
RABOD,50,6,0.0022708000000000003
RABOD,50,7,0.0022833000000000003
RABOD,50,8,0.0022838000000000003
RABOD,50,9,0.0022848
RABOD,50,10,0.0022804
RABOD,50,11,0.0022914000000000003
RABOD,50,12,0.0022888
RABOD,50,13,0.0023052000000000003
RABOD,50,14,0.0022689000000000003
RABOD,50,15,0.0022890000000000002
RABOD,50,16,0.0022987000000000003
RABOD,50,17,0.0022911000000000003
RABOD,50,18,0.0022948
RABOD,50,19,0.0023034
RABOD,50,20,0.0022862
RABOD,50,21,0.0022792000000000003
RABOD,50,22,0.0022817000000000002
RABOD,50,23,0.0022788
RABOD,50,24,0.0022816
RABOD,50,25,0.0022744
RABOD,50,26,0.0022792000000000003
RABOD,50,27,0.0022673000000000003
RABOD,50,28,0.0022722000000000003
RABOD,50,29,0.0022952000000000003
RABOD,50,30,0.00229
RABOD,50,31,0.002295
RABOD,50,32,0.0022981
RABOD,50,33,0.0022808
RABOD,50,34,0.0022731
RABOD,50,35,0.0022700000000000003
RABOD,50,36,0.0022703000000000003
RABOD,50,37,0.0023021
RABOD,50,38,0.0022796
RABOD,50,39,0.0022822000000000003
RABOD,50,40,0.0022856
RABOD,50,41,0.0022804
RABOD,50,42,0.0022793
RABOD,50,43,0.0022794
RABOD,50,44,0.0023036000000000003
RABOD,50,45,0.0022751
RABOD,50,46,0.0022897
RABOD,50,47,0.0022724
RABOD,50,48,0.002271
RABOD,50,49,0.0022876000000000003
RABOD,50,50,0.0022752000000000002
RABOD,50,51,0.0022864
RABOD,50,52,0.0022752000000000002
RABOD,50,53,0.0022574
RABOD,50,54,0.0022697
RABOD,50,55,0.0022767
RABOD,50,56,0.0023168
RABOD,50,57,0.0023015
RABOD,50,58,0.0022931
RABOD,50,59,0.0022873000000000004
RABOD,50,60,0.0022727000000000003
RABOD,50,61,0.0022721
RABOD,50,62,0.0022914000000000003
RABOD,50,63,0.0022884000000000003
RABOD,50,64,0.0022938000000000004
RABOD,50,65,0.0022942
RABOD,50,66,0.002288
RABOD,50,67,0.0022773000000000003
RABOD,50,68,0.0022827000000000004
RABOD,50,69,0.0022823
RABOD,50,70,0.0022821
RABOD,50,71,0.0022822000000000003
RABOD,50,72,0.0023041000000000003
RABOD,50,73,0.0022789
RABOD,50,74,0.0022776000000000003
RABOD,50,75,0.0022797
RABOD,50,76,0.0022786
RABOD,50,77,0.0022967
RABOD,50,78,0.0022882
RABOD,50,79,0.0022878
RABOD,50,80,0.0022955000000000002
RABOD,50,81,0.0022728
RABOD,50,82,0.0022812
RABOD,50,83,0.0023067
RABOD,50,84,0.0022828
RABOD,50,85,0.0022962
RABOD,50,86,0.0022997
RABOD,50,87,0.0022827000000000004
RABOD,50,88,0.0022903000000000003
RABOD,50,89,0.0022663
RABOD,50,90,0.0022732
RABOD,50,91,0.0022904
RABOD,50,92,0.0022874
RABOD,50,93,0.0023127
RABOD,50,94,0.0022768000000000003
RABOD,50,95,0.0023008
RABOD,50,96,0.0022882
RABOD,50,97,0.0022721
RABOD,50,98,0.0022815
RABOD,50,99,0.0022904
RABOD,50,100,0.0022959
RABOD,50,101,0.0022755
RABOD,50,102,0.0022731
RABOD,50,103,0.0022761
RABOD,50,104,0.0022634
RABOD,50,105,0.0022837
RABOD,50,106,0.0022730000000000003
RABOD,50,107,0.0022891
RABOD,50,108,0.0022687000000000002
RABOD,50,109,0.0022641000000000002
RABOD,50,110,0.0022863000000000002
RABOD,50,111,0.0022711000000000003
RABOD,50,112,0.0022855
RABOD,50,113,0.002275
RABOD,50,114,0.0022872
RABOD,50,115,0.0022822000000000003
RABOD,50,116,0.0022808
RABOD,50,117,0.0023085000000000002
RABOD,50,118,0.002292
RABOD,50,119,0.0022827000000000004
RABOD,50,120,0.0022911000000000003
RABOD,50,121,0.0022939
RABOD,50,122,0.0022954
RABOD,50,123,0.0022997
RABOD,50,124,0.0022934
RABOD,50,125,0.0022941000000000003
RABOD,50,126,0.0022753
RABOD,50,127,0.0022864
RABOD,50,128,0.0023099
RABOD,50,129,0.002284
RABOD,50,130,0.0022953
RABOD,50,131,0.0022732
RABOD,50,132,0.0022899
RABOD,50,133,0.0022666
RABOD,50,134,0.0022873000000000004
RABOD,50,135,0.0022801
RABOD,50,136,0.0022860000000000003
RABOD,50,137,0.0022874
RABOD,50,138,0.002274
RABOD,50,139,0.0022906000000000003
RABOD,50,140,0.0022704
RABOD,50,141,0.002321
RABOD,50,142,0.002323
RABOD,50,143,0.0022887000000000003
RABOD,50,144,0.0023089
RABOD,50,145,0.0022885
RABOD,50,146,0.0022803000000000003
RABOD,50,147,0.0022735000000000003
RABOD,50,148,0.0022904
RABOD,50,149,0.0023129
RABOD,50,150,0.0022699
RABOD,50,151,0.0022932
RABOD,50,152,0.0022793
RABOD,50,153,0.002268
RABOD,50,154,0.0022827000000000004
RABOD,50,155,0.0022804
RABOD,50,156,0.0022835
RABOD,50,157,0.0022766
RABOD,50,158,0.0022793
RABOD,50,159,0.0022992
RABOD,50,160,0.0022822000000000003
RABOD,50,161,0.0022664
RABOD,50,162,0.0023068000000000003
RABOD,50,163,0.0022856
RABOD,50,164,0.0022813
RABOD,50,165,0.0023029
RABOD,50,166,0.0022994
RABOD,50,167,0.0022804
RABOD,50,168,0.0022959
RABOD,50,169,0.0022817000000000002
RABOD,50,170,0.0023037
RABOD,50,171,0.0022922000000000003
RABOD,50,172,0.0022811000000000003
RABOD,50,173,0.0022869
RABOD,50,174,0.002307
RABOD,50,175,0.002307
RABOD,50,176,0.0023093000000000002
RABOD,50,177,0.0022875
RABOD,50,178,0.0023033000000000003
RABOD,50,179,0.0022866
RABOD,50,180,0.0022849000000000003
RABOD,50,181,0.0023093000000000002
RABOD,50,182,0.0023126
RABOD,50,183,0.0022979000000000003
RABOD,50,184,0.0022975
RABOD,50,185,0.0022822000000000003
RABOD,50,186,0.0023001000000000002
RABOD,50,187,0.0022761
RABOD,50,188,0.0022984000000000004
RABOD,50,189,0.0022860000000000003
RABOD,50,190,0.0022933000000000003
RABOD,50,191,0.0022932
RABOD,50,192,0.0022926
RABOD,50,193,0.0023102
RABOD,50,194,0.002304
RABOD,50,195,0.0022987000000000003
RABOD,50,196,0.0022873000000000004
RABOD,50,197,0.0022956
RABOD,50,198,0.0023161
RABOD,50,199,0.0022844000000000002
RABOD,50,200,0.0022918
RABOD,50,201,0.0022973
RABOD,50,202,0.0023013
RABOD,50,203,0.0022879000000000003
RABOD,50,204,0.0022964
RABOD,50,205,0.0022973
RABOD,50,206,0.0022896
RABOD,50,207,0.0022989
RABOD,50,208,0.0023246
RABOD,50,209,0.0023009000000000003
RABOD,50,210,0.0023139000000000002
RABOD,50,211,0.0022891
RABOD,50,212,0.0022947
RABOD,50,213,0.0022741000000000003
RABOD,50,214,0.0023069
RABOD,50,215,0.0022816
RABOD,50,216,0.0022890000000000002
RABOD,50,217,0.0022929
RABOD,50,218,0.002292
Full IRPP,50,0,0.0024537
Full IRPP,50,1,0.0024662
Full IRPP,50,2,0.0024863000000000003
Full IRPP,50,3,0.0024497
Full IRPP,50,4,0.0024595000000000003
Full IRPP,50,5,0.0024558
Full IRPP,50,6,0.0024623
Full IRPP,50,7,0.0024623
Full IRPP,50,8,0.0024743
Full IRPP,50,9,0.0024643
Full IRPP,50,10,0.0024546000000000004
Full IRPP,50,11,0.0024494
Full IRPP,50,12,0.0024576000000000003
Full IRPP,50,13,0.0024698000000000003
Full IRPP,50,14,0.0024836000000000003
Full IRPP,50,15,0.0024612
Full IRPP,50,16,0.0024558
Full IRPP,50,17,0.0024425000000000002
Full IRPP,50,18,0.0024451
Full IRPP,50,19,0.0024503000000000003
Full IRPP,50,20,0.0024606000000000003
Full IRPP,50,21,0.0024783
Full IRPP,50,22,0.0024762
Full IRPP,50,23,0.0024427000000000003
Full IRPP,50,24,0.0024687000000000003
Full IRPP,50,25,0.0024338000000000003
Full IRPP,50,26,0.0024516
Full IRPP,50,27,0.0024741000000000003
Full IRPP,50,28,0.0024576000000000003
Full IRPP,50,29,0.0024615
Full IRPP,50,30,0.0024506000000000003
Full IRPP,50,31,0.0024928000000000003
Full IRPP,50,32,0.0024527000000000004
Full IRPP,50,33,0.0024801000000000003
Full IRPP,50,34,0.0024545
Full IRPP,50,35,0.0024466
Full IRPP,50,36,0.0024560000000000003
Full IRPP,50,37,0.002421
Full IRPP,50,38,0.0024515
Full IRPP,50,39,0.002457
Full IRPP,50,40,0.0024913
Full IRPP,50,41,0.0024604
Full IRPP,50,42,0.0024422000000000003
Full IRPP,50,43,0.002454
Full IRPP,50,44,0.00246
Full IRPP,50,45,0.0024575
Full IRPP,50,46,0.0024508
Full IRPP,50,47,0.0024788
Full IRPP,50,48,0.0024351
Full IRPP,50,49,0.0024658
Full IRPP,50,50,0.0024696
Full IRPP,50,51,0.0024438000000000003
Full IRPP,50,52,0.0024549000000000003
Full IRPP,50,53,0.0024315
Full IRPP,50,54,0.0024435000000000004
Full IRPP,50,55,0.0024199
Full IRPP,50,56,0.0024375
Full IRPP,50,57,0.0024407
Full IRPP,50,58,0.0024699
Full IRPP,50,59,0.0024375
Full IRPP,50,60,0.0024515
Full IRPP,50,61,0.0024372
Full IRPP,50,62,0.0024385
Full IRPP,50,63,0.0024469
Full IRPP,50,64,0.0024378
Full IRPP,50,65,0.0024601000000000002
Full IRPP,50,66,0.0024413
Full IRPP,50,67,0.0024461
Full IRPP,50,68,0.0024191
Full IRPP,50,69,0.0024223
Full IRPP,50,70,0.0024436
Full IRPP,50,71,0.0024299
Full IRPP,50,72,0.0024489
Full IRPP,50,73,0.0024516
Full IRPP,50,74,0.0024276000000000002
Full IRPP,50,75,0.0024271
Full IRPP,50,76,0.002467
Full IRPP,50,77,0.0024387000000000002
Full IRPP,50,78,0.0024517000000000002
Full IRPP,50,79,0.0024303000000000003
Full IRPP,50,80,0.0024509
Full IRPP,50,81,0.0024341000000000002
Full IRPP,50,82,0.0024715
Full IRPP,50,83,0.0024891
Full IRPP,50,84,0.0024395000000000003
Full IRPP,50,85,0.0024326
Full IRPP,50,86,0.0024606000000000003
Full IRPP,50,87,0.0024372
Full IRPP,50,88,0.0024736000000000003
Full IRPP,50,89,0.0025517
Full IRPP,50,90,0.0025128000000000004
Full IRPP,50,91,0.0024745
Full IRPP,50,92,0.0024629
Full IRPP,50,93,0.0024712000000000002
Full IRPP,50,94,0.0024724
Full IRPP,50,95,0.0024393
Full IRPP,50,96,0.0024715
Full IRPP,50,97,0.0024395000000000003
Full IRPP,50,98,0.0024368000000000003
Full IRPP,50,99,0.0024684000000000004
Full IRPP,50,100,0.0024627
Full IRPP,50,101,0.0024446000000000003
Full IRPP,50,102,0.0024549000000000003
Full IRPP,50,103,0.0024406000000000002
Full IRPP,50,104,0.002438
Full IRPP,50,105,0.0024454000000000004
Full IRPP,50,106,0.002496
Full IRPP,50,107,0.0024941
Full IRPP,50,108,0.0024597
Full IRPP,50,109,0.0024645
Full IRPP,50,110,0.0024633000000000003
Full IRPP,50,111,0.0024515
Full IRPP,50,112,0.0024868
Full IRPP,50,113,0.0024481000000000004
Full IRPP,50,114,0.0024536000000000002
Full IRPP,50,115,0.0024413
Full IRPP,50,116,0.0024397
Full IRPP,50,117,0.0024315
Full IRPP,50,118,0.0024557000000000003
Full IRPP,50,119,0.0024739000000000002
Full IRPP,50,120,0.0024503000000000003
Full IRPP,50,121,0.0024330000000000003
Full IRPP,50,122,0.0024481000000000004
Full IRPP,50,123,0.0024392000000000003
Full IRPP,50,124,0.0024402
Full IRPP,50,125,0.0024601000000000002
Full IRPP,50,126,0.0024521
Full IRPP,50,127,0.0024486
Full IRPP,50,128,0.0024178000000000003
Full IRPP,50,129,0.0024267
Full IRPP,50,130,0.0024349000000000003
Full IRPP,50,131,0.0024681
Full IRPP,50,132,0.0024799
Full IRPP,50,133,0.0024843
Full IRPP,50,134,0.0024834
Full IRPP,50,135,0.0024403000000000003
Full IRPP,50,136,0.0024471000000000002
Full IRPP,50,137,0.0024529
Full IRPP,50,138,0.0024799
Full IRPP,50,139,0.0024391
Full IRPP,50,140,0.0024423
Full IRPP,50,141,0.0024287
Full IRPP,50,142,0.0024418
Full IRPP,50,143,0.0024546000000000004
Full IRPP,50,144,0.0024451
Full IRPP,50,145,0.0025104000000000003
Full IRPP,50,146,0.0024702
Full IRPP,50,147,0.0024646
Full IRPP,50,148,0.0024648
Full IRPP,50,149,0.0024763000000000003
Full IRPP,50,150,0.0024774000000000003
Full IRPP,50,151,0.0024359
Full IRPP,50,152,0.0024624
Full IRPP,50,153,0.0024444000000000002
Full IRPP,50,154,0.002431
Full IRPP,50,155,0.0024467
Full IRPP,50,156,0.0024530000000000003
Full IRPP,50,157,0.0024354000000000003
Full IRPP,50,158,0.0024643
Full IRPP,50,159,0.0024391
Full IRPP,50,160,0.0024432
Full IRPP,50,161,0.0024421
Full IRPP,50,162,0.0024715
Full IRPP,50,163,0.0024453
Full IRPP,50,164,0.0024353
Full IRPP,50,165,0.0024626
Full IRPP,50,166,0.0024512
Full IRPP,50,167,0.0024377
Full IRPP,50,168,0.0024449000000000003
Full IRPP,50,169,0.0024475
Full IRPP,50,170,0.002438
Full IRPP,50,171,0.0024518
Full IRPP,50,172,0.0024407
Full IRPP,50,173,0.0024456
Full IRPP,50,174,0.0024586
Full IRPP,50,175,0.0024373000000000003
Full IRPP,50,176,0.0024497
Full IRPP,50,177,0.0024519000000000003
Full IRPP,50,178,0.0024626
Full IRPP,50,179,0.0024486
Full IRPP,50,180,0.0024528
Full IRPP,50,181,0.0024545
Full IRPP,50,182,0.002454
Full IRPP,50,183,0.0024294
Full IRPP,50,184,0.0024558
Full IRPP,50,185,0.0024294
Full IRPP,50,186,0.002464
Full IRPP,50,187,0.0024799
Full IRPP,50,188,0.0024898000000000003
Full IRPP,50,189,0.0024635
Full IRPP,50,190,0.0024869000000000002
Full IRPP,50,191,0.0024668000000000003
Full IRPP,50,192,0.0024883
Full IRPP,50,193,0.0024388
Full IRPP,50,194,0.0024633000000000003
Full IRPP,50,195,0.0024496
Full IRPP,50,196,0.0024972
Full IRPP,50,197,0.0024824
Full IRPP,50,198,0.0024679000000000003
Full IRPP,50,199,0.002467
Full IRPP,50,200,0.0024317
Full IRPP,50,201,0.0024512
Full IRPP,50,202,0.0024588
Full IRPP,50,203,0.0024599
Exact ABOD,50,0,0.0021822
Exact ABOD,50,1,0.0021859
Exact ABOD,50,2,0.0021982
Exact ABOD,50,3,0.0021766000000000003
Exact ABOD,50,4,0.0021769000000000003
Exact ABOD,50,5,0.0021756
Exact ABOD,50,6,0.0021734000000000002
Exact ABOD,50,7,0.0021783
Exact ABOD,50,8,0.0021855
Exact ABOD,50,9,0.0021894
Exact ABOD,50,10,0.0021812000000000003
Exact ABOD,50,11,0.0021807000000000003
Exact ABOD,50,12,0.0021815000000000003
Exact ABOD,50,13,0.0021743
Exact ABOD,50,14,0.0021853000000000003
Exact ABOD,50,15,0.0021791000000000002
Exact ABOD,50,16,0.0021873
Exact ABOD,50,17,0.0021901
Exact ABOD,50,18,0.0021794
Exact ABOD,50,19,0.0021762
Exact ABOD,50,20,0.0021788000000000003
Exact ABOD,50,21,0.0021822
Exact ABOD,50,22,0.0021842000000000003
Exact ABOD,50,23,0.0021856
Exact ABOD,50,24,0.0021833
Exact ABOD,50,25,0.0021820000000000003
Exact ABOD,50,26,0.0021771
Exact ABOD,50,27,0.0021829
Exact ABOD,50,28,0.0021789
Exact ABOD,50,29,0.0021834000000000003
Exact ABOD,50,30,0.0021808
Exact ABOD,50,31,0.0021818000000000002
Exact ABOD,50,32,0.0021833
Exact ABOD,50,33,0.0021814
Exact ABOD,50,34,0.0021777000000000003
Exact ABOD,50,35,0.0021766000000000003
Exact ABOD,50,36,0.0021764
Exact ABOD,50,37,0.0021819
Exact ABOD,50,38,0.0021754
Exact ABOD,50,39,0.0021804000000000003
Exact ABOD,50,40,0.0021838
Exact ABOD,50,41,0.0021751
Exact ABOD,50,42,0.0021803
Exact ABOD,50,43,0.0021904000000000003
Exact ABOD,50,44,0.0021835
Exact ABOD,50,45,0.0021802
Exact ABOD,50,46,0.002181
Exact ABOD,50,47,0.0021829
Exact ABOD,50,48,0.0021811
Exact ABOD,50,49,0.0021808
Exact ABOD,50,50,0.0021926000000000003
Exact ABOD,50,51,0.0021792
Exact ABOD,50,52,0.0021796000000000003
Exact ABOD,50,53,0.0021876
Exact ABOD,50,54,0.0021786
Exact ABOD,50,55,0.0021783
Exact ABOD,50,56,0.0021762
Exact ABOD,50,57,0.0021864000000000002
Exact ABOD,50,58,0.0021852
Exact ABOD,50,59,0.002174
Exact ABOD,50,60,0.002177
Exact ABOD,50,61,0.0021804000000000003
Exact ABOD,50,62,0.0021792
Exact ABOD,50,63,0.0021749
Exact ABOD,50,64,0.0021816
Exact ABOD,50,65,0.0021831000000000003
Exact ABOD,50,66,0.0021804000000000003
Exact ABOD,50,67,0.0021749
Exact ABOD,50,68,0.0021835
Exact ABOD,50,69,0.002177
Exact ABOD,50,70,0.002184
Exact ABOD,50,71,0.0021897
Exact ABOD,50,72,0.002184
Exact ABOD,50,73,0.0021788000000000003
Exact ABOD,50,74,0.0021756
Exact ABOD,50,75,0.0021742000000000003
Exact ABOD,50,76,0.0021859
Exact ABOD,50,77,0.0021846
Exact ABOD,50,78,0.0021788000000000003
Exact ABOD,50,79,0.0021786
Exact ABOD,50,80,0.0021849
Exact ABOD,50,81,0.0021847
Exact ABOD,50,82,0.0021825
Exact ABOD,50,83,0.0021906
Exact ABOD,50,84,0.0021864000000000002
Exact ABOD,50,85,0.0021919
Exact ABOD,50,86,0.002187
Exact ABOD,50,87,0.0021771
Exact ABOD,50,88,0.0021865
Exact ABOD,50,89,0.0021827
Exact ABOD,50,90,0.0021855
Exact ABOD,50,91,0.0021899000000000003
Exact ABOD,50,92,0.0021773
Exact ABOD,50,93,0.0021837000000000002
Exact ABOD,50,94,0.0021777000000000003
Exact ABOD,50,95,0.002179
Exact ABOD,50,96,0.0021801
Exact ABOD,50,97,0.0021794
Exact ABOD,50,98,0.0021839000000000003
Exact ABOD,50,99,0.0021734000000000002
Exact ABOD,50,100,0.0021781
Exact ABOD,50,101,0.0021766000000000003
Exact ABOD,50,102,0.0021804000000000003
Exact ABOD,50,103,0.0021759
Exact ABOD,50,104,0.0021742000000000003
Exact ABOD,50,105,0.002189
Exact ABOD,50,106,0.0021888000000000003
Exact ABOD,50,107,0.0021804000000000003
Exact ABOD,50,108,0.0021735
Exact ABOD,50,109,0.0021750000000000003
Exact ABOD,50,110,0.0021693000000000003
Exact ABOD,50,111,0.0021762
Exact ABOD,50,112,0.0021926000000000003
Exact ABOD,50,113,0.0021771
Exact ABOD,50,114,0.0021909
Exact ABOD,50,115,0.0021758000000000003
Exact ABOD,50,116,0.0021756
Exact ABOD,50,117,0.0021821
Exact ABOD,50,118,0.0021661000000000002
Exact ABOD,50,119,0.0021923000000000003
Exact ABOD,50,120,0.0021746
Exact ABOD,50,121,0.0021758000000000003
Exact ABOD,50,122,0.0021799000000000002
Exact ABOD,50,123,0.0021816
Exact ABOD,50,124,0.0021798
Exact ABOD,50,125,0.0021733
Exact ABOD,50,126,0.0021835
Exact ABOD,50,127,0.0021820000000000003
Exact ABOD,50,128,0.0021799000000000002
Exact ABOD,50,129,0.0021854
Exact ABOD,50,130,0.0021848
Exact ABOD,50,131,0.0021738
Exact ABOD,50,132,0.0021825
Exact ABOD,50,133,0.002179
Exact ABOD,50,134,0.0021867
Exact ABOD,50,135,0.0021793000000000003
Exact ABOD,50,136,0.0021763
Exact ABOD,50,137,0.0021861000000000003
Exact ABOD,50,138,0.0021788000000000003
Exact ABOD,50,139,0.0021864000000000002
Exact ABOD,50,140,0.00218
Exact ABOD,50,141,0.0021876
Exact ABOD,50,142,0.0021769000000000003
Exact ABOD,50,143,0.0021818000000000002
Exact ABOD,50,144,0.0021825
Exact ABOD,50,145,0.0021806
Exact ABOD,50,146,0.0021925
Exact ABOD,50,147,0.0021780000000000002
Exact ABOD,50,148,0.0021831000000000003
Exact ABOD,50,149,0.0021876
Exact ABOD,50,150,0.0021809
Exact ABOD,50,151,0.0021792
Exact ABOD,50,152,0.0021794
Exact ABOD,50,153,0.0021847
Exact ABOD,50,154,0.002174
Exact ABOD,50,155,0.0021850000000000003
Exact ABOD,50,156,0.0021868
Exact ABOD,50,157,0.0021823000000000003
Exact ABOD,50,158,0.0021759
Exact ABOD,50,159,0.0021754
Exact ABOD,50,160,0.0021881
Exact ABOD,50,161,0.0021757
Exact ABOD,50,162,0.0021820000000000003
Exact ABOD,50,163,0.0021833
Exact ABOD,50,164,0.0021850000000000003
Exact ABOD,50,165,0.0021813
Exact ABOD,50,166,0.0021786
Exact ABOD,50,167,0.0021766000000000003
Exact ABOD,50,168,0.0021797
Exact ABOD,50,169,0.0021804000000000003
Exact ABOD,50,170,0.0021824
Exact ABOD,50,171,0.0021811
Exact ABOD,50,172,0.0021812000000000003
Exact ABOD,50,173,0.0021807000000000003
Exact ABOD,50,174,0.0021787
Exact ABOD,50,175,0.002181
Exact ABOD,50,176,0.0021785000000000003
Exact ABOD,50,177,0.0021794
Exact ABOD,50,178,0.0021906
Exact ABOD,50,179,0.002173
Exact ABOD,50,180,0.0021785000000000003
Exact ABOD,50,181,0.0021875
Exact ABOD,50,182,0.0021855
Exact ABOD,50,183,0.0021863
Exact ABOD,50,184,0.0021778
Exact ABOD,50,185,0.0021826000000000003
Exact ABOD,50,186,0.0021835
Exact ABOD,50,187,0.0021802
Exact ABOD,50,188,0.0021847
Exact ABOD,50,189,0.0021757
Exact ABOD,50,190,0.0021808
Exact ABOD,50,191,0.0021781
Exact ABOD,50,192,0.0021802
Exact ABOD,50,193,0.0021846
Exact ABOD,50,194,0.0021823000000000003
Exact ABOD,50,195,0.0021858000000000003
Exact ABOD,50,196,0.0021743
Exact ABOD,50,197,0.0021793000000000003
Exact ABOD,50,198,0.0021788000000000003
Exact ABOD,50,199,0.0021803
Exact ABOD,50,200,0.0021903
Exact ABOD,50,201,0.00218
Exact ABOD,50,202,0.0021754
Exact ABOD,50,203,0.0021850000000000003
Exact ABOD,50,204,0.0021793000000000003
Exact ABOD,50,205,0.0021855
Exact ABOD,50,206,0.0021842000000000003
Exact ABOD,50,207,0.0021780000000000002
Exact ABOD,50,208,0.0022097
Exact ABOD,50,209,0.0021846
Exact ABOD,50,210,0.0021821
Exact ABOD,50,211,0.0021817
Exact ABOD,50,212,0.0021822
Exact ABOD,50,213,0.002183
Exact ABOD,50,214,0.0021861000000000003
Exact ABOD,50,215,0.0021868
Exact ABOD,50,216,0.0021828
Exact ABOD,50,217,0.0021812000000000003
Exact ABOD,50,218,0.0021738
Exact ABOD,50,219,0.0021834000000000003
Exact ABOD,50,220,0.0021749
Exact ABOD,50,221,0.0021792
Exact ABOD,50,222,0.0021907000000000003
Exact ABOD,50,223,0.0021864000000000002
Exact ABOD,50,224,0.0021788000000000003
Exact ABOD,50,225,0.0021784
Exact ABOD,50,226,0.0021822
Exact ABOD,50,227,0.0021754
Exact ABOD,50,228,0.0021826000000000003
Exact ABOD,50,229,0.0021845000000000002
RABOD,100,0,0.0045471
RABOD,100,1,0.004573000000000001
RABOD,100,2,0.0045761000000000005
RABOD,100,3,0.0045469
RABOD,100,4,0.0045685000000000005
RABOD,100,5,0.004608
RABOD,100,6,0.0045618
RABOD,100,7,0.004565700000000001
RABOD,100,8,0.004573000000000001
RABOD,100,9,0.0045696
RABOD,100,10,0.0045867
RABOD,100,11,0.004571
RABOD,100,12,0.0045867
RABOD,100,13,0.0045507
RABOD,100,14,0.0045664
RABOD,100,15,0.0045472
RABOD,100,16,0.0045428000000000005
RABOD,100,17,0.0045536000000000005
RABOD,100,18,0.0045483
RABOD,100,19,0.0045642
RABOD,100,20,0.0045685000000000005
RABOD,100,21,0.004593
RABOD,100,22,0.0045954
RABOD,100,23,0.004584400000000001
RABOD,100,24,0.0046038
RABOD,100,25,0.0045485000000000005
RABOD,100,26,0.0045923000000000005
RABOD,100,27,0.0045969
RABOD,100,28,0.00461
RABOD,100,29,0.0045861
RABOD,100,30,0.0045796000000000005
RABOD,100,31,0.0045945000000000005
RABOD,100,32,0.004578700000000001
RABOD,100,33,0.0045947
RABOD,100,34,0.0045927
RABOD,100,35,0.0045702
RABOD,100,36,0.0045617
RABOD,100,37,0.0045794
RABOD,100,38,0.0045494
RABOD,100,39,0.004561
RABOD,100,40,0.0045927
RABOD,100,41,0.0045780000000000005
RABOD,100,42,0.0045328
RABOD,100,43,0.004566300000000001
RABOD,100,44,0.0045531
RABOD,100,45,0.0045924
RABOD,100,46,0.0045649
RABOD,100,47,0.0045626
RABOD,100,48,0.0045443
RABOD,100,49,0.0045687
RABOD,100,50,0.0045542000000000004
RABOD,100,51,0.0045484
RABOD,100,52,0.0045542000000000004
RABOD,100,53,0.0045778
RABOD,100,54,0.004584400000000001
RABOD,100,55,0.0045743
RABOD,100,56,0.0046035
RABOD,100,57,0.0045617
RABOD,100,58,0.0045615000000000005
RABOD,100,59,0.0045779
RABOD,100,60,0.0045967000000000004
RABOD,100,61,0.0045985
RABOD,100,62,0.0045633
RABOD,100,63,0.004571100000000001
RABOD,100,64,0.004565700000000001
RABOD,100,65,0.0045903
RABOD,100,66,0.0045909
RABOD,100,67,0.0045819
RABOD,100,68,0.004608500000000001
RABOD,100,69,0.0045479000000000006
RABOD,100,70,0.0045302
RABOD,100,71,0.0045547
RABOD,100,72,0.004651300000000001
RABOD,100,73,0.004574
RABOD,100,74,0.0045612000000000005
RABOD,100,75,0.0046041
RABOD,100,76,0.0045719
RABOD,100,77,0.0045912
RABOD,100,78,0.0045805
RABOD,100,79,0.0046125
RABOD,100,80,0.0045896
RABOD,100,81,0.0045649
RABOD,100,82,0.0045815000000000005
RABOD,100,83,0.0045772
RABOD,100,84,0.0045722
RABOD,100,85,0.0045613
RABOD,100,86,0.0045703
RABOD,100,87,0.0045647000000000005
RABOD,100,88,0.0046183000000000005
RABOD,100,89,0.004615500000000001
RABOD,100,90,0.004598700000000001
RABOD,100,91,0.0045614
RABOD,100,92,0.0045551
RABOD,100,93,0.0046152
RABOD,100,94,0.0045931
RABOD,100,95,0.0046131
RABOD,100,96,0.0046068
RABOD,100,97,0.0045528
RABOD,100,98,0.0045513
RABOD,100,99,0.0045706
RABOD,100,100,0.0046001
RABOD,100,101,0.0045769
RABOD,100,102,0.0045536000000000005
RABOD,100,103,0.004579000000000001
RABOD,100,104,0.0045579
RABOD,100,105,0.0045753
RABOD,100,106,0.0046370000000000005
RABOD,100,107,0.0045789
RABOD,100,108,0.004586600000000001
RABOD,100,109,0.0045761000000000005
Full IRPP,100,0,0.0047448
Full IRPP,100,1,0.004701100000000001
Full IRPP,100,2,0.0047404000000000005
Full IRPP,100,3,0.0047112000000000005
Full IRPP,100,4,0.0047393
Full IRPP,100,5,0.0047454
Full IRPP,100,6,0.00474
Full IRPP,100,7,0.0047318
Full IRPP,100,8,0.004717000000000001
Full IRPP,100,9,0.0047264
Full IRPP,100,10,0.0047572000000000005
Full IRPP,100,11,0.0047107
Full IRPP,100,12,0.004720800000000001
Full IRPP,100,13,0.0047359
Full IRPP,100,14,0.0047089
Full IRPP,100,15,0.004724300000000001
Full IRPP,100,16,0.0047156
Full IRPP,100,17,0.004732500000000001
Full IRPP,100,18,0.0046961
Full IRPP,100,19,0.0047302
Full IRPP,100,20,0.0047793
Full IRPP,100,21,0.0047125000000000005
Full IRPP,100,22,0.0047631
Full IRPP,100,23,0.0047150000000000004
Full IRPP,100,24,0.0047267
Full IRPP,100,25,0.004779
Full IRPP,100,26,0.0047399
Full IRPP,100,27,0.0047442000000000005
Full IRPP,100,28,0.0047351
Full IRPP,100,29,0.0047508
Full IRPP,100,30,0.0047372000000000004
Full IRPP,100,31,0.0047283
Full IRPP,100,32,0.004743600000000001
Full IRPP,100,33,0.0047082
Full IRPP,100,34,0.0047196
Full IRPP,100,35,0.004706200000000001
Full IRPP,100,36,0.0047294
Full IRPP,100,37,0.0047231
Full IRPP,100,38,0.004739
Full IRPP,100,39,0.0047201000000000005
Full IRPP,100,40,0.0047314
Full IRPP,100,41,0.004732200000000001
Full IRPP,100,42,0.0047442000000000005
Full IRPP,100,43,0.0047159
Full IRPP,100,44,0.0047646
Full IRPP,100,45,0.004730000000000001
Full IRPP,100,46,0.004734100000000001
Full IRPP,100,47,0.004732200000000001
Full IRPP,100,48,0.004715100000000001
Full IRPP,100,49,0.004719
Full IRPP,100,50,0.0047588000000000005
Full IRPP,100,51,0.0047298
Full IRPP,100,52,0.004741
Full IRPP,100,53,0.0047316
Full IRPP,100,54,0.0047498
Full IRPP,100,55,0.0047457
Full IRPP,100,56,0.0047625
Full IRPP,100,57,0.0047647
Full IRPP,100,58,0.0047913
Full IRPP,100,59,0.0048048000000000006
Full IRPP,100,60,0.0048086000000000005
Full IRPP,100,61,0.0047481
Full IRPP,100,62,0.0047199
Full IRPP,100,63,0.0047602
Full IRPP,100,64,0.0047389
Full IRPP,100,65,0.0047083
Full IRPP,100,66,0.0047609
Full IRPP,100,67,0.0047401000000000006
Full IRPP,100,68,0.0047115
Full IRPP,100,69,0.0047701
Full IRPP,100,70,0.0047610000000000005
Full IRPP,100,71,0.0047109000000000005
Full IRPP,100,72,0.0047478
Full IRPP,100,73,0.004830200000000001
Full IRPP,100,74,0.0047664000000000005
Full IRPP,100,75,0.0047477000000000005
Full IRPP,100,76,0.0047752
Full IRPP,100,77,0.0047537000000000005
Full IRPP,100,78,0.0047372000000000004
Full IRPP,100,79,0.0047892
Full IRPP,100,80,0.004787100000000001
Full IRPP,100,81,0.0047496000000000005
Full IRPP,100,82,0.0047535
Full IRPP,100,83,0.0047806
Full IRPP,100,84,0.004759800000000001
Full IRPP,100,85,0.0047477000000000005
Full IRPP,100,86,0.0047654
Full IRPP,100,87,0.0047615
Full IRPP,100,88,0.004762000000000001
Full IRPP,100,89,0.0047559
Full IRPP,100,90,0.0047699000000000005
Full IRPP,100,91,0.0047984
Full IRPP,100,92,0.0047703
Full IRPP,100,93,0.004767100000000001
Full IRPP,100,94,0.0048021
Full IRPP,100,95,0.0048252
Full IRPP,100,96,0.004759500000000001
Full IRPP,100,97,0.0047385000000000005
Full IRPP,100,98,0.004754100000000001
Full IRPP,100,99,0.0047647
Full IRPP,100,100,0.0047480000000000005
Full IRPP,100,101,0.0047497
Full IRPP,100,102,0.0047521
Full IRPP,100,103,0.0047572000000000005
Full IRPP,100,104,0.0047537000000000005
Full IRPP,100,105,0.0047923
Exact ABOD,100,0,0.008500800000000001
Exact ABOD,100,1,0.0085304
Exact ABOD,100,2,0.0085124
Exact ABOD,100,3,0.0085023
Exact ABOD,100,4,0.0085115
Exact ABOD,100,5,0.0084988
Exact ABOD,100,6,0.008489
Exact ABOD,100,7,0.0086367
Exact ABOD,100,8,0.0085172
Exact ABOD,100,9,0.008498700000000001
Exact ABOD,100,10,0.0084896
Exact ABOD,100,11,0.0084971
Exact ABOD,100,12,0.0085161
Exact ABOD,100,13,0.008501
Exact ABOD,100,14,0.0085149
Exact ABOD,100,15,0.008471000000000001
Exact ABOD,100,16,0.0084969
Exact ABOD,100,17,0.0085006
Exact ABOD,100,18,0.0085029
Exact ABOD,100,19,0.0084688
Exact ABOD,100,20,0.0084869
Exact ABOD,100,21,0.0084691
Exact ABOD,100,22,0.008496100000000001
Exact ABOD,100,23,0.0084918
Exact ABOD,100,24,0.0084901
Exact ABOD,100,25,0.0085062
Exact ABOD,100,26,0.008473600000000001
Exact ABOD,100,27,0.0084911
Exact ABOD,100,28,0.0084677
Exact ABOD,100,29,0.008478000000000001
Exact ABOD,100,30,0.0084794
Exact ABOD,100,31,0.0084956
Exact ABOD,100,32,0.008470400000000001
Exact ABOD,100,33,0.0085012
Exact ABOD,100,34,0.008477100000000001
Exact ABOD,100,35,0.0084753
Exact ABOD,100,36,0.008486200000000001
Exact ABOD,100,37,0.008481200000000001
Exact ABOD,100,38,0.008501
Exact ABOD,100,39,0.0084799
Exact ABOD,100,40,0.008489700000000001
Exact ABOD,100,41,0.0084791
Exact ABOD,100,42,0.0085068
Exact ABOD,100,43,0.0084943
Exact ABOD,100,44,0.0084946
Exact ABOD,100,45,0.008488
Exact ABOD,100,46,0.008468400000000001
Exact ABOD,100,47,0.0084737
Exact ABOD,100,48,0.0084851
Exact ABOD,100,49,0.0084604
Exact ABOD,100,50,0.0084991
Exact ABOD,100,51,0.008464300000000001
Exact ABOD,100,52,0.0084606
Exact ABOD,100,53,0.008468100000000001
Exact ABOD,100,54,0.008478600000000001
Exact ABOD,100,55,0.0084661
Exact ABOD,100,56,0.0084752
Exact ABOD,100,57,0.0084632
Exact ABOD,100,58,0.008460200000000001
RABOD,200,0,0.0095113
RABOD,200,1,0.0096098
RABOD,200,2,0.0093522
RABOD,200,3,0.0092967
RABOD,200,4,0.009259700000000001
RABOD,200,5,0.009429700000000001
RABOD,200,6,0.0093266
RABOD,200,7,0.0093062
RABOD,200,8,0.0093532
RABOD,200,9,0.009365100000000001
RABOD,200,10,0.0093521
RABOD,200,11,0.0093349
RABOD,200,12,0.0093684
RABOD,200,13,0.009357200000000001
RABOD,200,14,0.009446300000000001
RABOD,200,15,0.0093355
RABOD,200,16,0.0093478
RABOD,200,17,0.009340000000000001
RABOD,200,18,0.0093237
RABOD,200,19,0.0093787
RABOD,200,20,0.009314900000000001
RABOD,200,21,0.009363900000000001
RABOD,200,22,0.009380900000000001
RABOD,200,23,0.0093269
RABOD,200,24,0.009375300000000001
RABOD,200,25,0.009357500000000001
RABOD,200,26,0.0094628
RABOD,200,27,0.0094154
RABOD,200,28,0.0093789
RABOD,200,29,0.0094126
RABOD,200,30,0.0094188
RABOD,200,31,0.0093763
RABOD,200,32,0.0094128
RABOD,200,33,0.009402500000000001
RABOD,200,34,0.0093963
RABOD,200,35,0.0094178
RABOD,200,36,0.0093553
RABOD,200,37,0.009404000000000001
RABOD,200,38,0.009526
RABOD,200,39,0.009357200000000001
RABOD,200,40,0.009403
RABOD,200,41,0.0094155
RABOD,200,42,0.0093766
RABOD,200,43,0.009413300000000001
RABOD,200,44,0.009352300000000001
RABOD,200,45,0.0093314
RABOD,200,46,0.009341200000000001
RABOD,200,47,0.009349900000000001
RABOD,200,48,0.0093789
RABOD,200,49,0.009423
RABOD,200,50,0.0093644
RABOD,200,51,0.009397
RABOD,200,52,0.009361900000000001
RABOD,200,53,0.0093817
Full IRPP,200,0,0.0096848
Full IRPP,200,1,0.0096054
Full IRPP,200,2,0.0095609
Full IRPP,200,3,0.0094985
Full IRPP,200,4,0.0095773
Full IRPP,200,5,0.0095204
Full IRPP,200,6,0.009544200000000001
Full IRPP,200,7,0.009494
Full IRPP,200,8,0.0099108
Full IRPP,200,9,0.0095478
Full IRPP,200,10,0.009499200000000001
Full IRPP,200,11,0.0095329
Full IRPP,200,12,0.0094832
Full IRPP,200,13,0.0095224
Full IRPP,200,14,0.0095703
Full IRPP,200,15,0.0096767
Full IRPP,200,16,0.009673000000000001
Full IRPP,200,17,0.009573400000000001
Full IRPP,200,18,0.0095379
Full IRPP,200,19,0.009589100000000001
Full IRPP,200,20,0.0095513
Full IRPP,200,21,0.009561
Full IRPP,200,22,0.009608400000000001
Full IRPP,200,23,0.0095727
Full IRPP,200,24,0.009605800000000001
Full IRPP,200,25,0.009562300000000001
Full IRPP,200,26,0.0096386
Full IRPP,200,27,0.009513200000000001
Full IRPP,200,28,0.0095399
Full IRPP,200,29,0.0095187
Full IRPP,200,30,0.0095378
Full IRPP,200,31,0.0095864
Full IRPP,200,32,0.0095724
Full IRPP,200,33,0.0095458
Full IRPP,200,34,0.009556100000000001
Full IRPP,200,35,0.0095403
Full IRPP,200,36,0.0095428
Full IRPP,200,37,0.009537700000000001
Full IRPP,200,38,0.009511400000000001
Full IRPP,200,39,0.0095773
Full IRPP,200,40,0.0095939
Full IRPP,200,41,0.0094979
Full IRPP,200,42,0.0095823
Full IRPP,200,43,0.009628300000000001
Full IRPP,200,44,0.0096573
Full IRPP,200,45,0.0096165
Full IRPP,200,46,0.0095264
Full IRPP,200,47,0.0096445
Full IRPP,200,48,0.009625100000000001
Full IRPP,200,49,0.009593500000000001
Full IRPP,200,50,0.0096221
Full IRPP,200,51,0.0096148
Full IRPP,200,52,0.009597300000000001
Exact ABOD,200,0,0.0500164
Exact ABOD,200,1,0.0500796
Exact ABOD,200,2,0.050138800000000004
Exact ABOD,200,3,0.050057800000000006
Exact ABOD,200,4,0.0500974
Exact ABOD,200,5,0.0501375
Exact ABOD,200,6,0.050193600000000005
Exact ABOD,200,7,0.0502184
Exact ABOD,200,8,0.0501566
Exact ABOD,200,9,0.0501993
Exact ABOD,200,10,0.0501122
Exact ABOD,200,11,0.0501008
Exact ABOD,200,12,0.0500374
Exact ABOD,200,13,0.050137400000000006
Exact ABOD,200,14,0.050073700000000006
Exact ABOD,200,15,0.0499947
Exact ABOD,200,16,0.050102200000000006
Exact ABOD,200,17,0.0501146
Exact ABOD,200,18,0.050192
Exact ABOD,200,19,0.0501129
Exact ABOD,200,20,0.0501469
Exact ABOD,200,21,0.0501822
Exact ABOD,200,22,0.0501877
Exact ABOD,200,23,0.0501915
Exact ABOD,200,24,0.050178900000000005
Exact ABOD,200,25,0.050253400000000004
Exact ABOD,200,26,0.050244500000000004
Exact ABOD,200,27,0.0502721
Exact ABOD,200,28,0.050255900000000006
Exact ABOD,200,29,0.050346800000000004
RABOD,400,0,0.0198999
RABOD,400,1,0.0199353
RABOD,400,2,0.019946600000000002
RABOD,400,3,0.0199309
RABOD,400,4,0.019958
RABOD,400,5,0.019931900000000002
RABOD,400,6,0.020021900000000002
RABOD,400,7,0.0201524
RABOD,400,8,0.0199572
RABOD,400,9,0.0198941
RABOD,400,10,0.0198984
RABOD,400,11,0.0200717
RABOD,400,12,0.020082100000000002
RABOD,400,13,0.020026000000000002
RABOD,400,14,0.0200069
RABOD,400,15,0.020070400000000002
RABOD,400,16,0.020129400000000002
RABOD,400,17,0.020354800000000003
RABOD,400,18,0.020066300000000002
RABOD,400,19,0.0200694
RABOD,400,20,0.0200092
RABOD,400,21,0.020240300000000003
RABOD,400,22,0.0202087
RABOD,400,23,0.020061000000000002
RABOD,400,24,0.0200334
RABOD,400,25,0.0200892
RABOD,400,26,0.0200548
RABOD,400,27,0.0200185
RABOD,400,28,0.0200597
RABOD,400,29,0.0201073
Full IRPP,400,0,0.0202499
Full IRPP,400,1,0.020236300000000002
Full IRPP,400,2,0.020207000000000003
Full IRPP,400,3,0.0201599
Full IRPP,400,4,0.020315700000000003
Full IRPP,400,5,0.0203144
Full IRPP,400,6,0.0202554
Full IRPP,400,7,0.020349000000000003
Full IRPP,400,8,0.0202692
Full IRPP,400,9,0.0202575
Full IRPP,400,10,0.0202113
Full IRPP,400,11,0.020329200000000002
Full IRPP,400,12,0.020246
Full IRPP,400,13,0.0202185
Full IRPP,400,14,0.020213000000000002
Full IRPP,400,15,0.0202312
Full IRPP,400,16,0.020219300000000003
Full IRPP,400,17,0.0201835
Full IRPP,400,18,0.0202178
Full IRPP,400,19,0.020197700000000002
Full IRPP,400,20,0.0202155
Full IRPP,400,21,0.020332700000000002
Full IRPP,400,22,0.0201951
Full IRPP,400,23,0.0201724
Full IRPP,400,24,0.020243300000000002
Full IRPP,400,25,0.0202219
Full IRPP,400,26,0.0202261
Full IRPP,400,27,0.020244500000000002
Full IRPP,400,28,0.020179100000000002
Full IRPP,400,29,0.0202226
Exact ABOD,400,0,0.9596978
Exact ABOD,400,1,0.9562892000000001
Exact ABOD,400,2,0.9567473000000001
Exact ABOD,400,3,0.9597102000000001
Exact ABOD,400,4,0.9523220000000001
Exact ABOD,400,5,0.9588461
Exact ABOD,400,6,0.9486110000000001
Exact ABOD,400,7,0.9430970000000001
Exact ABOD,400,8,0.9611356000000001
Exact ABOD,400,9,0.9802398000000001
Exact ABOD,400,10,0.9463206000000001
Exact ABOD,400,11,0.9431143000000001
Exact ABOD,400,12,0.9578444
Exact ABOD,400,13,0.9495614000000001
Exact ABOD,400,14,0.9395503000000001
Exact ABOD,400,15,0.9494950000000001
Exact ABOD,400,16,0.9401577000000001
Exact ABOD,400,17,0.9677401000000001
Exact ABOD,400,18,0.9498282
Exact ABOD,400,19,0.9524507000000001
Exact ABOD,400,20,0.9535203000000001
Exact ABOD,400,21,0.9506249000000001
Exact ABOD,400,22,0.9513574
Exact ABOD,400,23,0.9604437
Exact ABOD,400,24,0.9426723
Exact ABOD,400,25,0.9494991
Exact ABOD,400,26,0.9539084000000001
Exact ABOD,400,27,0.9500269
Exact ABOD,400,28,0.9419304000000001
Exact ABOD,400,29,0.9461606
RABOD,800,0,0.042390000000000004
RABOD,800,1,0.0423312
RABOD,800,2,0.040109700000000005
RABOD,800,3,0.0398622
RABOD,800,4,0.039976500000000005
RABOD,800,5,0.0398694
RABOD,800,6,0.0399413
RABOD,800,7,0.039999200000000006
RABOD,800,8,0.0400888
RABOD,800,9,0.0399624
RABOD,800,10,0.0401255
RABOD,800,11,0.040016100000000006
RABOD,800,12,0.039901200000000005
RABOD,800,13,0.0401284
RABOD,800,14,0.0399891
RABOD,800,15,0.0400577
RABOD,800,16,0.0401062
RABOD,800,17,0.039997000000000005
RABOD,800,18,0.0399433
RABOD,800,19,0.040102000000000006
RABOD,800,20,0.0400475
RABOD,800,21,0.0399927
RABOD,800,22,0.0401182
RABOD,800,23,0.0400722
RABOD,800,24,0.0400528
RABOD,800,25,0.0399993
RABOD,800,26,0.040139400000000006
RABOD,800,27,0.040136200000000004
RABOD,800,28,0.0401661
RABOD,800,29,0.0401354
Full IRPP,800,0,0.0406238
Full IRPP,800,1,0.0404448
Full IRPP,800,2,0.0405382
Full IRPP,800,3,0.040753700000000004
Full IRPP,800,4,0.040487100000000005
Full IRPP,800,5,0.0404363
Full IRPP,800,6,0.040412300000000005
Full IRPP,800,7,0.0403876
Full IRPP,800,8,0.0405432
Full IRPP,800,9,0.0405191
Full IRPP,800,10,0.040512
Full IRPP,800,11,0.040589200000000006
Full IRPP,800,12,0.040607700000000004
Full IRPP,800,13,0.0405958
Full IRPP,800,14,0.0407172
Full IRPP,800,15,0.040678700000000005
Full IRPP,800,16,0.040681300000000004
Full IRPP,800,17,0.040494800000000004
Full IRPP,800,18,0.0406259
Full IRPP,800,19,0.040437
Full IRPP,800,20,0.040692000000000006
Full IRPP,800,21,0.040533400000000004
Full IRPP,800,22,0.040418100000000005
Full IRPP,800,23,0.040447500000000004
Full IRPP,800,24,0.040528
Full IRPP,800,25,0.0404343
Full IRPP,800,26,0.04034
Full IRPP,800,27,0.040403400000000006
Full IRPP,800,28,0.0404488
Full IRPP,800,29,0.040415900000000005
RABOD,1600,0,0.0813691
RABOD,1600,1,0.0816641
RABOD,1600,2,0.0812827
RABOD,1600,3,0.0817423
RABOD,1600,4,0.0815925
RABOD,1600,5,0.08603330000000001
RABOD,1600,6,0.0856245
RABOD,1600,7,0.08552850000000001
RABOD,1600,8,0.08213150000000001
RABOD,1600,9,0.0811423
RABOD,1600,10,0.08085780000000001
RABOD,1600,11,0.0845408
RABOD,1600,12,0.0832668
RABOD,1600,13,0.08404210000000001
RABOD,1600,14,0.0857349
RABOD,1600,15,0.0845998
RABOD,1600,16,0.08101370000000001
RABOD,1600,17,0.08053640000000001
RABOD,1600,18,0.0864879
RABOD,1600,19,0.080879
RABOD,1600,20,0.0811058
RABOD,1600,21,0.0807296
RABOD,1600,22,0.0816833
RABOD,1600,23,0.08060880000000001
RABOD,1600,24,0.08148190000000001
RABOD,1600,25,0.081101
RABOD,1600,26,0.08113980000000001
RABOD,1600,27,0.0873719
RABOD,1600,28,0.0851804
RABOD,1600,29,0.08571820000000001
Full IRPP,1600,0,0.0809987
Full IRPP,1600,1,0.0812861
Full IRPP,1600,2,0.0813759
Full IRPP,1600,3,0.0864844
Full IRPP,1600,4,0.08658600000000001
Full IRPP,1600,5,0.0863185
Full IRPP,1600,6,0.08664060000000001
Full IRPP,1600,7,0.0810252
Full IRPP,1600,8,0.0808266
Full IRPP,1600,9,0.08557680000000001
Full IRPP,1600,10,0.08560390000000001
Full IRPP,1600,11,0.0850671
Full IRPP,1600,12,0.08669
Full IRPP,1600,13,0.08589770000000001
Full IRPP,1600,14,0.085911
Full IRPP,1600,15,0.08624420000000001
Full IRPP,1600,16,0.08554690000000001
Full IRPP,1600,17,0.0857668
Full IRPP,1600,18,0.08175070000000001
Full IRPP,1600,19,0.0819637
Full IRPP,1600,20,0.0808682
Full IRPP,1600,21,0.0809386
Full IRPP,1600,22,0.0811133
Full IRPP,1600,23,0.0860549
Full IRPP,1600,24,0.08519180000000001
Full IRPP,1600,25,0.0848424
Full IRPP,1600,26,0.0866712
Full IRPP,1600,27,0.0847944
Full IRPP,1600,28,0.08387860000000001
Full IRPP,1600,29,0.08374680000000001
RABOD,3200,0,0.165251
RABOD,3200,1,0.16539140000000002
RABOD,3200,2,0.16582380000000002
RABOD,3200,3,0.1654514
RABOD,3200,4,0.1658696
RABOD,3200,5,0.16820800000000002
RABOD,3200,6,0.1652654
RABOD,3200,7,0.1747445
RABOD,3200,8,0.16444440000000002
RABOD,3200,9,0.16226700000000002
RABOD,3200,10,0.1621633
RABOD,3200,11,0.1724618
RABOD,3200,12,0.17218160000000002
RABOD,3200,13,0.1679484
RABOD,3200,14,0.1622286
RABOD,3200,15,0.1632015
RABOD,3200,16,0.16251110000000002
RABOD,3200,17,0.1619872
RABOD,3200,18,0.16236240000000002
RABOD,3200,19,0.1729806
RABOD,3200,20,0.1616399
RABOD,3200,21,0.16237110000000002
RABOD,3200,22,0.1617636
RABOD,3200,23,0.161726
RABOD,3200,24,0.1621369
RABOD,3200,25,0.1622289
RABOD,3200,26,0.161915
RABOD,3200,27,0.1623675
RABOD,3200,28,0.1628993
RABOD,3200,29,0.16269820000000002
Full IRPP,3200,0,0.1640724
Full IRPP,3200,1,0.16330080000000002
Full IRPP,3200,2,0.163547
Full IRPP,3200,3,0.1638986
Full IRPP,3200,4,0.1635742
Full IRPP,3200,5,0.16316180000000002
Full IRPP,3200,6,0.1633917
Full IRPP,3200,7,0.16316370000000002
Full IRPP,3200,8,0.1632231
Full IRPP,3200,9,0.171716
Full IRPP,3200,10,0.17153870000000002
Full IRPP,3200,11,0.1653068
Full IRPP,3200,12,0.16409690000000002
Full IRPP,3200,13,0.1632326
Full IRPP,3200,14,0.16296460000000002
Full IRPP,3200,15,0.16342040000000002
Full IRPP,3200,16,0.16368470000000002
Full IRPP,3200,17,0.1629428
Full IRPP,3200,18,0.16360000000000002
Full IRPP,3200,19,0.1632395
Full IRPP,3200,20,0.1631437
Full IRPP,3200,21,0.1631736
Full IRPP,3200,22,0.1717689
Full IRPP,3200,23,0.1737524
Full IRPP,3200,24,0.16375710000000002
Full IRPP,3200,25,0.1637373
Full IRPP,3200,26,0.17412350000000001
Full IRPP,3200,27,0.1638735
Full IRPP,3200,28,0.16450420000000002
Full IRPP,3200,29,0.16336320000000001
RABOD,6400,0,0.33306
RABOD,6400,1,0.33281510000000003
RABOD,6400,2,0.3327432
RABOD,6400,3,0.3336644
RABOD,6400,4,0.33396820000000005
RABOD,6400,5,0.34255810000000003
RABOD,6400,6,0.3355115
RABOD,6400,7,0.3336988
RABOD,6400,8,0.33246200000000004
RABOD,6400,9,0.3361943
RABOD,6400,10,0.33211070000000004
RABOD,6400,11,0.3333261
RABOD,6400,12,0.33187500000000003
RABOD,6400,13,0.33218410000000004
RABOD,6400,14,0.33175330000000003
RABOD,6400,15,0.3343668
RABOD,6400,16,0.3344382
RABOD,6400,17,0.3338204
RABOD,6400,18,0.33509730000000004
RABOD,6400,19,0.3331787
RABOD,6400,20,0.33323990000000003
RABOD,6400,21,0.33348340000000004
RABOD,6400,22,0.3508486
RABOD,6400,23,0.3533452
RABOD,6400,24,0.35401520000000003
RABOD,6400,25,0.3405888
RABOD,6400,26,0.3420575
RABOD,6400,27,0.33558340000000003
RABOD,6400,28,0.3569252
RABOD,6400,29,0.36289540000000003
Full IRPP,6400,0,0.33436350000000004
Full IRPP,6400,1,0.3332279
Full IRPP,6400,2,0.35386910000000005
Full IRPP,6400,3,0.35217930000000003
Full IRPP,6400,4,0.35613740000000005
Full IRPP,6400,5,0.35346740000000004
Full IRPP,6400,6,0.3438851
Full IRPP,6400,7,0.33587890000000004
Full IRPP,6400,8,0.3349492
Full IRPP,6400,9,0.3539607
Full IRPP,6400,10,0.35263720000000004
Full IRPP,6400,11,0.3370942
Full IRPP,6400,12,0.3532062
Full IRPP,6400,13,0.348455
Full IRPP,6400,14,0.3353048
Full IRPP,6400,15,0.33519010000000005
Full IRPP,6400,16,0.33453550000000004
Full IRPP,6400,17,0.3356566
Full IRPP,6400,18,0.3354412
Full IRPP,6400,19,0.33449320000000005
Full IRPP,6400,20,0.3355358
Full IRPP,6400,21,0.33444060000000003
Full IRPP,6400,22,0.3337752
Full IRPP,6400,23,0.3359277
Full IRPP,6400,24,0.334299
Full IRPP,6400,25,0.33589630000000004
Full IRPP,6400,26,0.3384787
Full IRPP,6400,27,0.336324
Full IRPP,6400,28,0.3360957
Full IRPP,6400,29,0.33492760000000005
RABOD,10000,0,0.5354407
RABOD,10000,1,0.5372255
RABOD,10000,2,0.5545623000000001
RABOD,10000,3,0.5371857
RABOD,10000,4,0.5444317000000001
RABOD,10000,5,0.5363371
RABOD,10000,6,0.5368479
RABOD,10000,7,0.5371503000000001
RABOD,10000,8,0.5376207000000001
RABOD,10000,9,0.5377318
RABOD,10000,10,0.5364178000000001
RABOD,10000,11,0.5362323
RABOD,10000,12,0.566507
RABOD,10000,13,0.5550497
RABOD,10000,14,0.5443969000000001
RABOD,10000,15,0.5460371
RABOD,10000,16,0.54615
RABOD,10000,17,0.5425644000000001
RABOD,10000,18,0.5427082000000001
RABOD,10000,19,0.5430232
RABOD,10000,20,0.5417432
RABOD,10000,21,0.5411464
RABOD,10000,22,0.5425754
RABOD,10000,23,0.5729109
RABOD,10000,24,0.5499393
RABOD,10000,25,0.5594633
RABOD,10000,26,0.5549887
RABOD,10000,27,0.5456415
RABOD,10000,28,0.5657257
RABOD,10000,29,0.5592506
Full IRPP,10000,0,0.5474659000000001
Full IRPP,10000,1,0.5506117
Full IRPP,10000,2,0.5545722000000001
Full IRPP,10000,3,0.5492004
Full IRPP,10000,4,0.5494121000000001
Full IRPP,10000,5,0.5477284
Full IRPP,10000,6,0.5437767
Full IRPP,10000,7,0.5442485
Full IRPP,10000,8,0.5457271
Full IRPP,10000,9,0.5464399000000001
Full IRPP,10000,10,0.5467638
Full IRPP,10000,11,0.5452768
Full IRPP,10000,12,0.5455095
Full IRPP,10000,13,0.5477696000000001
Full IRPP,10000,14,0.5623704
Full IRPP,10000,15,0.5667624
Full IRPP,10000,16,0.5537322
Full IRPP,10000,17,0.5688498000000001
Full IRPP,10000,18,0.5643918
Full IRPP,10000,19,0.5646321000000001
Full IRPP,10000,20,0.5647278
Full IRPP,10000,21,0.5637008
Full IRPP,10000,22,0.5631725000000001
Full IRPP,10000,23,0.5643289
Full IRPP,10000,24,0.5506071
Full IRPP,10000,25,0.5500417000000001
Full IRPP,10000,26,0.5484855000000001
Full IRPP,10000,27,0.5494922
Full IRPP,10000,28,0.5465198
Full IRPP,10000,29,0.5455352
