protocol,n,run,audit_mode,phase,tx_index,latency_ms,ledger_bytes,gas_used,block_number,status,tx_hash
IRPP-TD,0,0,setup,register_auditor,0,493.305326,56,9842,3184,0,0xf11e0138307eab577df19d443ce61c766510fec4487aee6c74ce67d23fdcb697
IRPP-TD,0,0,setup,register_auditor,1,622.884344,56,9842,3185,0,0x190dd570e995753c70603f76e6f73b3de70ebc1114e93897426314cc40341a52
IRPP-TD,0,0,setup,register_auditor,2,367.639308,56,9842,3186,0,0x6ab440d3273165d2f1235b86b5c37d6da3aeb9e41f31773b907837dc287c2caf
IRPP-TD,0,0,setup,register_auditor,3,500.170954,56,9842,3187,0,0x23774441f0c7d266f990617c8f4ece963172c0c2d8f612fb20cd915e8135e59f
IRPP-TD,0,0,setup,register_auditor,4,502.118317,56,9842,3188,0,0x6dbcb033cce01cfdefc69906de9606dd2814d47c9f52713656f79b9be837d24b
BSIF,0,0,setup,register_worker,0,502.477486,88,7485,3207,0,0xdd2c6a58898d3e66c07f20e7ad7496284ab286e38f774f4f9dd1db2612b85088
RPPS-TDC,0,0,setup,register_worker,0,500.214961,88,7485,3208,0,0x7f8ea3ea8bc4550272f895610d700379fc93899611940f7459c4a69053bb4e3a
BSIF,0,0,setup,register_worker,1,536.774916,88,7485,3209,0,0x144cfbe133e33326d5914c0e16a223c658e29dd4fa8633b06b053b9da09045dd
RPPS-TDC,0,0,setup,register_worker,1,502.351660,88,7485,3210,0,0xcc1fe057472ffe5a9bb5eda77a18f2c3982453d4a3c7fcd96e254df2a8580028
BSIF,0,0,setup,register_worker,2,538.831294,88,7485,3211,0,0x8c16b1ffb0e565640e207fee04c30571349c22df522e6fcb252555d42ddf71f3
RPPS-TDC,0,0,setup,register_worker,2,501.211481,88,7485,3212,0,0xe63c25d7bcb888a69b18b8cd6f226ba8a23230acc1dbb2b7f7938c5e19e408f3
BSIF,0,0,setup,register_worker,3,500.357039,88,7485,3213,0,0xa715fed3c2fedb622817989b16f673f5e00fe7eb4871d8cdebf97cf7c0a9f14e
RPPS-TDC,0,0,setup,register_worker,3,502.499984,88,7485,3214,0,0x17d1500843eaa9341b7786aad44159aa7a54e4e73e4bdd25b91d83395085acee
BSIF,0,0,setup,register_worker,4,501.330171,88,7485,3215,0,0x98e62d95df1e0818be732e5d3774d351b1a865ff03c8b3cd474a2cec7f22bbe8
RPPS-TDC,0,0,setup,register_worker,4,501.809215,88,7485,3216,0,0x1d93daf71e1dacfaa31e081e98eb95fa4ad5bbfe7f86be658a3602071a4911e1
BSIF,0,0,setup,register_worker,5,503.094847,88,7485,3217,0,0x6ed06c89c0e693a01a3af814240669d4e3d7951c3f5d9e55c019aab1f0468528
RPPS-TDC,0,0,setup,register_worker,5,501.737043,88,7485,3218,0,0xdeb11f3ea66c9842f2997cfb7775af797710efc13a2de609a4ff8f739607b8e8
BSIF,0,0,setup,register_worker,6,501.439630,88,7485,3219,0,0x264af208ba810f1c107b83e8a8fc01d5e8798c52405e7b056aa74242f4c74921
RPPS-TDC,0,0,setup,register_worker,6,499.055576,88,7485,3220,0,0x0dd786024337ea4e9db49d336e42af9584ff9815f6ea30ea5c7a225d1145b194
BSIF,0,0,setup,register_worker,7,518.243816,88,7485,3221,0,0x8e5b0c5bfb15e85aa7f10e43b7ca8937c109328249ec1755dccb50a19a6ae511
RPPS-TDC,0,0,setup,register_worker,7,485.525802,88,7485,3222,0,0x1236a7ca013cc9b0caae9534a261f2337f0c95a1a99e31cd1959c750c6c9e5a3
BSIF,0,0,setup,register_worker,8,501.100529,88,7485,3223,0,0x2f2f03c5120ddb67b13ae272ad14e53c19dde679010609d50530e94b3ad342c6
RPPS-TDC,0,0,setup,register_worker,8,502.042032,88,7485,3224,0,0x055ca44fe62128df74dda8a7acf74a15a77fbe45ee703453aeb4621aab1b36bb
BSIF,0,0,setup,register_worker,9,499.740586,88,7485,3225,0,0x79974f0c43a0860be7a5dcd8c71554c683f298769854e5bc91dcf92e4759d705
RPPS-TDC,0,0,setup,register_worker,9,502.867846,88,7485,3226,0,0xbb61f887cef23d9450487b3f05d017b479b3664b465e9b597cd86f4ba6e5e02e
BSIF,0,0,setup,register_worker,10,498.562032,88,7485,3227,0,0x249c30a458bff42bc727f5c6719cdff84d2615b2d2e0b2651a2ef0be0721910c
RPPS-TDC,0,0,setup,register_worker,10,501.859302,88,7485,3228,0,0x809f84c35ac9398f58372d24c3acbdfe590f8da62329ef43f876e9748ebceebf
BSIF,0,0,setup,register_worker,11,499.306689,88,7485,3229,0,0x906b798580b70a671d7589770196789dc055253e96671f4f8a79924a9beb4ab0
RPPS-TDC,0,0,setup,register_worker,11,499.237188,88,7485,3230,0,0xc261d38893f1cec9ec8f5b446808db5dff37b6d7cd6d2bf0271cc2602f0dd834
BSIF,0,0,setup,register_worker,12,652.182023,88,7485,3231,0,0x12fda2c3c5f06f79a6613be0576bb6df6e8f395f3e9232f762a50cf41e55b3fd
RPPS-TDC,0,0,setup,register_worker,12,501.813411,88,7485,3232,0,0x263c3175642246a2ee72dab5bf9b95a99b4270ca5a740cd3e21de44ff052e5d6
BSIF,0,0,setup,register_worker,13,499.036158,88,7485,3233,0,0x050ebf4f387211776526a4aa11bb9f9201801bf3c940a7de6e37994e23ca3861
RPPS-TDC,0,0,setup,register_worker,13,500.972196,88,7485,3234,0,0x16f5ab1dacae63d6350b89512b35a0f0bdf4051458474220ac40e7bf8c64b395
BSIF,0,0,setup,register_worker,14,539.440589,88,7485,3235,0,0x570dfcf706598cbc4fd3a2200d253566b1e047a33d3e5d5527f34cc6f027edd9
RPPS-TDC,0,0,setup,register_worker,14,504.477660,88,7485,3236,0,0xf7c24fbd52c0e50c838446bd53f445bc71eb5b219f5602dcd1e7185bd4f09f3a
BSIF,0,0,setup,register_worker,15,500.520783,88,7485,3237,0,0x4f0ce052126bd0120b4870df352661508bd50b66c917ebb7e9ee5a38f6c8ecac
RPPS-TDC,0,0,setup,register_worker,15,501.409299,88,7485,3238,0,0x51fb842e22092ad6c2fe6679d7ba53aef3c25a1c695cfb87469d59957247837c
BSIF,0,0,setup,register_worker,16,501.474548,88,7485,3239,0,0x735b1ad67b22b5045e345fdfbdb1ae914c648ec01681d433fe2483624b2a6ed6
RPPS-TDC,0,0,setup,register_worker,16,529.976270,88,7485,3240,0,0xf1a181aa0da787a5568f154f0c1aa47d7f398b7edb56846dcadd87b2601f5ca9
BSIF,0,0,setup,register_worker,17,537.574990,88,7485,3241,0,0x38fdce0afa1e09d134102b8b1d408187d1672a52d8b0365325b3ca22f9887bc7
RPPS-TDC,0,0,setup,register_worker,17,466.077413,88,7485,3242,0,0x89a6ea51335d5e31676051f33950c063393f90b924664b17d106cbd8a9b215d2
BSIF,0,0,setup,register_worker,18,503.237676,88,7485,3243,0,0x4bf7e1fe0e1db783a687591637f358a11a0bf8571dd2881072e74f36f5851f24
RPPS-TDC,0,0,setup,register_worker,18,605.108438,88,7485,3244,0,0x5780d8f5325ad246bdcf1cf0e7f888fe7aa3eeea1b2a7b021d7c7da751181394
BSIF,0,0,setup,register_worker,19,501.678063,88,7485,3245,0,0x0484bc0ff95b69859a2cd95568be41e9808125bbd293ba1d920e27a733228a7b
RPPS-TDC,0,0,setup,register_worker,19,536.780398,88,7485,3246,0,0x78741e138926f76acb4c24276af7058919224479de1b5826e06f74213cbc428f
BSIF,0,0,setup,register_worker,20,499.157569,88,7485,3247,0,0x7c353fc990fa56702adcb662df833bcef1ef717eab00443652a01dfe2bf0d6b2
RPPS-TDC,0,0,setup,register_worker,20,512.537502,88,7485,3248,0,0xa202356792854a99157ee96882d2f7d284b867bec412483e633e77137b0244b3
BSIF,0,0,setup,register_worker,21,520.554202,88,7485,3249,0,0x8df2e428c8c5b1d231ab5f5ad2ec9c55c8e123a27fed63b4e199c18c4fddc224
RPPS-TDC,0,0,setup,register_worker,21,500.310910,88,7485,3250,0,0xa884571e122f289c0612c0b8e5d9f419653edab638c08ccb43b5d1e608f97079
BSIF,0,0,setup,register_worker,22,501.097175,88,7485,3251,0,0xb3892dc40892bf3c964429ad4cf667916b1a2b69b4ed1c6c0f581ca561d18da8
RPPS-TDC,0,0,setup,register_worker,22,585.855754,88,7485,3252,0,0x60d8c82d4a0fe6b2dca2761efd7ba57133a16dc6d9fa710d4775d92d5b29e2ef
BSIF,0,0,setup,register_worker,23,500.826419,88,7485,3253,0,0x4993f8273c46d6a814583472a46ba2885eb23d340859f350442a46090771abed
RPPS-TDC,0,0,setup,register_worker,23,502.161676,88,7485,3254,0,0xc9a4ec48dbf0ed8614236054c6b8e4bf72c5eadf840f6d0ebb46248ab4237f2f
BSIF,0,0,setup,register_worker,24,502.214638,88,7485,3255,0,0xf28b9119ddebcd169604d545afb2a1bd5100e464fc4485cb6a666ffabffb11cd
RPPS-TDC,0,0,setup,register_worker,24,506.783847,88,7485,3256,0,0x2e9644a4a3a18ccbc135f95e772a440fdeaaa4366f27706c1531cb2980ad0190
BSIF,0,0,setup,register_worker,25,503.275608,88,7485,3257,0,0x06a2fadbb4a3c6b171b8d2d2250e80d55a83bac1dea451ea984ff8b93a1a876d
RPPS-TDC,0,0,setup,register_worker,25,588.891447,88,7485,3258,0,0x6c07c998365bb1083051f4ac2e9ba395db6f6c8e997c7905f2a48f348484d814
BSIF,0,0,setup,register_worker,26,501.593954,88,7485,3259,0,0x96e9ed5ada25ad692768115c05c8ddc7af9cb31bf9d051157bf6025677c734de
RPPS-TDC,0,0,setup,register_worker,26,500.725273,88,7485,3260,0,0xad52e91f69056b45a2cdd5eccb846c43e17e093ab408af61f76fba7745ed3cec
IRPP-TD,27,0,normal,publish,0,526.259646,289,16552,3261,0,0xc6f7b3b32eca77a809bc9d9951b78f21b1bc30ac40b1f4e0ddcf6a3b3866e525
IRPP-TD,27,0,normal,credential_refresh,1,483.328342,289,28406,3262,0,0x5de8ec535e4092165039e78cbd621441880fae8f5c2f2fbd1bddad02224feb72
IRPP-TD,27,0,normal,credential_refresh,2,501.473503,289,28406,3263,0,0xfa780828a6037484837413c2f2dbc19646fbb0438bd9129d8b43fc78f33ad137
IRPP-TD,27,0,normal,credential_refresh,3,590.232427,289,28406,3264,0,0x5f6cb6013176be8dd1eeb5519f93d7670d245bd28d1c07778ad7a59cd5666526
IRPP-TD,27,0,normal,credential_refresh,4,500.344348,289,28406,3265,0,0x4e3237930a63f0929599ed81bf18e80e4f7752e822ee7ac041ea24b71675a8b7
IRPP-TD,27,0,normal,credential_refresh,5,544.819621,289,28406,3266,0,0xf7dbf6d21f1e6ce2894ecc67d051d7ed74bb5cd3faad501707ee6ffdf6267f64
IRPP-TD,27,0,normal,credential_refresh,6,502.846062,289,28406,3267,0,0xbb5f96c8cca600c77c792ab15489aabf5251e4925427d7d3349bb72607ecf622
IRPP-TD,27,0,normal,credential_refresh,7,504.141970,289,28406,3268,0,0x67458a60e4e5f882dce3acb5fb3f2a04e905f273f010a94428c5974087732694
IRPP-TD,27,0,normal,credential_refresh,8,500.643848,289,28406,3269,0,0xd330b73b42f55e13f0f17dda1d26d0e6753e400912c22f4352ba85df9a16bd70
IRPP-TD,27,0,normal,credential_refresh,9,503.412721,289,28406,3270,0,0x3cde39af169af7a8d7b34a71b24e18fb33bbde2799d8bfcfce686e0cdbbf204e
IRPP-TD,27,0,normal,credential_refresh,10,534.246906,289,28406,3271,0,0x688fdc3a46d6ebb280876fb4b275d634ea370888edc0829a2c49cded74c441c9
IRPP-TD,27,0,normal,credential_refresh,11,465.755453,289,28406,3272,0,0x8f1d3ef0d569b8557358a0b99cdb3157ae52997544c62b9a08be57af83682c6d
IRPP-TD,27,0,normal,credential_refresh,12,502.261113,289,28406,3273,0,0x4c09374b294b1a143f88a5b27ee6151716ead33570a51abedf9535b5bb9058d2
IRPP-TD,27,0,normal,credential_refresh,13,501.098566,289,28406,3274,0,0x2bda8b607f54ce15f150fc8e0fadf0176e8aa019c46c768d9b2ccbecffd0b6de
IRPP-TD,27,0,normal,credential_refresh,14,500.755762,289,28406,3275,0,0xa8603a6ac683e43836dc6c2a70979e6c6dcbe8853ef1a9f82ef91c39af3b4fed
IRPP-TD,27,0,normal,credential_refresh,15,501.851621,289,28406,3276,0,0x4a016ec2ad18963e3d7c1422d88d5bda14608a4cc732976b26faa5cc18c03a23
IRPP-TD,27,0,normal,credential_refresh,16,501.023883,289,28406,3277,0,0x9d58dfe8c365e00b890865e27b9165290b5afdc5cd102b9af9a3ce2c075638a8
IRPP-TD,27,0,normal,credential_refresh,17,501.498854,289,28406,3278,0,0x25ce0272c69fe8cebb5e0fb7715ffd3f93548ed12a53324d5695279e6b4f1995
IRPP-TD,27,0,normal,credential_refresh,18,504.372813,289,28406,3279,0,0xdad23a16c90c45914a924f0739d0d44d368a8b503b3ec5a0f4d4c310541aa681
IRPP-TD,27,0,normal,credential_refresh,19,503.196680,289,28406,3280,0,0xf3e990e198fc49ef5feae3d96871a4dcb1bfb0f17710bb9e9848aadd69fce1b2
IRPP-TD,27,0,normal,credential_refresh,20,537.246547,289,28406,3281,0,0x0189427e934cbd6495b4dddb872ace8b0943b08d586dfacd4a3fafb6987b61a8
IRPP-TD,27,0,normal,credential_refresh,21,464.544839,289,28406,3282,0,0x1f3a31035f9f4602154198b5282e08f2cd542180f62849fc0af91d06d9f908ba
IRPP-TD,27,0,normal,credential_refresh,22,501.729072,289,28406,3283,0,0x00d2a9241483a65dbaaa6b01494c845e975aabfd4945347dd39df59590039857
IRPP-TD,27,0,normal,credential_refresh,23,499.166892,289,28406,3284,0,0x3654a55a5be8a20fd02fce58d538f4bbf52053c3878f085d6985f853dc0f0074
IRPP-TD,27,0,normal,credential_refresh,24,504.127233,289,28406,3285,0,0x0063d32936aaa7171d7f68743642cb4aae41017a19b441a1a12ae6b9e070d569
IRPP-TD,27,0,normal,credential_refresh,25,501.264976,289,28406,3286,0,0x122e15940a2e913eb1ff0314b4da1b214b881ec531e5a4cc55623abcbc23b6d3
IRPP-TD,27,0,normal,credential_refresh,26,502.336722,289,28406,3287,0,0x885c8a259e5563dbaf56d4f9776538bb02cebd8d803aa12faedbab4aa5963423
IRPP-TD,27,0,normal,credential_refresh,27,499.267026,289,28406,3288,0,0x4aa398cf304bad9e74a70456175b4df4590afd627fb438eb25c2e42be68bb782
IRPP-TD,27,0,normal,input_close,28,501.138253,289,18647,3289,0,0xa8e88b139fe3ff78e2a13d42dda50ade3406afbb7733839a26a8421963b294e0
IRPP-TD,27,0,normal,output_commit,29,503.687220,353,26871,3290,0,0xa6ddb63c3b01b281e527c4d1aebc2c8bf6e59cef1b3703137061f918dd86624c
IRPP-TD,27,0,normal,settle,30,570.347089,225,17763,3291,0,0x9b77d7f0785516bafb7c8b0ec69e1e5df275c4762c920ae6d3c5d89616b6222c
BSIF,27,0,normal,publish,0,493.929769,609,76767,3292,0,0xeea7c885ebd214834e0629aa49b6f7d2ae71722ca09381fef9c4c7d437704615
BSIF,27,0,normal,encrypted_upload,1,501.946577,7651,1185200,3293,0,0x071d7ee2db32454ea164be0b8f6564ba990f159a91a39d65f41e5a47fa3af255
BSIF,27,0,normal,encrypted_upload,2,502.965977,7651,1185200,3294,0,0x5a9eec9d2d8285873ba7f5fc6acef3789946f49342ced1c1054d91ddd6e5dc52
BSIF,27,0,normal,encrypted_upload,3,500.527556,7651,1185200,3295,0,0xd50382be500cc8e4062ff07f5462508b7d0d96f89b5230662af7b4167c5a00b4
BSIF,27,0,normal,encrypted_upload,4,501.326580,7651,1185200,3296,0,0x0cdcf8a6bf293f5c21a818e89bf2d4fba0e76a4603e7632a45509196c8183ff0
BSIF,27,0,normal,encrypted_upload,5,500.592163,7651,1185200,3297,0,0x3ae283c07668201af9316d5a452120017e276f561979919d68ff19340574dd96
BSIF,27,0,normal,encrypted_upload,6,503.994710,7651,1185200,3298,0,0xd61bf78ccf3ec83e0058b6c8546b248ea836160521cfe91214d99d8afc53f1bd
BSIF,27,0,normal,encrypted_upload,7,499.928730,7651,1185200,3299,0,0xce6ad3afe2633dbb0786bb6f8acff852c607c39942a4d97026a1c858a1dec4ed
BSIF,27,0,normal,encrypted_upload,8,500.852311,7651,1185200,3300,0,0x8b9099e416c90fa0c64a7f2694b496b39b6f548f3b5ad88154900ead922cf146
BSIF,27,0,normal,encrypted_upload,9,503.035903,7651,1185200,3301,0,0xdfe9e43f894109fc05c52753cee12ff988071aa9bf8836349bb9fd0fe8583a4f
BSIF,27,0,normal,encrypted_upload,10,500.929975,7651,1185200,3302,0,0x7d7009d5af5efeca1f47ca476955e13bea41ee8cc36731c11b05842cf7161ee1
BSIF,27,0,normal,encrypted_upload,11,499.637289,7651,1185200,3303,0,0x024b46fb96a0977143cdfb2e11ce2872ca5b77f7dac2465ab6e4ce38649c5661
BSIF,27,0,normal,encrypted_upload,12,515.591939,7651,1185200,3304,0,0xeced9c0b3f4777459d26706f9a253a28fd3df2c75714d72474f27ddb02290903
BSIF,27,0,normal,encrypted_upload,13,487.652215,7651,1185200,3305,0,0x526483bdd06a0fb905c7dbac1cb4c9333601980763bc62cd8be29ab65eb5b599
BSIF,27,0,normal,encrypted_upload,14,502.403951,7651,1185200,3306,0,0x89670b8a21a209f9f14a39b7f8ac6ca4ba163529eed550e693d6b225412b3472
BSIF,27,0,normal,encrypted_upload,15,498.715572,7651,1185200,3307,0,0xadf39248f6fb1c65c6e5824b92873290bf40bf0b14ce95fc2418fbced94f9c67
BSIF,27,0,normal,encrypted_upload,16,501.787661,7651,1185200,3308,0,0x76804bcf6bf66b68a15993de50bf3bd3517b91d7e894da85d82273a6c80c8897
BSIF,27,0,normal,encrypted_upload,17,484.860565,7651,1185200,3309,0,0x1c7c225d6a656050cec0b8a50bcf48b8ec3cfb49dbe5dd0be53a6f3eac994071
BSIF,27,0,normal,encrypted_upload,18,500.386592,7651,1185200,3310,0,0xdc606e5d9f61ca0f05f1aa77024d451405eb7e67a5ccd004066a516268cffc60
BSIF,27,0,normal,encrypted_upload,19,501.944134,7651,1185200,3311,0,0x178d0304af015ac1a1a1da114d5cc4ffc71e9536ea0ce6d6fa6328b687a225eb
BSIF,27,0,normal,encrypted_upload,20,504.016194,7651,1185200,3312,0,0xf99593f96f27776e9731e9eb010762303104fd9d04f17311a13034ce5992f207
BSIF,27,0,normal,encrypted_upload,21,501.478970,7651,1185200,3313,0,0xc08907175090e02cdf15a3094fe5a438dccfa787f35743f8e4b38950d760afe9
BSIF,27,0,normal,encrypted_upload,22,537.165445,7651,1185200,3314,0,0x86912d45ca19c1ca8caf70a17dd29c219f4516136d5618fda746aae1c82ab08e
BSIF,27,0,normal,encrypted_upload,23,466.414852,7651,1185200,3315,0,0x658c5e7bb17df84c8ac9fdbc9f8113b8d66fe58ab7208eeee1f78746ddce84bb
BSIF,27,0,normal,encrypted_upload,24,501.568435,7651,1185200,3316,0,0x823992d694ad716e8c0f831276d58d0a3e1e8170ccd2f32db98a5cd829e5eb0c
BSIF,27,0,normal,encrypted_upload,25,502.084448,7651,1185200,3317,0,0xc1011545cfbf9458b2fc68679c0baa8ba3264de5014666964fde43027acf90f5
BSIF,27,0,normal,encrypted_upload,26,501.667197,7651,1185200,3318,0,0xdeb01ad7fa95e79bcae776887357952b238dda27c9811230b18cd5298f7d3a18
BSIF,27,0,normal,encrypted_upload,27,499.281286,7651,1185200,3319,0,0x8855d2363db69f8e94547d3ff0d3294ceca2d2f049f3eb25172b99dc148a584c
BSIF,27,0,normal,quality_report,28,501.651785,225,18236,3320,0,0x04a444445345003399baff9286d6bf68257dc7d920f541aed18874cc911555ab
BSIF,27,0,normal,reputation_update,29,500.242996,88,7486,3321,0,0x06127f23f7921213baea8332d28f44246d285d1b0f5394f8c3923738f9fb6687
BSIF,27,0,normal,reputation_update,30,502.103121,88,7486,3322,0,0x4f7873ec2740d37fc9062ed60588ad34403067aa1617e677784883a7e7f4c1a2
BSIF,27,0,normal,reputation_update,31,501.767565,88,7486,3323,0,0x17aed72d2240d61bb4a5bc99444b2289bc52298ef9ef13276cb647d5e8bd9231
BSIF,27,0,normal,reputation_update,32,538.960957,88,7486,3324,0,0x5ec5dd776644cd44969cec53b48e0ce7f09d485ba440bfe53ab250ffaf23dbda
BSIF,27,0,normal,reputation_update,33,464.805329,88,7486,3325,0,0xbae7057d1e37dc20d2d6a37740bfce32d4d9ce6e13255b1f4ca1a8d21005af0b
BSIF,27,0,normal,reputation_update,34,501.329848,88,7486,3326,0,0xf33fa8701c5f930c089c6e0fed816a3a62a49ddd7510d60fff6498c0bb9d27a4
BSIF,27,0,normal,reputation_update,35,501.936066,88,7486,3327,0,0xe1a3ede0d67e60660ae854a345420d99e57d85044c9582f5ea4f7a640a8c909b
BSIF,27,0,normal,reputation_update,36,498.861814,88,7486,3328,0,0x5238bd4f327db26e88bbdfed2ee7ad6fb11eb96bfe8227774cd8b76859a0427c
BSIF,27,0,normal,reputation_update,37,502.602416,88,7486,3329,0,0xd6fe1a2b87ae3276fbbc9f3f482f3a839f3da7822817d3bb4ade3acfb8b98fbf
BSIF,27,0,normal,reputation_update,38,502.530156,88,7486,3330,0,0x8d404004e865749403d7d4ba09e17f2679f7f970253877831d27a768adeb3166
BSIF,27,0,normal,reputation_update,39,501.280804,88,7486,3331,0,0xa316d70b24922b6787de4c148014a11091d84592e6b9dbc4c35e5bd3c87ef851
BSIF,27,0,normal,reputation_update,40,501.458312,88,7486,3332,0,0x19e3a732f9b8ddf377354660b94e575db9b321bf8b14dc8c6311fe85b1dbe7e3
BSIF,27,0,normal,reputation_update,41,501.763437,88,7486,3333,0,0x8707bf2994ade6ec0cbc58c9c1c9a1e98eac9b08b51cd91b6f386732b2ccf526
BSIF,27,0,normal,reputation_update,42,523.838784,88,7486,3334,0,0xafad6f8e56b4028383d37e88201fe4a56c02419f361e667facb385f42d9135fc
BSIF,27,0,normal,reputation_update,43,479.749782,88,7486,3335,0,0x2bfef00e330f4c93fa768811e3f22ba4ba062bb3ff654cde80a74761526a7c6b
BSIF,27,0,normal,reputation_update,44,499.007367,88,7486,3336,0,0x21fcf47e2301dc3c7b10524e51a75a3ec3d60f4e8395f282915d10aba99278eb
BSIF,27,0,normal,reputation_update,45,501.664385,88,7486,3337,0,0x96f71d62416585be9feccad81214465e7ce10587066d3040ed7bdcce6b35afc2
BSIF,27,0,normal,reputation_update,46,502.583254,88,7486,3338,0,0xb1b0b7d8620ed7f0c0a8214e0cd7102ea2c55fedda0da22accadce28d0f9e91d
BSIF,27,0,normal,reputation_update,47,502.591538,88,7486,3339,0,0x6b581f0744b4630c735ad6bbd15a2858ced565ad094838411517db0ac7b47c8e
BSIF,27,0,normal,reputation_update,48,497.773012,88,7486,3340,0,0xd8de55b42a1c497b118d92f4482d57743ff20e2b9f9f11fc154ac5c7fe6af62d
BSIF,27,0,normal,reputation_update,49,502.700851,88,7486,3341,0,0x70985670979746768cc29bc4469562daec4336546d12fb63c44fb7fbdb526669
BSIF,27,0,normal,reputation_update,50,501.836912,88,7486,3342,0,0xdbbef2cac0d8ba5456a413278383d7d561635907641c4ad5a13755b2bcb0ba54
BSIF,27,0,normal,reputation_update,51,500.710711,88,7486,3343,0,0x97f21c0f85634cd9537d9814fe197bd537c4294f51628d160e3577959560ae78
BSIF,27,0,normal,reputation_update,52,501.710204,88,7486,3344,0,0x6c530533a74aaeddf1e5b2f8485596760ca8b0c19aca8b9d692a246e1e17afb7
BSIF,27,0,normal,reputation_update,53,501.570851,88,7486,3345,0,0x266d5437099b824f1ccb012e23cec478ee7e2c28c614dd4d75ec0ebbac9f86bd
BSIF,27,0,normal,reputation_update,54,502.906156,88,7486,3346,0,0xb6f4c55928de8489c5921934b7bf8e97a627f16bff191e401299fcbf083fca22
BSIF,27,0,normal,reputation_update,55,501.037840,88,7486,3347,0,0x8ea406ea1379fcbfc8dce739d260e910731d86adf97aca5b09cdc8d7c32c48a3
BSIF,27,0,normal,settle,56,501.277113,225,11065,3348,0,0x32c593221e0a01e4499a22335c14a95c9f1b8fddab4694f1a9f29447e4e15b69
RPPS-TDC,27,0,normal,publish,0,500.808382,609,76767,3349,0,0xca15df4d7e9ada0c3af3cb9546b503c87dbd5b4c1f85f93595979b18535d4906
RPPS-TDC,27,0,normal,encrypted_upload,1,500.013490,7235,1119312,3350,0,0x5a3d6f1844d77d7db022fd143b38f55f5594803a2a27ac8fcb65bb9260b4b2c3
RPPS-TDC,27,0,normal,encrypted_upload,2,503.689036,7235,1119312,3351,0,0xfd8d67164c8874d508c1394b70af2906fc33cff5bbbfa5bddf21bd71899af360
RPPS-TDC,27,0,normal,encrypted_upload,3,498.871374,7235,1119312,3352,0,0xc2ade5520a6aaaa6be5cd0e262b554be834fc20b39bb295b63964e70e2ef8a31
RPPS-TDC,27,0,normal,encrypted_upload,4,513.363201,7235,1119312,3353,0,0xe1ce1ddecef858f423e2b919be9866d9ed264eef4214c7946996d1af3c4f7123
RPPS-TDC,27,0,normal,encrypted_upload,5,493.146081,7235,1119312,3354,0,0x7beaed6c62917415777466fb51cd2ceeb61529f2e568ebaf8b097ab77cfe10d9
RPPS-TDC,27,0,normal,encrypted_upload,6,499.832462,7235,1119312,3355,0,0x262778fdd3e6a841bd51bf584c03b3b0dba69a4ccfb98b121b25dbdce36ec0a5
RPPS-TDC,27,0,normal,encrypted_upload,7,503.384549,7235,1119312,3356,0,0x5410453a3d1baa80b9506e857f9e3bf62be23719c84267bb831a16650be1c14e
RPPS-TDC,27,0,normal,encrypted_upload,8,500.827278,7235,1119312,3357,0,0x95d479446c4f8d637d5b554a24358fd59a16b9f658f9d8bbb8c224b7ed51c8a6
RPPS-TDC,27,0,normal,encrypted_upload,9,502.630282,7235,1119312,3358,0,0xddfc5423e80d1fd62089655185aedbc3d285177d68c4a42ebe0281b93a722ef3
RPPS-TDC,27,0,normal,encrypted_upload,10,500.116696,7235,1119312,3359,0,0x49535284d285c9bcd4ee44f0086ddaf2275714113bfb463099d749edae9a4236
RPPS-TDC,27,0,normal,encrypted_upload,11,504.503812,7235,1119312,3360,0,0x5c69391c284832bb581529e153599be49b3f6dc833e8a16ad4af3e7de1a5457a
RPPS-TDC,27,0,normal,encrypted_upload,12,498.727598,7235,1119312,3361,0,0x74b9aea1605525588f4386564a839818bbc6031374713b48247d45aa42070201
RPPS-TDC,27,0,normal,encrypted_upload,13,503.153511,7235,1119312,3362,0,0x2920bb42d73373d77e53130caede28c72a50b142a72a267a72fe78c5031cc88e
RPPS-TDC,27,0,normal,encrypted_upload,14,515.559550,7235,1119312,3363,0,0x82e2afed59525178384bd1cb4c00bd30c23c2b8c0bcbdd8494466034e9da6c74
RPPS-TDC,27,0,normal,encrypted_upload,15,490.228477,7235,1119312,3364,0,0x9e994eb43bb41e773fc1bd02aa6991a7b6efd1f175d949c8b0405fd4d231bd81
RPPS-TDC,27,0,normal,encrypted_upload,16,501.051055,7235,1119312,3365,0,0xc5b7a3dea07e195aacff0e28b3133fcfe3bef2c8a0c121b39017153c7a12de1d
RPPS-TDC,27,0,normal,encrypted_upload,17,503.617486,7235,1119312,3366,0,0x6f543eb96d064fda22d7f766dc8b524ee93440028b4e32c67795e9d5c8e0c9eb
RPPS-TDC,27,0,normal,encrypted_upload,18,500.895037,7235,1119312,3367,0,0x63d2a72844a1458b9590ba27b7037fe1660d83d6163b88ad0d9dbec8ff4ae2a5
RPPS-TDC,27,0,normal,encrypted_upload,19,545.561286,7235,1119312,3368,0,0xa59b1c60eb19bc755f127ed7eebef9c0c416eed4ea10b7cbe62acd4f0e4f0129
RPPS-TDC,27,0,normal,encrypted_upload,20,455.797696,7235,1119312,3369,0,0x96ad85153534efcb6f5cefdd8052493cc1db986b5d13403c49fb99270c567ca6
RPPS-TDC,27,0,normal,encrypted_upload,21,501.117788,7235,1119312,3370,0,0x122005b83e1b0079e7e6db96bb3594b9c89db6b4a8f9651766d141c73408e655
RPPS-TDC,27,0,normal,encrypted_upload,22,502.130757,7235,1119312,3371,0,0xeaff9d66a57736c4153d1064aec2ffb73c489b8b0483af8d3a43d8805dd44c7f
RPPS-TDC,27,0,normal,encrypted_upload,23,501.855385,7235,1119312,3372,0,0x271a21bfc28e17e424251b4414a45c98d10d29d930e431cf4c53a46a9f501054
RPPS-TDC,27,0,normal,encrypted_upload,24,501.087743,7235,1119312,3373,0,0x3175b98af7f289a21d993cc7d4ec387e7ae9e3581929abe1e861eb4bc5acd93e
RPPS-TDC,27,0,normal,encrypted_upload,25,502.797983,7235,1119312,3374,0,0x47005d976a890c0060747ff720f99876399f21d3b858b40a0b205f32b94de522
RPPS-TDC,27,0,normal,encrypted_upload,26,493.831143,7235,1119312,3375,0,0xfdd51a7f5e12bf31e53b19b66f2670301241643b37d8819ca03aee4070e65616
RPPS-TDC,27,0,normal,encrypted_upload,27,501.450260,7235,1119312,3376,0,0x798bf42cd5278cf8b27c51e345f8538f28abdff4cb6e1ffa17e62826de10a0fe
RPPS-TDC,27,0,normal,trust_update,28,499.805393,225,11089,3377,0,0xf4d8a6b2c5efdb20fa0aa7a12ac4c0da39366ac1901b9f686ee5d76614059630
RPPS-TDC,27,0,normal,selection,29,503.138238,225,16125,3378,0,0xb02b39eb4751186e476f14094986266036fe75c27eec12ec99717194b00608a0
RPPS-TDC,27,0,normal,result,30,528.926713,225,16102,3379,0,0x6ae69659e3f0468486ce1d31297f9725792c57c9f61acb71ea3b8aa6ff020f32
RPPS-TDC,27,0,normal,reputation_update,31,501.031912,88,7486,3380,0,0x564fc77853f699e7781c1c96285a34efaf268c383c74acf3bbc892333d786541
RPPS-TDC,27,0,normal,reputation_update,32,499.367991,88,7486,3381,0,0x24573bcbf890f2f9a46bb554e6974c85ea7071f754943c1e0d3ef822cd274aaa
RPPS-TDC,27,0,normal,reputation_update,33,501.808852,88,7486,3382,0,0xd99df973600228043996219f12f63bfb0167be6e050168d60e0cfade1cdee915
RPPS-TDC,27,0,normal,reputation_update,34,500.359207,88,7486,3383,0,0x6783bdce570a2516f270bae77d1cd8628cb98bdd885d65f9e71c108bd577c38a
RPPS-TDC,27,0,normal,reputation_update,35,505.362563,88,7486,3384,0,0x6e560d50985596792e1973e902853fe4544a9912f7dfcdb62a17401df7569dd3
RPPS-TDC,27,0,normal,reputation_update,36,498.947943,88,7486,3385,0,0xca889122984045f33dbb94cda616ea658b1b39cbae207b0f8915fb8c5188fd49
RPPS-TDC,27,0,normal,reputation_update,37,502.058976,88,7486,3386,0,0x0db01ddce694dbc1f49709a62b389a49003deb61a236169d0658141a79c20859
RPPS-TDC,27,0,normal,reputation_update,38,501.883455,88,7486,3387,0,0xa9a93a199d3ed8ccbe59fbfe009a3ca2dfb30d66b07808ecbca6e2067873ef60
RPPS-TDC,27,0,normal,reputation_update,39,501.804521,88,7486,3388,0,0x0b4bb1397bac8fff4ecf2930d13d1e66e1298a34ec2bc784b03fdf2fd1afef29
RPPS-TDC,27,0,normal,reputation_update,40,499.643049,88,7486,3389,0,0xd38126d29d03e7217d58170b133c93e4973b74fc232f2ac7b6ea30c1a081b6ef
RPPS-TDC,27,0,normal,reputation_update,41,563.085516,88,7486,3390,0,0x263c67901ea11ab2b9ccd7a2e679753c4ad92b82f6f946a13a3a877c72d6809f
RPPS-TDC,27,0,normal,reputation_update,42,458.151408,88,7486,3391,0,0x1d5203bd3fe1d64826100a1a3d5cda2b52428ce3b9ba226bf3a96278901589dd
RPPS-TDC,27,0,normal,reputation_update,43,500.120499,88,7486,3392,0,0x5ca200d9e11d7b3fe6afb77ec5d69f654791969f36f87b972f733cc72f5892c7
RPPS-TDC,27,0,normal,reputation_update,44,501.504969,88,7486,3393,0,0x4fb6c9936e76e5a2781562be47a1ff72f667e01319daffcabe01684412f90d26
RPPS-TDC,27,0,normal,reputation_update,45,500.478025,88,7486,3394,0,0xb5f5b6888b90b577aee62209d73c12a8d6dc92218245b669669a962c3b287e5d
RPPS-TDC,27,0,normal,reputation_update,46,502.127219,88,7486,3395,0,0x5339716b26544915947ff012f19d84b1f4153b42e372f907418063a50ff892d9
RPPS-TDC,27,0,normal,reputation_update,47,497.651133,88,7486,3396,0,0x5eb96361379fd6659147d8b118f903733abd6f3dc6635b03698c81e97efe4324
RPPS-TDC,27,0,normal,reputation_update,48,498.362051,88,7486,3397,0,0x690597f2e1370b21cb3b8dc61f23ceb1d6851ff6f16b68ca5136ecff4e9f1502
RPPS-TDC,27,0,normal,reputation_update,49,501.758234,88,7486,3398,0,0x80484a830fdd0b80df668be52339917a58ec662aff892936c46dcd08c88ffb4d
RPPS-TDC,27,0,normal,reputation_update,50,503.024321,88,7486,3399,0,0x0c49bbea03b53582cf6a995046bad631c8edf746aef8d743d5492e562ebab10e
RPPS-TDC,27,0,normal,reputation_update,51,503.435287,88,7486,3400,0,0x02754fe3077a4ec9929f996617cf10e5a5f4b2ac823339cea0495b08eb8eb56a
RPPS-TDC,27,0,normal,reputation_update,52,496.257263,88,7486,3401,0,0xd876fb46239433c1e1148051f154b5ceebed2a396dda00700934145fbef30d75
RPPS-TDC,27,0,normal,reputation_update,53,503.180250,88,7486,3402,0,0xdbd2ec950124acf53fab96495ae6a97e0ebee446be04cc9613474dd849989020
RPPS-TDC,27,0,normal,reputation_update,54,537.292677,88,7486,3403,0,0x1603a53d6cb99749bc1438a94e8763d6620f5ec06f9924d88976dc4926f4ecc4
RPPS-TDC,27,0,normal,reputation_update,55,464.196301,88,7486,3404,0,0x3eee3d14e6fe2d281ac07eccff8f1593c5375b585a1edb2538693c15688d2b32
RPPS-TDC,27,0,normal,reputation_update,56,597.949108,88,7486,3405,0,0xb07ee1ba849fd7cff0548112f65824eccdd28a86ed2e2be955e606980bb5b156
RPPS-TDC,27,0,normal,reputation_update,57,507.239039,88,7486,3406,0,0xbca16a5749e41e8b2efa810cadea5aadba1b709dd55d7e28abe83f3590a3ee69
RPPS-TDC,27,0,normal,settle,58,401.002389,225,11065,3407,0,0xc2ae5759065843f6a36d7d23a95e6c54a80417d280f97e32dedc04f23361469a
IRPP-TD,27,0,proactive,publish,0,498.941927,289,16552,3408,0,0xb357cb88584f4c40264d52f395e8986677f1861f06fe6496e7782b3d5d4b038e
IRPP-TD,27,0,proactive,credential_refresh,1,500.406424,289,28406,3409,0,0xf9b28efee592ad5e8fd07349064a55c750a0d8bdf2a4e765b15a6b3e45982cac
IRPP-TD,27,0,proactive,credential_refresh,2,631.923888,289,28406,3410,0,0x5861f67d38b4cb03b4330e7598c5ce2a3116f32240c3b3307f7d1230f636af68
IRPP-TD,27,0,proactive,credential_refresh,3,503.078114,289,28406,3411,0,0x930043ae061ec0aa8f02642bb1d6a20c55232d69daaf4d907c651cd778be53c4
IRPP-TD,27,0,proactive,credential_refresh,4,502.429912,289,28406,3412,0,0x16544fc1a441817be8e9efbc4fc6bfdc28ae632f33f3eccfbc8ef2bd60c5df58
IRPP-TD,27,0,proactive,credential_refresh,5,537.213981,289,28406,3413,0,0xd8d2c0a5b659fed8a41532e82281a2deb629cdcd7729c1cc514ace0e24a354b3
IRPP-TD,27,0,proactive,credential_refresh,6,464.245791,289,28406,3414,0,0xb103a36b5fe92824746390994e15f81c1029f9e9758b479c02a567efbe8569a3
IRPP-TD,27,0,proactive,credential_refresh,7,476.190785,289,28406,3415,0,0x1b0139e67382cde9c2b8de0f462c48f592306ab52f5e9740a933beb6942d26d0
IRPP-TD,27,0,proactive,credential_refresh,8,503.631630,289,28406,3416,0,0x70ef784d4076170b04d5964c4e0ee5d6e4e8154d876db942ab29e307a76c04e0
IRPP-TD,27,0,proactive,credential_refresh,9,500.996341,289,28406,3417,0,0xca7b493cbe74c38198e0c3a3cf6dc23f3cdd30e4d4ea2993ac703e1ec3e5ee45
IRPP-TD,27,0,proactive,credential_refresh,10,503.021493,289,28406,3418,0,0x712147ad89caa073a63021c74864b74f9ae7e1754941202ffed740aa10ccd18a
IRPP-TD,27,0,proactive,credential_refresh,11,502.536507,289,28406,3419,0,0x9cdcdde096a5a13abdf9c73de6b719eb65155a46cb860d8aaceedcf19ef5a1d6
IRPP-TD,27,0,proactive,credential_refresh,12,499.279368,289,28406,3420,0,0xd8f773269f6dcd1bd48bb0ec4a4539cab55cb1158244c89636d914df3f7934fc
IRPP-TD,27,0,proactive,credential_refresh,13,502.474811,289,28406,3421,0,0x8cef85a5b541622fad09581fd0a82712a24b94e2b16827ef9f2cf9790122b622
IRPP-TD,27,0,proactive,credential_refresh,14,460.276312,289,28406,3422,0,0xe7756650237050bf1108f2923a21ff4bc461dd0314d6bfd8ff33141f0527c77a
IRPP-TD,27,0,proactive,credential_refresh,15,541.210796,289,28406,3423,0,0xd3f2602e4260e29b2cce7dd9e15c4f5e326554fde27136802534a28689f43f92
IRPP-TD,27,0,proactive,credential_refresh,16,462.845407,289,28406,3424,0,0xec3c079d3cffd1d4de870fb4bde42048f45b5ae61efb3dd7d0350b6bc809d6c7
IRPP-TD,27,0,proactive,credential_refresh,17,546.280376,289,28406,3425,0,0x6edefbf00cb7bc446d8e95de80d348311aeaf01c80f7019999b017804974f655
IRPP-TD,27,0,proactive,credential_refresh,18,457.732911,289,28406,3426,0,0xd1be4d5a137f9450676e428d43824a9f86ac37658344cc1417a3d4249647bb7d
IRPP-TD,27,0,proactive,credential_refresh,19,499.236927,289,28406,3427,0,0x1ac935c3905c4891846c39df2a2ce411391466803fa01b98305c67ff43b952ed
IRPP-TD,27,0,proactive,credential_refresh,20,502.408098,289,28406,3428,0,0x8a344f53252b118867df276cdbfe7d72e60bea4850620cf99f563dcf6dabe72d
IRPP-TD,27,0,proactive,credential_refresh,21,500.526294,289,28406,3429,0,0x533d3af24bc906dd61c2aaba0dd7c97bb1a6106f5819c3d4caf17e0aef44686a
IRPP-TD,27,0,proactive,credential_refresh,22,502.490120,289,28406,3430,0,0xf5fb86fe28ee6a434218083566138a9bf0da8b03f01c28a6279c1e01564e2712
IRPP-TD,27,0,proactive,credential_refresh,23,499.708037,289,28406,3431,0,0x83c3bb68f34d4b2c38454f580b17ae66d191fb20cab3bafc315ce23473a831db
IRPP-TD,27,0,proactive,credential_refresh,24,498.841586,289,28406,3432,0,0x265a62acbae4696b8a531f525c5228e7cea0ff4527f8a28ebb157f9cbb564309
IRPP-TD,27,0,proactive,credential_refresh,25,537.469519,289,28406,3433,0,0x4a6f7b3207f6b421b3fc581512e45df3c9fb29deb546820371774ae8f2ef3835
IRPP-TD,27,0,proactive,credential_refresh,26,468.087985,289,28406,3434,0,0x21f6ecbe4ed0d536e708971fcb2cd101f365fec855ac90490b834c3ccb13a0fc
IRPP-TD,27,0,proactive,credential_refresh,27,500.268713,289,28406,3435,0,0x72a1a10c818e89c1e142c981c282c22a72a8e7e21df5e900885d671789f86fc4
IRPP-TD,27,0,proactive,input_close,28,503.511681,289,18647,3436,0,0xf2d969ec035b34437dfe6a4c92e8bac96076a7c0e2ea625067e036c3fa53e256
IRPP-TD,27,0,proactive,output_commit,29,501.275132,353,26871,3437,0,0xf34fbc85b6f80aae51efb2b5348882ef5a7f10220da07ba7782332d796771771
IRPP-TD,27,0,proactive,audit_vote,30,500.149260,353,38086,3438,0,0xae9ba5a62225578d7d51ad867b291b2bc631e311d934106a79094cdc95382f38
IRPP-TD,27,0,proactive,audit_vote,31,501.978518,353,38086,3439,0,0xa1b9e03bf7a05086eadbfded943e6848394e41742353623ae3592a02267d6ddb
IRPP-TD,27,0,proactive,audit_vote,32,503.169797,353,57541,3440,0,0x1e4e32be8f4d18452019ddc87a4e9870bcb1c4c87480f928267d3582482a6834
IRPP-TD,27,0,proactive,audit_vote,33,501.703772,353,57541,3441,0,0x78c30ee7f58a2a86cfb763b38c80747889285497ce3a02e78be29a79a54ebe62
IRPP-TD,27,0,proactive,audit_vote,34,502.049132,353,57541,3442,0,0x14750b88337ebf533c110fc470b5b0dacaca67011732b07dd085f8161e0beb42
IRPP-TD,27,0,proactive,settle,35,515.788102,225,15648,3443,0,0xcb8cac7cf01ef9c12baae5dabb0893d1f30a01713693fbf673b21fc694c2fe24
IRPP-TD,27,0,challenged,publish,0,486.103909,289,16552,3444,0,0x20e2b7755be03f7a872de83f37e07eb042e31334402f977696d36beaa577daa6
IRPP-TD,27,0,challenged,credential_refresh,1,500.791693,289,28406,3445,0,0xacc8ae4571979b55786536feb4af5113b6e8a1f0eeed85ca63801ab41c2c3e04
IRPP-TD,27,0,challenged,credential_refresh,2,502.409177,289,28406,3446,0,0xfbc4c2f2763e037ed1d531cb928fb996511a727c5345ca52df7ae59e03a8b459
IRPP-TD,27,0,challenged,credential_refresh,3,502.855721,289,28406,3447,0,0xaaf64ef6527bbb66b231acc2a24b5844e897106a7566664556b626610a2db453
IRPP-TD,27,0,challenged,credential_refresh,4,502.716947,289,28406,3448,0,0x79523857468d41cb9d5c1795197b30500b99b2231492f1e6c3aa021559e29376
IRPP-TD,27,0,challenged,credential_refresh,5,501.014413,289,28406,3449,0,0xf5ccdadaef0f9c494de30aa3a4a64d2aea99d358969ee13048c385a737649929
IRPP-TD,27,0,challenged,credential_refresh,6,502.654773,289,28406,3450,0,0x97b77a4e4fb2edf33d906a90d793b095c39e06ed392f4b1a9af883c99644c144
IRPP-TD,27,0,challenged,credential_refresh,7,499.788431,289,28406,3451,0,0xffd9368e56628939de2b691081f354d3a70b0ef1389cc82a4017d7e4a50e0797
IRPP-TD,27,0,challenged,credential_refresh,8,503.007105,289,28406,3452,0,0xee2d1ab9c2b248cfe484be7df57c5e8d40d8f4795a0b45247a8409ac87f78426
IRPP-TD,27,0,challenged,credential_refresh,9,507.322954,289,28406,3453,0,0xa9782b4a30979be7e411b17f3038f846b4314b9a2d5e99c95557dc49021bc1bf
IRPP-TD,27,0,challenged,credential_refresh,10,570.528485,289,28406,3454,0,0xee70d4473f647685fe7a5355c29b4b3b0375b6a340be70aebf49de7052ca7ca5
IRPP-TD,27,0,challenged,credential_refresh,11,426.066392,289,28406,3455,0,0x68a4c942d852f9451e88c7d72963d52f3e544342efbe8d7584554bb8ea799eb4
IRPP-TD,27,0,challenged,credential_refresh,12,503.830735,289,28406,3456,0,0x0087612118f78199a66bfa8708b3cb3e0bf8a90739b1e640c35516b913b0eef8
IRPP-TD,27,0,challenged,credential_refresh,13,498.566113,289,28406,3457,0,0xee44e22515a5c9ae829482d44839bcf6f2c37781c3c5f221e304497e45741c21
IRPP-TD,27,0,challenged,credential_refresh,14,546.280182,289,28406,3458,0,0x303eb2a8e5140ea96c49ff278c61fd062c0d010a36ab2d01217d7434d36c2185
IRPP-TD,27,0,challenged,credential_refresh,15,490.222377,289,28406,3459,0,0x96fe68e4cbede0a34be93bb2c9e96dcb78304155f160d487a7b9fc8d9abe0918
IRPP-TD,27,0,challenged,credential_refresh,16,500.120172,289,28406,3460,0,0x5daee6a7572e280c1693f759fd1c6ebbbbea68b48982bab4b4eb523f3916004f
IRPP-TD,27,0,challenged,credential_refresh,17,502.048242,289,28406,3461,0,0xc6dc6c5666a70a27cf20fa77339a31ca69ffc7df8dfe31abdf8026466296e31c
IRPP-TD,27,0,challenged,credential_refresh,18,500.293090,289,28406,3462,0,0xe51ba74de899f6e12e7cfb2e3511ac8924eac557ccc939f605228a400f17f7d7
IRPP-TD,27,0,challenged,credential_refresh,19,515.674618,289,28406,3463,0,0xd64025fc428963ba10a0f747a5b35ec53eb20b822a34c61a77a955e7ef17071b
IRPP-TD,27,0,challenged,credential_refresh,20,486.541965,289,28406,3464,0,0x27853e696d7b95919c3a704768ab6dd815e879d977f12a723a18b17b40754362
IRPP-TD,27,0,challenged,credential_refresh,21,502.154748,289,28406,3465,0,0x46bfae1e91304c00ad68dc84c8be38baf91a37bc0746b802df369be512db67c9
IRPP-TD,27,0,challenged,credential_refresh,22,501.962044,289,28406,3466,0,0xbb3594002b92f568b74527b75bedab5044d25fa646ae81d638b2801bea001c78
IRPP-TD,27,0,challenged,credential_refresh,23,500.594329,289,28406,3467,0,0x4c8b5184e266c25ff927cd0b482efc72b32d17741a8c4f831e45c44c78101bcd
IRPP-TD,27,0,challenged,credential_refresh,24,502.809558,289,28406,3468,0,0x4a275975f3740712adee18a6517a3eb5a3d70078771d5d7f850c1732d723d5e0
IRPP-TD,27,0,challenged,credential_refresh,25,502.405901,289,28406,3469,0,0xae9b775e33b772048c9e714e136a9290184b98a34b78ea85519aa5c05e3e250d
IRPP-TD,27,0,challenged,credential_refresh,26,504.800223,289,28406,3470,0,0x9b48f1d63fd825f05d1f88085404650dceff5d5f6a6cf8178a0f6027ee0d4e7f
IRPP-TD,27,0,challenged,credential_refresh,27,501.273386,289,28406,3471,0,0x531889179f0a1b0ddc26e9d68c2e7c7fc720441e9c4cc91e151379493458f9f9
IRPP-TD,27,0,challenged,input_close,28,541.458158,289,18647,3472,0,0x43472a1265fa09b657430096098589bc5925117ff93c69b86122a411172dfa09
IRPP-TD,27,0,challenged,output_commit,29,535.924545,353,26871,3473,0,0xb4a2cc426d97f049a8c3aaf966af73dc6cae05fb64a613fc4760ea580bdb386e
IRPP-TD,27,0,challenged,challenge,30,473.591408,289,11656,3474,0,0x15d31c0d97164698e7aa8f7bbb8c9d734057fd83bdc0eb25df6ec1ce0a819670
IRPP-TD,27,0,challenged,audit_vote,31,499.504622,353,38086,3475,0,0xd1faf26546c0729abd244d2d4e9c19579a3b929cde43043633f979a22f1e50c2
IRPP-TD,27,0,challenged,audit_vote,32,504.581886,353,38086,3476,0,0x2f661f48099aa52b6ea05561b3f93318d8ec9fc64177338543c23fbe221c415a
IRPP-TD,27,0,challenged,audit_vote,33,500.071248,353,57541,3477,0,0x083464489df8d42c69e57a300186b6e612f5e9591a94d135a91406056ebb5e95
IRPP-TD,27,0,challenged,audit_vote,34,499.541602,353,57541,3478,0,0xae2cb89a19df9c4a563f8e6fef11a04a20cb912ef33022ca42d557c1d3c94bf3
IRPP-TD,27,0,challenged,audit_vote,35,500.282224,353,57541,3479,0,0xe59bb4bae26c5dd728c6235e513ece74ce4b4e30ad7dc2e36fb268dc7ec2861f
IRPP-TD,27,0,challenged,settle,36,548.750910,225,15648,3480,0,0x52cdeec5111e5d9d8f3f301456d3c7b166389e63129611d1e13e2a4da10469cf
IRPP-TD,27,0,delayed,publish,0,468.014631,289,16552,3481,0,0xfa5334b689c2997cbe1dd2972e8ebfaac301c58e98234955f8e1c32064c00f54
IRPP-TD,27,0,delayed,credential_refresh,1,500.418543,289,28406,3482,0,0x6192eb190fa052c872fdbc3d567310e5f53fe2ab015026c5f027b4e13aecf4c8
IRPP-TD,27,0,delayed,credential_refresh,2,537.457262,289,28406,3483,0,0x5da3712c6c882ef0ca1f07120ef9c7c929619f019842f1add55ee4b43569e3e0
IRPP-TD,27,0,delayed,credential_refresh,3,465.015729,289,28406,3484,0,0xbde58f05bfdd3c7c980bb77d399b4dded19f08c163fe63a2e11329e15eb8eb65
IRPP-TD,27,0,delayed,credential_refresh,4,501.252107,289,28406,3485,0,0x4403bcb8ba236faf53c91e81b42f873af82aac78d8ae2d5c2b7d2f357bb38b54
IRPP-TD,27,0,delayed,credential_refresh,5,503.122062,289,28406,3486,0,0x6a9b8fd7919a8ec80a0483cfb74595da2d00ef89ab837037382ae582c10b2ea8
IRPP-TD,27,0,delayed,credential_refresh,6,501.141541,289,28406,3487,0,0x869a3c2cfcb242d6b54fdcb2efd49a30f3fec5085fc00dc24dad5a8d06a04b6c
IRPP-TD,27,0,delayed,credential_refresh,7,501.506818,289,28406,3488,0,0x834d4dfc92ee464052f5bbefeeba0801789161266c12cec59d58596d6f8122af
IRPP-TD,27,0,delayed,credential_refresh,8,501.124776,289,28406,3489,0,0xe4b75bb941f4f6b93a0c87fc47538e90a47b1e31d348902deccab3f31f34c3d3
IRPP-TD,27,0,delayed,credential_refresh,9,504.546497,289,28406,3490,0,0x5965b6fb35fe55cd7093e57517bdb57aaefdb928b0b9996c3ab0bb8fef6a6536
IRPP-TD,27,0,delayed,credential_refresh,10,498.959703,289,28406,3491,0,0xadb0dabc557fc72739fdcf337641669ea112d4d7216692b90ab560b0066af723
IRPP-TD,27,0,delayed,credential_refresh,11,503.561519,289,28406,3492,0,0x97305f6f629541c9392dee024356d134678357f6e37fddab119c3c9882e332d1
IRPP-TD,27,0,delayed,credential_refresh,12,536.023779,289,28406,3493,0,0x60117eb08831414533bef27a6be2c80e3cee94b2a10a5dcfce2fa4ee11353b4e
IRPP-TD,27,0,delayed,credential_refresh,13,467.161346,289,28406,3494,0,0xbb72aa139025bd0bb75d964883657516ed79cb8b45de41454cab48aac8421ac1
IRPP-TD,27,0,delayed,credential_refresh,14,499.172962,289,28406,3495,0,0xdfd0f5083585c9552dff0ad1900f2e76907e1aaeb0d2c5c02578f9a683fdb1a0
IRPP-TD,27,0,delayed,credential_refresh,15,502.486853,289,28406,3496,0,0xe4c89ef62bbf5e62255242fc2d5b1c866b022741902cb516e6c6f61a707add69
IRPP-TD,27,0,delayed,credential_refresh,16,501.115630,289,28406,3497,0,0x7a1b4b31a8c79de377d375aa03576721bcfa6f43042830a7345cac38048a6f8c
IRPP-TD,27,0,delayed,credential_refresh,17,501.707219,289,28406,3498,0,0x77b5829a4c39ba80ddfe643b89a1f87fc21d4774bbf0ae279b0f29c49c148031
IRPP-TD,27,0,delayed,credential_refresh,18,502.289667,289,28406,3499,0,0x1119254cffd5587004ca0bd2107dd97e635c57c20692df8c50f51fffa9e31bcc
IRPP-TD,27,0,delayed,credential_refresh,19,498.432262,289,28406,3500,0,0x795aee4476ed49bbc30514659837e2ae07be204d9cb9a5badb12613e6e3a0d58
IRPP-TD,27,0,delayed,credential_refresh,20,540.644784,289,28406,3501,0,0xe0720465f0ca95b25c381ad11372221bb401a0bf7395d325a5b27f784cf7406d
IRPP-TD,27,0,delayed,credential_refresh,21,501.728250,289,28406,3502,0,0xf49602e98949a61e895a9789eabe64564c5ddf1cb58e2660d796c64878de6ed0
IRPP-TD,27,0,delayed,credential_refresh,22,537.187383,289,28406,3503,0,0x4cc2706b7c220fe21b1a8c2b35fbd2de6aa6f175429943d6ea7d181d880122c8
IRPP-TD,27,0,delayed,credential_refresh,23,465.498719,289,28406,3504,0,0x557b49ff0bfb8c72e7844a63e6577370da2e872d9231dd5a3e8d1c5e8ea5cd01
IRPP-TD,27,0,delayed,credential_refresh,24,499.573436,289,28406,3505,0,0xbddecb4b0ba3907d250f0347fb5d9a9ab2cccf914077d0b38b048fa19b9b7336
IRPP-TD,27,0,delayed,credential_refresh,25,501.216555,289,28406,3506,0,0x5e1a63143f9def603618f577446aadef11c0f18d1cb40d66ba625482386ffd8a
IRPP-TD,27,0,delayed,credential_refresh,26,540.238780,289,28406,3507,0,0xa46ca45d48a0c13dac809683c932d3334966b5aa7c61adf5938b8c6459167910
IRPP-TD,27,0,delayed,credential_refresh,27,501.428137,289,28406,3508,0,0x638a4e94bf79836e37a1b7bc37eafb76e25988226cb4f641177ae2937b3b98e7
IRPP-TD,27,0,delayed,input_close,28,518.708630,289,18647,3509,0,0xac823a4b8f46020a13b39fa9a5a7b123299f81accce71e65ef7a207cdbe65844
IRPP-TD,27,0,delayed,output_commit,29,498.539646,353,26871,3510,0,0x6c2f13dbcb3161f2894d04cbd7e3a8e7fcabdb7542251ba4474973b740a25eed
IRPP-TD,27,0,delayed,challenge,30,499.204440,289,11656,3511,0,0x5c6633bfb6f7f23315a58fdcfa756bc1f7b05f6c1e656a7eb54ee6ffdc6f1ee7
IRPP-TD,27,0,delayed,audit_vote,31,501.406441,353,38086,3512,0,0xf5f0d2fa63496e4f36cfae39ee91e6dc162aea40a811cc19bee1a9cbdb168263
IRPP-TD,27,0,delayed,audit_vote,32,518.638625,353,38086,3513,0,0xe5008f3b0d07742ac51c2c961244856f86f85554989b7fafed33fecbb8993bea
IRPP-TD,27,0,delayed,audit_vote,33,483.446751,353,57541,3514,0,0x3758aa88bf83e21ac51f1c516c163c109ea537f68802d8d9796bcae2ebda7a54
IRPP-TD,27,0,delayed,audit_vote,34,503.782922,353,57541,3515,0,0xd4a3a7797739c193e5f181d50326bc5352638f367384c4a17a930ded011f9619
IRPP-TD,27,0,delayed,audit_vote,35,501.274222,353,57541,3516,0,0xcb9579792d40fc99e23774a19482fbbd1ee04f4ad2ec435223f6e9c137bef15c
IRPP-TD,27,0,delayed,settle,36,499.362015,225,15648,3517,0,0xc382536bc1dd07eb95dedaccec2d30e83d8b7b8b9b7cff4bc11b7201fa5eddd3
